-- ============================================================
-- CLUBES DE LECTURA - BASE DE DATOS TRANSACCIONAL
-- Archivo: 06_inserts.sql
-- Descripcion: Datos de prueba para todas las tablas
-- Prefijo: CASJ_
-- ============================================================

-- ============================================================
-- PAISES
-- ============================================================
INSERT INTO casj_paises (id_pais, nombre, gentilicio, moneda) VALUES (1, 'Japon', 'Japones', 'JPY');
INSERT INTO casj_paises (id_pais, nombre, gentilicio, moneda) VALUES (2, 'Brasil', 'Brasileno', 'BRL');
INSERT INTO casj_paises (id_pais, nombre, gentilicio, moneda) VALUES (3, 'Canada', 'Canadiense', 'CAD');
INSERT INTO casj_paises (id_pais, nombre, gentilicio, moneda) VALUES (4, 'Italia', 'Italiano', 'EUR');
INSERT INTO casj_paises (id_pais, nombre, gentilicio, moneda) VALUES (5, 'Francia', 'Frances', 'EUR');
INSERT INTO casj_paises (id_pais, nombre, gentilicio, moneda) VALUES (6, 'Alemania', 'Aleman', 'EUR');
INSERT INTO casj_paises (id_pais, nombre, gentilicio, moneda) VALUES (7, 'Mexico', 'Mexicano', 'MXN');
INSERT INTO casj_paises (id_pais, nombre, gentilicio, moneda) VALUES (8, 'Colombia', 'Colombiano', 'COP');
INSERT INTO casj_paises (id_pais, nombre, gentilicio, moneda) VALUES (9, 'Espana', 'Espanol', 'EUR');

-- ============================================================
-- IDIOMAS
-- ============================================================
INSERT INTO casj_idiomas (id_idioma, nombre) VALUES (1, 'Espanol');
INSERT INTO casj_idiomas (id_idioma, nombre) VALUES (2, 'Ingles');
INSERT INTO casj_idiomas (id_idioma, nombre) VALUES (3, 'Frances');
INSERT INTO casj_idiomas (id_idioma, nombre) VALUES (4, 'Japones');
INSERT INTO casj_idiomas (id_idioma, nombre) VALUES (5, 'Portugues');
INSERT INTO casj_idiomas (id_idioma, nombre) VALUES (6, 'Italiano');
INSERT INTO casj_idiomas (id_idioma, nombre) VALUES (7, 'Aleman');

-- ============================================================
-- PAIS_IDIOMA
-- ============================================================
INSERT INTO casj_pais_idioma (id_pais, id_idioma) VALUES (1, 4);
INSERT INTO casj_pais_idioma (id_pais, id_idioma) VALUES (2, 5);
INSERT INTO casj_pais_idioma (id_pais, id_idioma) VALUES (3, 2);
INSERT INTO casj_pais_idioma (id_pais, id_idioma) VALUES (3, 3);
INSERT INTO casj_pais_idioma (id_pais, id_idioma) VALUES (4, 6);
INSERT INTO casj_pais_idioma (id_pais, id_idioma) VALUES (5, 3);
INSERT INTO casj_pais_idioma (id_pais, id_idioma) VALUES (6, 7);
INSERT INTO casj_pais_idioma (id_pais, id_idioma) VALUES (7, 1);
INSERT INTO casj_pais_idioma (id_pais, id_idioma) VALUES (8, 1);
INSERT INTO casj_pais_idioma (id_pais, id_idioma) VALUES (9, 1);

-- ============================================================
-- CIUDADES
-- ============================================================
INSERT INTO casj_ciudades (id_ciudad, id_pais, nombre) VALUES (1, 1, 'Tokio');
INSERT INTO casj_ciudades (id_ciudad, id_pais, nombre) VALUES (2, 1, 'Osaka');
INSERT INTO casj_ciudades (id_ciudad, id_pais, nombre) VALUES (3, 2, 'Sao Paulo');
INSERT INTO casj_ciudades (id_ciudad, id_pais, nombre) VALUES (4, 2, 'Rio de Janeiro');
INSERT INTO casj_ciudades (id_ciudad, id_pais, nombre) VALUES (5, 3, 'Montreal');
INSERT INTO casj_ciudades (id_ciudad, id_pais, nombre) VALUES (6, 3, 'Vancouver');
INSERT INTO casj_ciudades (id_ciudad, id_pais, nombre) VALUES (7, 4, 'Milan');
INSERT INTO casj_ciudades (id_ciudad, id_pais, nombre) VALUES (8, 5, 'Paris');
INSERT INTO casj_ciudades (id_ciudad, id_pais, nombre) VALUES (9, 9, 'Madrid');

-- ============================================================
-- INSTITUCIONES
-- ============================================================
INSERT INTO casj_instituciones (id_institucion, nombre, tipo) VALUES (1, 'Biblioteca Nacional de Tokio', 'BIBLIOTECA');
INSERT INTO casj_instituciones (id_institucion, nombre, tipo) VALUES (2, 'Universidad de Osaka', 'UNIVERSIDAD');
INSERT INTO casj_instituciones (id_institucion, nombre, tipo) VALUES (3, 'Biblioteca Municipal de Sao Paulo', 'BIBLIOTECA');
INSERT INTO casj_instituciones (id_institucion, nombre, tipo) VALUES (4, 'Universidad de Montreal', 'UNIVERSIDAD');

-- ============================================================
-- CLUBES
-- ============================================================
INSERT INTO casj_clubes (id_club, nombre, direccion, cod_postal, cuota_membresia, id_ciudad, id_institucion) VALUES (1, 'Tokio Readers Club', 'Chiyoda-ku 1-1-1', '100-0001', 'S', 1, 1);
INSERT INTO casj_clubes (id_club, nombre, direccion, cod_postal, cuota_membresia, id_ciudad, id_institucion) VALUES (2, 'Osaka Literary Society', 'Namba 3-5-7', '542-0076', 'N', 2, 2);
INSERT INTO casj_clubes (id_club, nombre, direccion, cod_postal, cuota_membresia, id_ciudad, id_institucion) VALUES (3, 'Clube do Livro de Sao Paulo', 'Rua Augusta 200', '01305-000', 'S', 3, 3);
INSERT INTO casj_clubes (id_club, nombre, direccion, cod_postal, cuota_membresia, id_ciudad, id_institucion) VALUES (4, 'Leituras Cariocas', 'Av. Atlantica 500', '22010-000', 'S', 4, NULL);
INSERT INTO casj_clubes (id_club, nombre, direccion, cod_postal, cuota_membresia, id_ciudad, id_institucion) VALUES (5, 'Montreal Bookworms', '845 Rue Sherbrooke', 'H3A 0G4', 'N', 5, 4);
INSERT INTO casj_clubes (id_club, nombre, direccion, cod_postal, cuota_membresia, id_ciudad, id_institucion) VALUES (6, 'Vancouver Pages', '350 West Georgia St', 'V6B 6B1', 'S', 6, NULL);
INSERT INTO casj_clubes (id_club, nombre, direccion, cod_postal, cuota_membresia, id_ciudad, id_institucion) VALUES (7, 'Milano Lettori', 'Via Dante 14', '20121', 'S', 7, NULL);
INSERT INTO casj_clubes (id_club, nombre, direccion, cod_postal, cuota_membresia, id_ciudad, id_institucion) VALUES (8, 'Cercle Litteraire de Paris', '12 Rue de Rivoli', '75001', 'S', 8, NULL);

-- ============================================================
-- ASOCIADOS
-- ============================================================
INSERT INTO casj_asociados (id_club, id_club_asociado) VALUES (1, 2);
INSERT INTO casj_asociados (id_club, id_club_asociado) VALUES (3, 4);
INSERT INTO casj_asociados (id_club, id_club_asociado) VALUES (5, 6);
INSERT INTO casj_asociados (id_club, id_club_asociado) VALUES (7, 8);

-- ============================================================
-- REPRESENTANTES
-- ============================================================
INSERT INTO casj_representantes (id_representante, nombre, apellido, doc_identidad) VALUES (1, 'Kenji', 'Tanaka', 'JP-REP-001');
INSERT INTO casj_representantes (id_representante, nombre, apellido, doc_identidad) VALUES (2, 'Maria', 'Silva', 'BR-REP-002');
INSERT INTO casj_representantes (id_representante, nombre, apellido, doc_identidad) VALUES (3, 'Pierre', 'Dubois', 'CA-REP-003');
INSERT INTO casj_representantes (id_representante, nombre, apellido, doc_identidad) VALUES (4, 'Anna', 'Rossi', 'IT-REP-004');
INSERT INTO casj_representantes (id_representante, nombre, apellido, doc_identidad) VALUES (5, 'Carlos', 'Mendez', 'MX-REP-005');
INSERT INTO casj_representantes (id_representante, nombre, apellido, doc_identidad) VALUES (6, 'Luciana', 'Ferreira', 'BR-REP-006');
INSERT INTO casj_representantes (id_representante, nombre, apellido, doc_identidad) VALUES (7, 'Sophie', 'Martin', 'FR-REP-007');
INSERT INTO casj_representantes (id_representante, nombre, apellido, doc_identidad) VALUES (8, 'Hiroshi', 'Yamamoto', 'JP-REP-008');
INSERT INTO casj_representantes (id_representante, nombre, apellido, doc_identidad) VALUES (9, 'Jean', 'Tremblay', 'CA-REP-009');

-- ============================================================
-- MIEMBROS LECTORES
-- ============================================================
INSERT INTO casj_miembros_lectores (id_miembro, primer_nombre, segundo_nombre, primer_apellido, segundo_apellido, fecha_nacimiento, email, telefono, doc_identidad, id_pais_nacionalidad, id_representante) VALUES (1, 'Maria', NULL, 'Sanchez', 'Molina', TO_DATE('1974-12-04', 'YYYY-MM-DD'), 'maria.sanchez1@email.com', '+87-858-9935', 'DOC-0001', 1, NULL);
INSERT INTO casj_miembros_lectores (id_miembro, primer_nombre, segundo_nombre, primer_apellido, segundo_apellido, fecha_nacimiento, email, telefono, doc_identidad, id_pais_nacionalidad, id_representante) VALUES (2, 'Martin', 'Pablo', 'Perez', 'Molina', TO_DATE('1986-10-01', 'YYYY-MM-DD'), 'martin.perez2@email.com', '+72-303-9928', 'DOC-0002', 1, NULL);
INSERT INTO casj_miembros_lectores (id_miembro, primer_nombre, segundo_nombre, primer_apellido, segundo_apellido, fecha_nacimiento, email, telefono, doc_identidad, id_pais_nacionalidad, id_representante) VALUES (3, 'Daniel', NULL, 'Garcia', 'Jimenez', TO_DATE('1992-07-11', 'YYYY-MM-DD'), 'daniel.garcia3@email.com', '+36-259-4527', 'DOC-0003', 1, NULL);
INSERT INTO casj_miembros_lectores (id_miembro, primer_nombre, segundo_nombre, primer_apellido, segundo_apellido, fecha_nacimiento, email, telefono, doc_identidad, id_pais_nacionalidad, id_representante) VALUES (4, 'Valentina', 'Carmen', 'Lopez', 'Paredes', TO_DATE('1997-06-20', 'YYYY-MM-DD'), 'valentina.lopez4@email.com', '+34-926-1711', 'DOC-0004', 1, NULL);
INSERT INTO casj_miembros_lectores (id_miembro, primer_nombre, segundo_nombre, primer_apellido, segundo_apellido, fecha_nacimiento, email, telefono, doc_identidad, id_pais_nacionalidad, id_representante) VALUES (5, 'Veronica', 'Carmen', 'Martinez', 'Salazar', TO_DATE('2009-11-20', 'YYYY-MM-DD'), 'veronica.martinez5@email.com', '+47-691-4150', 'DOC-0005', 1, NULL);
INSERT INTO casj_miembros_lectores (id_miembro, primer_nombre, segundo_nombre, primer_apellido, segundo_apellido, fecha_nacimiento, email, telefono, doc_identidad, id_pais_nacionalidad, id_representante) VALUES (6, 'Ana', NULL, 'Torres', 'Silva', TO_DATE('2008-02-13', 'YYYY-MM-DD'), 'ana.torres6@email.com', '+36-564-6977', 'DOC-0006', 1, NULL);
INSERT INTO casj_miembros_lectores (id_miembro, primer_nombre, segundo_nombre, primer_apellido, segundo_apellido, fecha_nacimiento, email, telefono, doc_identidad, id_pais_nacionalidad, id_representante) VALUES (7, 'Jorge', 'Sergio', 'Gomez', 'Silva', TO_DATE('2011-11-06', 'YYYY-MM-DD'), 'jorge.gomez7@email.com', '+69-846-5010', 'DOC-0007', 1, NULL);
INSERT INTO casj_miembros_lectores (id_miembro, primer_nombre, segundo_nombre, primer_apellido, segundo_apellido, fecha_nacimiento, email, telefono, doc_identidad, id_pais_nacionalidad, id_representante) VALUES (8, 'Santiago', 'Natalia', 'Sanchez', 'Santos', TO_DATE('2007-04-27', 'YYYY-MM-DD'), 'santiago.sanchez8@email.com', '+5-924-6168', 'DOC-0008', 1, NULL);
INSERT INTO casj_miembros_lectores (id_miembro, primer_nombre, segundo_nombre, primer_apellido, segundo_apellido, fecha_nacimiento, email, telefono, doc_identidad, id_pais_nacionalidad, id_representante) VALUES (9, 'Carlos', 'Claudia', 'Gomez', 'Santos', TO_DATE('2016-11-16', 'YYYY-MM-DD'), 'carlos.gomez9@email.com', '+51-758-8517', 'DOC-0009', 1, 9);
INSERT INTO casj_miembros_lectores (id_miembro, primer_nombre, segundo_nombre, primer_apellido, segundo_apellido, fecha_nacimiento, email, telefono, doc_identidad, id_pais_nacionalidad, id_representante) VALUES (10, 'Ricardo', 'Natalia', 'Romero', 'Delgado', TO_DATE('2019-10-13', 'YYYY-MM-DD'), 'ricardo.romero10@email.com', '+47-324-3266', 'DOC-0010', 1, 1);
INSERT INTO casj_miembros_lectores (id_miembro, primer_nombre, segundo_nombre, primer_apellido, segundo_apellido, fecha_nacimiento, email, telefono, doc_identidad, id_pais_nacionalidad, id_representante) VALUES (11, 'Sofia', NULL, 'Lopez', 'Ramos', TO_DATE('2015-11-14', 'YYYY-MM-DD'), 'sofia.lopez11@email.com', '+77-165-7304', 'DOC-0011', 1, 2);
INSERT INTO casj_miembros_lectores (id_miembro, primer_nombre, segundo_nombre, primer_apellido, segundo_apellido, fecha_nacimiento, email, telefono, doc_identidad, id_pais_nacionalidad, id_representante) VALUES (12, 'Daniel', NULL, 'Romero', 'Vega', TO_DATE('2014-11-18', 'YYYY-MM-DD'), 'daniel.romero12@email.com', '+97-373-6573', 'DOC-0012', 1, 3);
INSERT INTO casj_miembros_lectores (id_miembro, primer_nombre, segundo_nombre, primer_apellido, segundo_apellido, fecha_nacimiento, email, telefono, doc_identidad, id_pais_nacionalidad, id_representante) VALUES (13, 'Martin', 'Alejandro', 'Ruiz', 'Delgado', TO_DATE('1986-03-17', 'YYYY-MM-DD'), 'martin.ruiz13@email.com', '+14-991-5889', 'DOC-0013', 1, NULL);
INSERT INTO casj_miembros_lectores (id_miembro, primer_nombre, segundo_nombre, primer_apellido, segundo_apellido, fecha_nacimiento, email, telefono, doc_identidad, id_pais_nacionalidad, id_representante) VALUES (14, 'Claudia', NULL, 'Gonzalez', 'Paredes', TO_DATE('1994-03-18', 'YYYY-MM-DD'), 'claudia.gonzalez14@email.com', '+68-100-6310', 'DOC-0014', 1, NULL);
INSERT INTO casj_miembros_lectores (id_miembro, primer_nombre, segundo_nombre, primer_apellido, segundo_apellido, fecha_nacimiento, email, telefono, doc_identidad, id_pais_nacionalidad, id_representante) VALUES (15, 'Fernando', NULL, 'Torres', 'Molina', TO_DATE('1971-04-19', 'YYYY-MM-DD'), 'fernando.torres15@email.com', '+11-187-8962', 'DOC-0015', 1, NULL);
INSERT INTO casj_miembros_lectores (id_miembro, primer_nombre, segundo_nombre, primer_apellido, segundo_apellido, fecha_nacimiento, email, telefono, doc_identidad, id_pais_nacionalidad, id_representante) VALUES (16, 'Veronica', NULL, 'Gonzalez', 'Leon', TO_DATE('2000-09-06', 'YYYY-MM-DD'), 'veronica.gonzalez16@email.com', '+34-640-7932', 'DOC-0016', 1, NULL);
INSERT INTO casj_miembros_lectores (id_miembro, primer_nombre, segundo_nombre, primer_apellido, segundo_apellido, fecha_nacimiento, email, telefono, doc_identidad, id_pais_nacionalidad, id_representante) VALUES (17, 'Veronica', NULL, 'Gomez', 'Navarro', TO_DATE('2012-05-13', 'YYYY-MM-DD'), 'veronica.gomez17@email.com', '+86-765-7118', 'DOC-0017', 1, NULL);
INSERT INTO casj_miembros_lectores (id_miembro, primer_nombre, segundo_nombre, primer_apellido, segundo_apellido, fecha_nacimiento, email, telefono, doc_identidad, id_pais_nacionalidad, id_representante) VALUES (18, 'Manuel', NULL, 'Sanchez', 'Molina', TO_DATE('2007-06-01', 'YYYY-MM-DD'), 'manuel.sanchez18@email.com', '+76-667-4770', 'DOC-0018', 1, NULL);
INSERT INTO casj_miembros_lectores (id_miembro, primer_nombre, segundo_nombre, primer_apellido, segundo_apellido, fecha_nacimiento, email, telefono, doc_identidad, id_pais_nacionalidad, id_representante) VALUES (19, 'Maria', 'Fernando', 'Sanchez', 'Silva', TO_DATE('2007-06-03', 'YYYY-MM-DD'), 'maria.sanchez19@email.com', '+66-343-5562', 'DOC-0019', 1, NULL);
INSERT INTO casj_miembros_lectores (id_miembro, primer_nombre, segundo_nombre, primer_apellido, segundo_apellido, fecha_nacimiento, email, telefono, doc_identidad, id_pais_nacionalidad, id_representante) VALUES (20, 'Isabel', NULL, 'Ruiz', 'Aguilar', TO_DATE('2011-08-08', 'YYYY-MM-DD'), 'isabel.ruiz20@email.com', '+61-926-7669', 'DOC-0020', 1, NULL);
INSERT INTO casj_miembros_lectores (id_miembro, primer_nombre, segundo_nombre, primer_apellido, segundo_apellido, fecha_nacimiento, email, telefono, doc_identidad, id_pais_nacionalidad, id_representante) VALUES (21, 'Fernando', NULL, 'Rivera', 'Fuentes', TO_DATE('2019-08-28', 'YYYY-MM-DD'), 'fernando.rivera21@email.com', '+94-155-2612', 'DOC-0021', 1, 3);
INSERT INTO casj_miembros_lectores (id_miembro, primer_nombre, segundo_nombre, primer_apellido, segundo_apellido, fecha_nacimiento, email, telefono, doc_identidad, id_pais_nacionalidad, id_representante) VALUES (22, 'Andres', NULL, 'Lopez', 'Molina', TO_DATE('2016-04-18', 'YYYY-MM-DD'), 'andres.lopez22@email.com', '+58-243-7912', 'DOC-0022', 1, 4);
INSERT INTO casj_miembros_lectores (id_miembro, primer_nombre, segundo_nombre, primer_apellido, segundo_apellido, fecha_nacimiento, email, telefono, doc_identidad, id_pais_nacionalidad, id_representante) VALUES (23, 'Daniel', 'Ricardo', 'Ortiz', 'Salazar', TO_DATE('2014-01-21', 'YYYY-MM-DD'), 'daniel.ortiz23@email.com', '+70-956-1241', 'DOC-0023', 1, 5);
INSERT INTO casj_miembros_lectores (id_miembro, primer_nombre, segundo_nombre, primer_apellido, segundo_apellido, fecha_nacimiento, email, telefono, doc_identidad, id_pais_nacionalidad, id_representante) VALUES (24, 'Paula', 'Camila', 'Diaz', 'Navarro', TO_DATE('2019-01-06', 'YYYY-MM-DD'), 'paula.diaz24@email.com', '+49-102-7396', 'DOC-0024', 1, 6);
INSERT INTO casj_miembros_lectores (id_miembro, primer_nombre, segundo_nombre, primer_apellido, segundo_apellido, fecha_nacimiento, email, telefono, doc_identidad, id_pais_nacionalidad, id_representante) VALUES (25, 'Daniel', 'Natalia', 'Castro', 'Leon', TO_DATE('1974-04-10', 'YYYY-MM-DD'), 'daniel.castro25@email.com', '+28-159-9883', 'DOC-0025', 2, NULL);
INSERT INTO casj_miembros_lectores (id_miembro, primer_nombre, segundo_nombre, primer_apellido, segundo_apellido, fecha_nacimiento, email, telefono, doc_identidad, id_pais_nacionalidad, id_representante) VALUES (26, 'Andres', 'Veronica', 'Diaz', 'Herrera', TO_DATE('1999-09-06', 'YYYY-MM-DD'), 'andres.diaz26@email.com', '+8-620-2312', 'DOC-0026', 2, NULL);
INSERT INTO casj_miembros_lectores (id_miembro, primer_nombre, segundo_nombre, primer_apellido, segundo_apellido, fecha_nacimiento, email, telefono, doc_identidad, id_pais_nacionalidad, id_representante) VALUES (27, 'Sofia', NULL, 'Castro', 'Molina', TO_DATE('1982-02-19', 'YYYY-MM-DD'), 'sofia.castro27@email.com', '+32-692-1651', 'DOC-0027', 2, NULL);
INSERT INTO casj_miembros_lectores (id_miembro, primer_nombre, segundo_nombre, primer_apellido, segundo_apellido, fecha_nacimiento, email, telefono, doc_identidad, id_pais_nacionalidad, id_representante) VALUES (28, 'Diana', NULL, 'Alvarez', 'Herrera', TO_DATE('1980-05-07', 'YYYY-MM-DD'), 'diana.alvarez28@email.com', '+86-833-6147', 'DOC-0028', 2, NULL);
INSERT INTO casj_miembros_lectores (id_miembro, primer_nombre, segundo_nombre, primer_apellido, segundo_apellido, fecha_nacimiento, email, telefono, doc_identidad, id_pais_nacionalidad, id_representante) VALUES (29, 'Santiago', 'Julio', 'Ortiz', 'Santos', TO_DATE('2007-01-15', 'YYYY-MM-DD'), 'santiago.ortiz29@email.com', '+80-676-2638', 'DOC-0029', 2, NULL);
INSERT INTO casj_miembros_lectores (id_miembro, primer_nombre, segundo_nombre, primer_apellido, segundo_apellido, fecha_nacimiento, email, telefono, doc_identidad, id_pais_nacionalidad, id_representante) VALUES (30, 'Diego', NULL, 'Gonzalez', 'Paredes', TO_DATE('2007-04-12', 'YYYY-MM-DD'), 'diego.gonzalez30@email.com', '+37-261-8179', 'DOC-0030', 2, NULL);
INSERT INTO casj_miembros_lectores (id_miembro, primer_nombre, segundo_nombre, primer_apellido, segundo_apellido, fecha_nacimiento, email, telefono, doc_identidad, id_pais_nacionalidad, id_representante) VALUES (31, 'Rosa', NULL, 'Vargas', 'Herrera', TO_DATE('2007-11-27', 'YYYY-MM-DD'), 'rosa.vargas31@email.com', '+71-406-2697', 'DOC-0031', 2, NULL);
INSERT INTO casj_miembros_lectores (id_miembro, primer_nombre, segundo_nombre, primer_apellido, segundo_apellido, fecha_nacimiento, email, telefono, doc_identidad, id_pais_nacionalidad, id_representante) VALUES (32, 'Carmen', 'Diego', 'Ruiz', 'Salazar', TO_DATE('2008-05-10', 'YYYY-MM-DD'), 'carmen.ruiz32@email.com', '+78-315-6617', 'DOC-0032', 2, NULL);
INSERT INTO casj_miembros_lectores (id_miembro, primer_nombre, segundo_nombre, primer_apellido, segundo_apellido, fecha_nacimiento, email, telefono, doc_identidad, id_pais_nacionalidad, id_representante) VALUES (33, 'Eduardo', NULL, 'Ramirez', 'Medina', TO_DATE('2014-11-14', 'YYYY-MM-DD'), 'eduardo.ramirez33@email.com', '+36-145-1058', 'DOC-0033', 2, 6);
INSERT INTO casj_miembros_lectores (id_miembro, primer_nombre, segundo_nombre, primer_apellido, segundo_apellido, fecha_nacimiento, email, telefono, doc_identidad, id_pais_nacionalidad, id_representante) VALUES (34, 'Ricardo', NULL, 'Ramirez', 'Jimenez', TO_DATE('2020-09-23', 'YYYY-MM-DD'), 'ricardo.ramirez34@email.com', '+55-674-1158', 'DOC-0034', 2, 7);
INSERT INTO casj_miembros_lectores (id_miembro, primer_nombre, segundo_nombre, primer_apellido, segundo_apellido, fecha_nacimiento, email, telefono, doc_identidad, id_pais_nacionalidad, id_representante) VALUES (35, 'Ricardo', NULL, 'Rivera', 'Aguilar', TO_DATE('2015-07-05', 'YYYY-MM-DD'), 'ricardo.rivera35@email.com', '+6-415-6974', 'DOC-0035', 2, 8);
INSERT INTO casj_miembros_lectores (id_miembro, primer_nombre, segundo_nombre, primer_apellido, segundo_apellido, fecha_nacimiento, email, telefono, doc_identidad, id_pais_nacionalidad, id_representante) VALUES (36, 'Ana', NULL, 'Perez', 'Molina', TO_DATE('2014-06-25', 'YYYY-MM-DD'), 'ana.perez36@email.com', '+72-995-7658', 'DOC-0036', 2, 9);
INSERT INTO casj_miembros_lectores (id_miembro, primer_nombre, segundo_nombre, primer_apellido, segundo_apellido, fecha_nacimiento, email, telefono, doc_identidad, id_pais_nacionalidad, id_representante) VALUES (37, 'Carmen', NULL, 'Sanchez', 'Jimenez', TO_DATE('1995-03-14', 'YYYY-MM-DD'), 'carmen.sanchez37@email.com', '+4-283-6442', 'DOC-0037', 2, NULL);
INSERT INTO casj_miembros_lectores (id_miembro, primer_nombre, segundo_nombre, primer_apellido, segundo_apellido, fecha_nacimiento, email, telefono, doc_identidad, id_pais_nacionalidad, id_representante) VALUES (38, 'Diana', NULL, 'Ruiz', 'Molina', TO_DATE('1978-03-26', 'YYYY-MM-DD'), 'diana.ruiz38@email.com', '+90-210-7267', 'DOC-0038', 2, NULL);
INSERT INTO casj_miembros_lectores (id_miembro, primer_nombre, segundo_nombre, primer_apellido, segundo_apellido, fecha_nacimiento, email, telefono, doc_identidad, id_pais_nacionalidad, id_representante) VALUES (39, 'Natalia', 'Rosa', 'Rivera', 'Guerrero', TO_DATE('1996-04-08', 'YYYY-MM-DD'), 'natalia.rivera39@email.com', '+4-775-4164', 'DOC-0039', 2, NULL);
INSERT INTO casj_miembros_lectores (id_miembro, primer_nombre, segundo_nombre, primer_apellido, segundo_apellido, fecha_nacimiento, email, telefono, doc_identidad, id_pais_nacionalidad, id_representante) VALUES (40, 'Eduardo', NULL, 'Ramirez', 'Paredes', TO_DATE('1990-09-13', 'YYYY-MM-DD'), 'eduardo.ramirez40@email.com', '+87-963-9785', 'DOC-0040', 2, NULL);
INSERT INTO casj_miembros_lectores (id_miembro, primer_nombre, segundo_nombre, primer_apellido, segundo_apellido, fecha_nacimiento, email, telefono, doc_identidad, id_pais_nacionalidad, id_representante) VALUES (41, 'Alejandro', 'Manuel', 'Hernandez', 'Aguilar', TO_DATE('2009-01-04', 'YYYY-MM-DD'), 'alejandro.hernandez41@email.com', '+77-544-6663', 'DOC-0041', 2, NULL);
INSERT INTO casj_miembros_lectores (id_miembro, primer_nombre, segundo_nombre, primer_apellido, segundo_apellido, fecha_nacimiento, email, telefono, doc_identidad, id_pais_nacionalidad, id_representante) VALUES (42, 'Valentina', NULL, 'Reyes', 'Rojas', TO_DATE('2010-10-07', 'YYYY-MM-DD'), 'valentina.reyes42@email.com', '+33-145-8144', 'DOC-0042', 2, NULL);
INSERT INTO casj_miembros_lectores (id_miembro, primer_nombre, segundo_nombre, primer_apellido, segundo_apellido, fecha_nacimiento, email, telefono, doc_identidad, id_pais_nacionalidad, id_representante) VALUES (43, 'Sergio', NULL, 'Ruiz', 'Navarro', TO_DATE('2009-07-03', 'YYYY-MM-DD'), 'sergio.ruiz43@email.com', '+86-438-6143', 'DOC-0043', 2, NULL);
INSERT INTO casj_miembros_lectores (id_miembro, primer_nombre, segundo_nombre, primer_apellido, segundo_apellido, fecha_nacimiento, email, telefono, doc_identidad, id_pais_nacionalidad, id_representante) VALUES (44, 'Laura', NULL, 'Torres', 'Herrera', TO_DATE('2009-11-14', 'YYYY-MM-DD'), 'laura.torres44@email.com', '+42-512-5844', 'DOC-0044', 2, NULL);
INSERT INTO casj_miembros_lectores (id_miembro, primer_nombre, segundo_nombre, primer_apellido, segundo_apellido, fecha_nacimiento, email, telefono, doc_identidad, id_pais_nacionalidad, id_representante) VALUES (45, 'Isabel', NULL, 'Cruz', 'Jimenez', TO_DATE('2017-07-18', 'YYYY-MM-DD'), 'isabel.cruz45@email.com', '+1-411-5700', 'DOC-0045', 2, 9);
INSERT INTO casj_miembros_lectores (id_miembro, primer_nombre, segundo_nombre, primer_apellido, segundo_apellido, fecha_nacimiento, email, telefono, doc_identidad, id_pais_nacionalidad, id_representante) VALUES (46, 'Adrian', NULL, 'Flores', 'Campos', TO_DATE('2020-08-22', 'YYYY-MM-DD'), 'adrian.flores46@email.com', '+28-623-8752', 'DOC-0046', 2, 1);
INSERT INTO casj_miembros_lectores (id_miembro, primer_nombre, segundo_nombre, primer_apellido, segundo_apellido, fecha_nacimiento, email, telefono, doc_identidad, id_pais_nacionalidad, id_representante) VALUES (47, 'Elena', NULL, 'Torres', 'Herrera', TO_DATE('2018-02-27', 'YYYY-MM-DD'), 'elena.torres47@email.com', '+97-340-6085', 'DOC-0047', 2, 2);
INSERT INTO casj_miembros_lectores (id_miembro, primer_nombre, segundo_nombre, primer_apellido, segundo_apellido, fecha_nacimiento, email, telefono, doc_identidad, id_pais_nacionalidad, id_representante) VALUES (48, 'Diego', 'Carlos', 'Sanchez', 'Leon', TO_DATE('2014-08-14', 'YYYY-MM-DD'), 'diego.sanchez48@email.com', '+81-689-4185', 'DOC-0048', 2, 3);
INSERT INTO casj_miembros_lectores (id_miembro, primer_nombre, segundo_nombre, primer_apellido, segundo_apellido, fecha_nacimiento, email, telefono, doc_identidad, id_pais_nacionalidad, id_representante) VALUES (49, 'Andrea', NULL, 'Sanchez', 'Ramos', TO_DATE('1990-12-01', 'YYYY-MM-DD'), 'andrea.sanchez49@email.com', '+97-981-2746', 'DOC-0049', 3, NULL);
INSERT INTO casj_miembros_lectores (id_miembro, primer_nombre, segundo_nombre, primer_apellido, segundo_apellido, fecha_nacimiento, email, telefono, doc_identidad, id_pais_nacionalidad, id_representante) VALUES (50, 'Paula', 'Diana', 'Ortiz', 'Medina', TO_DATE('1987-04-28', 'YYYY-MM-DD'), 'paula.ortiz50@email.com', '+16-567-3184', 'DOC-0050', 3, NULL);
INSERT INTO casj_miembros_lectores (id_miembro, primer_nombre, segundo_nombre, primer_apellido, segundo_apellido, fecha_nacimiento, email, telefono, doc_identidad, id_pais_nacionalidad, id_representante) VALUES (51, 'Claudia', NULL, 'Mendoza', 'Santos', TO_DATE('2000-08-20', 'YYYY-MM-DD'), 'claudia.mendoza51@email.com', '+93-616-7991', 'DOC-0051', 3, NULL);
INSERT INTO casj_miembros_lectores (id_miembro, primer_nombre, segundo_nombre, primer_apellido, segundo_apellido, fecha_nacimiento, email, telefono, doc_identidad, id_pais_nacionalidad, id_representante) VALUES (52, 'Veronica', NULL, 'Hernandez', 'Leon', TO_DATE('1984-05-25', 'YYYY-MM-DD'), 'veronica.hernandez52@email.com', '+32-960-5543', 'DOC-0052', 3, NULL);
INSERT INTO casj_miembros_lectores (id_miembro, primer_nombre, segundo_nombre, primer_apellido, segundo_apellido, fecha_nacimiento, email, telefono, doc_identidad, id_pais_nacionalidad, id_representante) VALUES (53, 'Claudia', NULL, 'Sanchez', 'Delgado', TO_DATE('2010-02-23', 'YYYY-MM-DD'), 'claudia.sanchez53@email.com', '+37-340-5451', 'DOC-0053', 3, NULL);
INSERT INTO casj_miembros_lectores (id_miembro, primer_nombre, segundo_nombre, primer_apellido, segundo_apellido, fecha_nacimiento, email, telefono, doc_identidad, id_pais_nacionalidad, id_representante) VALUES (54, 'Sergio', 'Luis', 'Sanchez', 'Blanco', TO_DATE('2012-03-23', 'YYYY-MM-DD'), 'sergio.sanchez54@email.com', '+28-165-7797', 'DOC-0054', 3, NULL);
INSERT INTO casj_miembros_lectores (id_miembro, primer_nombre, segundo_nombre, primer_apellido, segundo_apellido, fecha_nacimiento, email, telefono, doc_identidad, id_pais_nacionalidad, id_representante) VALUES (55, 'Sergio', NULL, 'Rodriguez', 'Navarro', TO_DATE('2010-07-25', 'YYYY-MM-DD'), 'sergio.rodriguez55@email.com', '+75-812-1320', 'DOC-0055', 3, NULL);
INSERT INTO casj_miembros_lectores (id_miembro, primer_nombre, segundo_nombre, primer_apellido, segundo_apellido, fecha_nacimiento, email, telefono, doc_identidad, id_pais_nacionalidad, id_representante) VALUES (56, 'Monica', NULL, 'Garcia', 'Paredes', TO_DATE('2009-07-28', 'YYYY-MM-DD'), 'monica.garcia56@email.com', '+54-651-9947', 'DOC-0056', 3, NULL);
INSERT INTO casj_miembros_lectores (id_miembro, primer_nombre, segundo_nombre, primer_apellido, segundo_apellido, fecha_nacimiento, email, telefono, doc_identidad, id_pais_nacionalidad, id_representante) VALUES (57, 'Paula', NULL, 'Ramirez', 'Fuentes', TO_DATE('2020-01-13', 'YYYY-MM-DD'), 'paula.ramirez57@email.com', '+44-784-7624', 'DOC-0057', 3, 3);
INSERT INTO casj_miembros_lectores (id_miembro, primer_nombre, segundo_nombre, primer_apellido, segundo_apellido, fecha_nacimiento, email, telefono, doc_identidad, id_pais_nacionalidad, id_representante) VALUES (58, 'Gabriela', NULL, 'Mendoza', 'Salazar', TO_DATE('2013-07-19', 'YYYY-MM-DD'), 'gabriela.mendoza58@email.com', '+73-778-1444', 'DOC-0058', 3, 4);
INSERT INTO casj_miembros_lectores (id_miembro, primer_nombre, segundo_nombre, primer_apellido, segundo_apellido, fecha_nacimiento, email, telefono, doc_identidad, id_pais_nacionalidad, id_representante) VALUES (59, 'Martin', 'Rosa', 'Hernandez', 'Medina', TO_DATE('2017-07-11', 'YYYY-MM-DD'), 'martin.hernandez59@email.com', '+28-565-6355', 'DOC-0059', 3, 5);
INSERT INTO casj_miembros_lectores (id_miembro, primer_nombre, segundo_nombre, primer_apellido, segundo_apellido, fecha_nacimiento, email, telefono, doc_identidad, id_pais_nacionalidad, id_representante) VALUES (60, 'Santiago', 'Isabel', 'Ramirez', 'Silva', TO_DATE('2020-01-24', 'YYYY-MM-DD'), 'santiago.ramirez60@email.com', '+70-153-6733', 'DOC-0060', 3, 6);
INSERT INTO casj_miembros_lectores (id_miembro, primer_nombre, segundo_nombre, primer_apellido, segundo_apellido, fecha_nacimiento, email, telefono, doc_identidad, id_pais_nacionalidad, id_representante) VALUES (61, 'Carlos', NULL, 'Vargas', 'Medina', TO_DATE('1994-01-08', 'YYYY-MM-DD'), 'carlos.vargas61@email.com', '+26-959-1333', 'DOC-0061', 3, NULL);
INSERT INTO casj_miembros_lectores (id_miembro, primer_nombre, segundo_nombre, primer_apellido, segundo_apellido, fecha_nacimiento, email, telefono, doc_identidad, id_pais_nacionalidad, id_representante) VALUES (62, 'Paula', 'Roberto', 'Alvarez', 'Navarro', TO_DATE('1984-12-09', 'YYYY-MM-DD'), 'paula.alvarez62@email.com', '+99-477-3749', 'DOC-0062', 3, NULL);
INSERT INTO casj_miembros_lectores (id_miembro, primer_nombre, segundo_nombre, primer_apellido, segundo_apellido, fecha_nacimiento, email, telefono, doc_identidad, id_pais_nacionalidad, id_representante) VALUES (63, 'Laura', NULL, 'Hernandez', 'Guerrero', TO_DATE('1973-10-01', 'YYYY-MM-DD'), 'laura.hernandez63@email.com', '+40-689-7149', 'DOC-0063', 3, NULL);
INSERT INTO casj_miembros_lectores (id_miembro, primer_nombre, segundo_nombre, primer_apellido, segundo_apellido, fecha_nacimiento, email, telefono, doc_identidad, id_pais_nacionalidad, id_representante) VALUES (64, 'Diego', 'Ivan', 'Lopez', 'Guerrero', TO_DATE('1997-11-20', 'YYYY-MM-DD'), 'diego.lopez64@email.com', '+16-915-1672', 'DOC-0064', 3, NULL);
INSERT INTO casj_miembros_lectores (id_miembro, primer_nombre, segundo_nombre, primer_apellido, segundo_apellido, fecha_nacimiento, email, telefono, doc_identidad, id_pais_nacionalidad, id_representante) VALUES (65, 'Martin', NULL, 'Martinez', 'Herrera', TO_DATE('2012-06-01', 'YYYY-MM-DD'), 'martin.martinez65@email.com', '+54-942-9031', 'DOC-0065', 3, NULL);
INSERT INTO casj_miembros_lectores (id_miembro, primer_nombre, segundo_nombre, primer_apellido, segundo_apellido, fecha_nacimiento, email, telefono, doc_identidad, id_pais_nacionalidad, id_representante) VALUES (66, 'Jorge', NULL, 'Ortiz', 'Ramos', TO_DATE('2010-03-24', 'YYYY-MM-DD'), 'jorge.ortiz66@email.com', '+67-766-5425', 'DOC-0066', 3, NULL);
INSERT INTO casj_miembros_lectores (id_miembro, primer_nombre, segundo_nombre, primer_apellido, segundo_apellido, fecha_nacimiento, email, telefono, doc_identidad, id_pais_nacionalidad, id_representante) VALUES (67, 'Veronica', NULL, 'Ortiz', 'Fuentes', TO_DATE('2012-10-09', 'YYYY-MM-DD'), 'veronica.ortiz67@email.com', '+42-972-5022', 'DOC-0067', 3, NULL);
INSERT INTO casj_miembros_lectores (id_miembro, primer_nombre, segundo_nombre, primer_apellido, segundo_apellido, fecha_nacimiento, email, telefono, doc_identidad, id_pais_nacionalidad, id_representante) VALUES (68, 'Sofia', 'Lucia', 'Sanchez', 'Campos', TO_DATE('2011-10-22', 'YYYY-MM-DD'), 'sofia.sanchez68@email.com', '+49-444-1470', 'DOC-0068', 3, NULL);
INSERT INTO casj_miembros_lectores (id_miembro, primer_nombre, segundo_nombre, primer_apellido, segundo_apellido, fecha_nacimiento, email, telefono, doc_identidad, id_pais_nacionalidad, id_representante) VALUES (69, 'Andres', 'Martin', 'Rivera', 'Delgado', TO_DATE('2018-05-20', 'YYYY-MM-DD'), 'andres.rivera69@email.com', '+90-382-1166', 'DOC-0069', 3, 6);
INSERT INTO casj_miembros_lectores (id_miembro, primer_nombre, segundo_nombre, primer_apellido, segundo_apellido, fecha_nacimiento, email, telefono, doc_identidad, id_pais_nacionalidad, id_representante) VALUES (70, 'Isabel', 'Isabel', 'Diaz', 'Salazar', TO_DATE('2016-12-16', 'YYYY-MM-DD'), 'isabel.diaz70@email.com', '+83-828-9041', 'DOC-0070', 3, 7);
INSERT INTO casj_miembros_lectores (id_miembro, primer_nombre, segundo_nombre, primer_apellido, segundo_apellido, fecha_nacimiento, email, telefono, doc_identidad, id_pais_nacionalidad, id_representante) VALUES (71, 'Alejandro', 'Daniel', 'Cruz', 'Molina', TO_DATE('2017-11-19', 'YYYY-MM-DD'), 'alejandro.cruz71@email.com', '+48-584-9698', 'DOC-0071', 3, 8);
INSERT INTO casj_miembros_lectores (id_miembro, primer_nombre, segundo_nombre, primer_apellido, segundo_apellido, fecha_nacimiento, email, telefono, doc_identidad, id_pais_nacionalidad, id_representante) VALUES (72, 'Sergio', NULL, 'Gomez', 'Campos', TO_DATE('2017-05-09', 'YYYY-MM-DD'), 'sergio.gomez72@email.com', '+30-223-4155', 'DOC-0072', 3, 9);
INSERT INTO casj_miembros_lectores (id_miembro, primer_nombre, segundo_nombre, primer_apellido, segundo_apellido, fecha_nacimiento, email, telefono, doc_identidad, id_pais_nacionalidad, id_representante) VALUES (73, 'Sergio', NULL, 'Gomez', 'Jimenez', TO_DATE('1976-04-24', 'YYYY-MM-DD'), 'sergio.gomez73@email.com', '+62-383-9595', 'DOC-0073', 4, NULL);
INSERT INTO casj_miembros_lectores (id_miembro, primer_nombre, segundo_nombre, primer_apellido, segundo_apellido, fecha_nacimiento, email, telefono, doc_identidad, id_pais_nacionalidad, id_representante) VALUES (74, 'Laura', NULL, 'Torres', 'Molina', TO_DATE('1981-03-10', 'YYYY-MM-DD'), 'laura.torres74@email.com', '+2-825-9751', 'DOC-0074', 4, NULL);
INSERT INTO casj_miembros_lectores (id_miembro, primer_nombre, segundo_nombre, primer_apellido, segundo_apellido, fecha_nacimiento, email, telefono, doc_identidad, id_pais_nacionalidad, id_representante) VALUES (75, 'Miguel', NULL, 'Romero', 'Guerrero', TO_DATE('1992-03-21', 'YYYY-MM-DD'), 'miguel.romero75@email.com', '+97-602-2680', 'DOC-0075', 4, NULL);
INSERT INTO casj_miembros_lectores (id_miembro, primer_nombre, segundo_nombre, primer_apellido, segundo_apellido, fecha_nacimiento, email, telefono, doc_identidad, id_pais_nacionalidad, id_representante) VALUES (76, 'Monica', 'Valentina', 'Ortiz', 'Santos', TO_DATE('1975-01-09', 'YYYY-MM-DD'), 'monica.ortiz76@email.com', '+62-216-2070', 'DOC-0076', 4, NULL);
INSERT INTO casj_miembros_lectores (id_miembro, primer_nombre, segundo_nombre, primer_apellido, segundo_apellido, fecha_nacimiento, email, telefono, doc_identidad, id_pais_nacionalidad, id_representante) VALUES (77, 'Carlos', NULL, 'Castro', 'Medina', TO_DATE('2008-03-26', 'YYYY-MM-DD'), 'carlos.castro77@email.com', '+73-411-2395', 'DOC-0077', 4, NULL);
INSERT INTO casj_miembros_lectores (id_miembro, primer_nombre, segundo_nombre, primer_apellido, segundo_apellido, fecha_nacimiento, email, telefono, doc_identidad, id_pais_nacionalidad, id_representante) VALUES (78, 'Laura', NULL, 'Morales', 'Soto', TO_DATE('2011-10-08', 'YYYY-MM-DD'), 'laura.morales78@email.com', '+67-489-8381', 'DOC-0078', 4, NULL);
INSERT INTO casj_miembros_lectores (id_miembro, primer_nombre, segundo_nombre, primer_apellido, segundo_apellido, fecha_nacimiento, email, telefono, doc_identidad, id_pais_nacionalidad, id_representante) VALUES (79, 'Rosa', NULL, 'Morales', 'Guerrero', TO_DATE('2011-10-02', 'YYYY-MM-DD'), 'rosa.morales79@email.com', '+79-857-2625', 'DOC-0079', 4, NULL);
INSERT INTO casj_miembros_lectores (id_miembro, primer_nombre, segundo_nombre, primer_apellido, segundo_apellido, fecha_nacimiento, email, telefono, doc_identidad, id_pais_nacionalidad, id_representante) VALUES (80, 'Isabel', NULL, 'Ramirez', 'Silva', TO_DATE('2008-04-06', 'YYYY-MM-DD'), 'isabel.ramirez80@email.com', '+71-176-3564', 'DOC-0080', 4, NULL);
INSERT INTO casj_miembros_lectores (id_miembro, primer_nombre, segundo_nombre, primer_apellido, segundo_apellido, fecha_nacimiento, email, telefono, doc_identidad, id_pais_nacionalidad, id_representante) VALUES (81, 'Daniel', NULL, 'Diaz', 'Guerrero', TO_DATE('2013-04-10', 'YYYY-MM-DD'), 'daniel.diaz81@email.com', '+91-389-8438', 'DOC-0081', 4, 9);
INSERT INTO casj_miembros_lectores (id_miembro, primer_nombre, segundo_nombre, primer_apellido, segundo_apellido, fecha_nacimiento, email, telefono, doc_identidad, id_pais_nacionalidad, id_representante) VALUES (82, 'Roberto', NULL, 'Vargas', 'Aguilar', TO_DATE('2016-07-04', 'YYYY-MM-DD'), 'roberto.vargas82@email.com', '+70-330-3441', 'DOC-0082', 4, 1);
INSERT INTO casj_miembros_lectores (id_miembro, primer_nombre, segundo_nombre, primer_apellido, segundo_apellido, fecha_nacimiento, email, telefono, doc_identidad, id_pais_nacionalidad, id_representante) VALUES (83, 'Carmen', 'Andres', 'Torres', 'Soto', TO_DATE('2017-08-04', 'YYYY-MM-DD'), 'carmen.torres83@email.com', '+60-805-5982', 'DOC-0083', 4, 2);
INSERT INTO casj_miembros_lectores (id_miembro, primer_nombre, segundo_nombre, primer_apellido, segundo_apellido, fecha_nacimiento, email, telefono, doc_identidad, id_pais_nacionalidad, id_representante) VALUES (84, 'Lucia', NULL, 'Diaz', 'Campos', TO_DATE('2014-10-02', 'YYYY-MM-DD'), 'lucia.diaz84@email.com', '+56-852-6280', 'DOC-0084', 4, 3);
INSERT INTO casj_miembros_lectores (id_miembro, primer_nombre, segundo_nombre, primer_apellido, segundo_apellido, fecha_nacimiento, email, telefono, doc_identidad, id_pais_nacionalidad, id_representante) VALUES (85, 'Maria', 'Claudia', 'Alvarez', 'Vega', TO_DATE('1994-11-27', 'YYYY-MM-DD'), 'maria.alvarez85@email.com', '+35-690-1659', 'DOC-0085', 5, NULL);
INSERT INTO casj_miembros_lectores (id_miembro, primer_nombre, segundo_nombre, primer_apellido, segundo_apellido, fecha_nacimiento, email, telefono, doc_identidad, id_pais_nacionalidad, id_representante) VALUES (86, 'Elena', NULL, 'Vargas', 'Campos', TO_DATE('1999-05-06', 'YYYY-MM-DD'), 'elena.vargas86@email.com', '+75-546-9056', 'DOC-0086', 5, NULL);
INSERT INTO casj_miembros_lectores (id_miembro, primer_nombre, segundo_nombre, primer_apellido, segundo_apellido, fecha_nacimiento, email, telefono, doc_identidad, id_pais_nacionalidad, id_representante) VALUES (87, 'Natalia', NULL, 'Flores', 'Santos', TO_DATE('1991-02-28', 'YYYY-MM-DD'), 'natalia.flores87@email.com', '+21-437-7744', 'DOC-0087', 5, NULL);
INSERT INTO casj_miembros_lectores (id_miembro, primer_nombre, segundo_nombre, primer_apellido, segundo_apellido, fecha_nacimiento, email, telefono, doc_identidad, id_pais_nacionalidad, id_representante) VALUES (88, 'Rosa', NULL, 'Cruz', 'Salazar', TO_DATE('1971-08-03', 'YYYY-MM-DD'), 'rosa.cruz88@email.com', '+41-358-6296', 'DOC-0088', 5, NULL);
INSERT INTO casj_miembros_lectores (id_miembro, primer_nombre, segundo_nombre, primer_apellido, segundo_apellido, fecha_nacimiento, email, telefono, doc_identidad, id_pais_nacionalidad, id_representante) VALUES (89, 'Santiago', NULL, 'Garcia', 'Salazar', TO_DATE('2010-07-02', 'YYYY-MM-DD'), 'santiago.garcia89@email.com', '+25-630-6927', 'DOC-0089', 5, NULL);
INSERT INTO casj_miembros_lectores (id_miembro, primer_nombre, segundo_nombre, primer_apellido, segundo_apellido, fecha_nacimiento, email, telefono, doc_identidad, id_pais_nacionalidad, id_representante) VALUES (90, 'Natalia', NULL, 'Rodriguez', 'Navarro', TO_DATE('2009-09-05', 'YYYY-MM-DD'), 'natalia.rodriguez90@email.com', '+37-548-8941', 'DOC-0090', 5, NULL);
INSERT INTO casj_miembros_lectores (id_miembro, primer_nombre, segundo_nombre, primer_apellido, segundo_apellido, fecha_nacimiento, email, telefono, doc_identidad, id_pais_nacionalidad, id_representante) VALUES (91, 'Julio', NULL, 'Gomez', 'Jimenez', TO_DATE('2009-09-01', 'YYYY-MM-DD'), 'julio.gomez91@email.com', '+71-517-2527', 'DOC-0091', 5, NULL);
INSERT INTO casj_miembros_lectores (id_miembro, primer_nombre, segundo_nombre, primer_apellido, segundo_apellido, fecha_nacimiento, email, telefono, doc_identidad, id_pais_nacionalidad, id_representante) VALUES (92, 'Fernando', NULL, 'Lopez', 'Ramos', TO_DATE('2010-12-10', 'YYYY-MM-DD'), 'fernando.lopez92@email.com', '+66-822-5479', 'DOC-0092', 5, NULL);
INSERT INTO casj_miembros_lectores (id_miembro, primer_nombre, segundo_nombre, primer_apellido, segundo_apellido, fecha_nacimiento, email, telefono, doc_identidad, id_pais_nacionalidad, id_representante) VALUES (93, 'Ivan', NULL, 'Sanchez', 'Campos', TO_DATE('2015-07-07', 'YYYY-MM-DD'), 'ivan.sanchez93@email.com', '+77-620-3236', 'DOC-0093', 5, 3);
INSERT INTO casj_miembros_lectores (id_miembro, primer_nombre, segundo_nombre, primer_apellido, segundo_apellido, fecha_nacimiento, email, telefono, doc_identidad, id_pais_nacionalidad, id_representante) VALUES (94, 'Lucia', NULL, 'Morales', 'Santos', TO_DATE('2017-01-10', 'YYYY-MM-DD'), 'lucia.morales94@email.com', '+93-405-9022', 'DOC-0094', 5, 4);
INSERT INTO casj_miembros_lectores (id_miembro, primer_nombre, segundo_nombre, primer_apellido, segundo_apellido, fecha_nacimiento, email, telefono, doc_identidad, id_pais_nacionalidad, id_representante) VALUES (95, 'Gabriela', NULL, 'Rivera', 'Santos', TO_DATE('2019-08-11', 'YYYY-MM-DD'), 'gabriela.rivera95@email.com', '+25-814-4912', 'DOC-0095', 5, 5);
INSERT INTO casj_miembros_lectores (id_miembro, primer_nombre, segundo_nombre, primer_apellido, segundo_apellido, fecha_nacimiento, email, telefono, doc_identidad, id_pais_nacionalidad, id_representante) VALUES (96, 'Paula', NULL, 'Morales', 'Medina', TO_DATE('2018-12-16', 'YYYY-MM-DD'), 'paula.morales96@email.com', '+91-930-7246', 'DOC-0096', 5, 6);

-- ============================================================
-- IDIOMA_LECTOR (Arco: club o miembro)
-- ============================================================
INSERT INTO casj_idioma_lector (id_idioma_lector, id_idioma, id_miembro, id_club) VALUES (1, 4, NULL, 1);
INSERT INTO casj_idioma_lector (id_idioma_lector, id_idioma, id_miembro, id_club) VALUES (2, 2, NULL, 1);
INSERT INTO casj_idioma_lector (id_idioma_lector, id_idioma, id_miembro, id_club) VALUES (3, 4, NULL, 2);
INSERT INTO casj_idioma_lector (id_idioma_lector, id_idioma, id_miembro, id_club) VALUES (4, 5, NULL, 3);
INSERT INTO casj_idioma_lector (id_idioma_lector, id_idioma, id_miembro, id_club) VALUES (5, 1, NULL, 3);
INSERT INTO casj_idioma_lector (id_idioma_lector, id_idioma, id_miembro, id_club) VALUES (6, 5, NULL, 4);
INSERT INTO casj_idioma_lector (id_idioma_lector, id_idioma, id_miembro, id_club) VALUES (7, 3, NULL, 5);
INSERT INTO casj_idioma_lector (id_idioma_lector, id_idioma, id_miembro, id_club) VALUES (8, 2, NULL, 5);
INSERT INTO casj_idioma_lector (id_idioma_lector, id_idioma, id_miembro, id_club) VALUES (9, 2, NULL, 6);
INSERT INTO casj_idioma_lector (id_idioma_lector, id_idioma, id_miembro, id_club) VALUES (10, 6, NULL, 7);
INSERT INTO casj_idioma_lector (id_idioma_lector, id_idioma, id_miembro, id_club) VALUES (11, 2, NULL, 7);
INSERT INTO casj_idioma_lector (id_idioma_lector, id_idioma, id_miembro, id_club) VALUES (12, 3, NULL, 8);
INSERT INTO casj_idioma_lector (id_idioma_lector, id_idioma, id_miembro, id_club) VALUES (13, 4, 1, NULL);
INSERT INTO casj_idioma_lector (id_idioma_lector, id_idioma, id_miembro, id_club) VALUES (14, 4, 2, NULL);
INSERT INTO casj_idioma_lector (id_idioma_lector, id_idioma, id_miembro, id_club) VALUES (15, 4, 3, NULL);
INSERT INTO casj_idioma_lector (id_idioma_lector, id_idioma, id_miembro, id_club) VALUES (16, 4, 4, NULL);
INSERT INTO casj_idioma_lector (id_idioma_lector, id_idioma, id_miembro, id_club) VALUES (17, 4, 5, NULL);
INSERT INTO casj_idioma_lector (id_idioma_lector, id_idioma, id_miembro, id_club) VALUES (18, 4, 6, NULL);
INSERT INTO casj_idioma_lector (id_idioma_lector, id_idioma, id_miembro, id_club) VALUES (19, 2, 6, NULL);
INSERT INTO casj_idioma_lector (id_idioma_lector, id_idioma, id_miembro, id_club) VALUES (20, 4, 7, NULL);
INSERT INTO casj_idioma_lector (id_idioma_lector, id_idioma, id_miembro, id_club) VALUES (21, 4, 8, NULL);
INSERT INTO casj_idioma_lector (id_idioma_lector, id_idioma, id_miembro, id_club) VALUES (22, 4, 9, NULL);
INSERT INTO casj_idioma_lector (id_idioma_lector, id_idioma, id_miembro, id_club) VALUES (23, 4, 10, NULL);
INSERT INTO casj_idioma_lector (id_idioma_lector, id_idioma, id_miembro, id_club) VALUES (24, 4, 11, NULL);
INSERT INTO casj_idioma_lector (id_idioma_lector, id_idioma, id_miembro, id_club) VALUES (25, 4, 12, NULL);
INSERT INTO casj_idioma_lector (id_idioma_lector, id_idioma, id_miembro, id_club) VALUES (26, 4, 13, NULL);
INSERT INTO casj_idioma_lector (id_idioma_lector, id_idioma, id_miembro, id_club) VALUES (27, 4, 14, NULL);
INSERT INTO casj_idioma_lector (id_idioma_lector, id_idioma, id_miembro, id_club) VALUES (28, 4, 15, NULL);
INSERT INTO casj_idioma_lector (id_idioma_lector, id_idioma, id_miembro, id_club) VALUES (29, 4, 16, NULL);
INSERT INTO casj_idioma_lector (id_idioma_lector, id_idioma, id_miembro, id_club) VALUES (30, 4, 17, NULL);
INSERT INTO casj_idioma_lector (id_idioma_lector, id_idioma, id_miembro, id_club) VALUES (31, 4, 18, NULL);
INSERT INTO casj_idioma_lector (id_idioma_lector, id_idioma, id_miembro, id_club) VALUES (32, 4, 19, NULL);
INSERT INTO casj_idioma_lector (id_idioma_lector, id_idioma, id_miembro, id_club) VALUES (33, 4, 20, NULL);
INSERT INTO casj_idioma_lector (id_idioma_lector, id_idioma, id_miembro, id_club) VALUES (34, 4, 21, NULL);
INSERT INTO casj_idioma_lector (id_idioma_lector, id_idioma, id_miembro, id_club) VALUES (35, 4, 22, NULL);
INSERT INTO casj_idioma_lector (id_idioma_lector, id_idioma, id_miembro, id_club) VALUES (36, 4, 23, NULL);
INSERT INTO casj_idioma_lector (id_idioma_lector, id_idioma, id_miembro, id_club) VALUES (37, 4, 24, NULL);
INSERT INTO casj_idioma_lector (id_idioma_lector, id_idioma, id_miembro, id_club) VALUES (38, 5, 25, NULL);
INSERT INTO casj_idioma_lector (id_idioma_lector, id_idioma, id_miembro, id_club) VALUES (39, 5, 26, NULL);
INSERT INTO casj_idioma_lector (id_idioma_lector, id_idioma, id_miembro, id_club) VALUES (40, 5, 27, NULL);
INSERT INTO casj_idioma_lector (id_idioma_lector, id_idioma, id_miembro, id_club) VALUES (41, 5, 28, NULL);
INSERT INTO casj_idioma_lector (id_idioma_lector, id_idioma, id_miembro, id_club) VALUES (42, 5, 29, NULL);
INSERT INTO casj_idioma_lector (id_idioma_lector, id_idioma, id_miembro, id_club) VALUES (43, 1, 29, NULL);
INSERT INTO casj_idioma_lector (id_idioma_lector, id_idioma, id_miembro, id_club) VALUES (44, 5, 30, NULL);
INSERT INTO casj_idioma_lector (id_idioma_lector, id_idioma, id_miembro, id_club) VALUES (45, 5, 31, NULL);
INSERT INTO casj_idioma_lector (id_idioma_lector, id_idioma, id_miembro, id_club) VALUES (46, 5, 32, NULL);
INSERT INTO casj_idioma_lector (id_idioma_lector, id_idioma, id_miembro, id_club) VALUES (47, 5, 33, NULL);
INSERT INTO casj_idioma_lector (id_idioma_lector, id_idioma, id_miembro, id_club) VALUES (48, 5, 34, NULL);
INSERT INTO casj_idioma_lector (id_idioma_lector, id_idioma, id_miembro, id_club) VALUES (49, 5, 35, NULL);
INSERT INTO casj_idioma_lector (id_idioma_lector, id_idioma, id_miembro, id_club) VALUES (50, 5, 36, NULL);
INSERT INTO casj_idioma_lector (id_idioma_lector, id_idioma, id_miembro, id_club) VALUES (51, 5, 37, NULL);
INSERT INTO casj_idioma_lector (id_idioma_lector, id_idioma, id_miembro, id_club) VALUES (52, 5, 38, NULL);
INSERT INTO casj_idioma_lector (id_idioma_lector, id_idioma, id_miembro, id_club) VALUES (53, 5, 39, NULL);
INSERT INTO casj_idioma_lector (id_idioma_lector, id_idioma, id_miembro, id_club) VALUES (54, 5, 40, NULL);
INSERT INTO casj_idioma_lector (id_idioma_lector, id_idioma, id_miembro, id_club) VALUES (55, 5, 41, NULL);
INSERT INTO casj_idioma_lector (id_idioma_lector, id_idioma, id_miembro, id_club) VALUES (56, 5, 42, NULL);
INSERT INTO casj_idioma_lector (id_idioma_lector, id_idioma, id_miembro, id_club) VALUES (57, 5, 43, NULL);
INSERT INTO casj_idioma_lector (id_idioma_lector, id_idioma, id_miembro, id_club) VALUES (58, 5, 44, NULL);
INSERT INTO casj_idioma_lector (id_idioma_lector, id_idioma, id_miembro, id_club) VALUES (59, 5, 45, NULL);
INSERT INTO casj_idioma_lector (id_idioma_lector, id_idioma, id_miembro, id_club) VALUES (60, 5, 46, NULL);
INSERT INTO casj_idioma_lector (id_idioma_lector, id_idioma, id_miembro, id_club) VALUES (61, 5, 47, NULL);
INSERT INTO casj_idioma_lector (id_idioma_lector, id_idioma, id_miembro, id_club) VALUES (62, 5, 48, NULL);
INSERT INTO casj_idioma_lector (id_idioma_lector, id_idioma, id_miembro, id_club) VALUES (63, 3, 49, NULL);
INSERT INTO casj_idioma_lector (id_idioma_lector, id_idioma, id_miembro, id_club) VALUES (64, 3, 50, NULL);
INSERT INTO casj_idioma_lector (id_idioma_lector, id_idioma, id_miembro, id_club) VALUES (65, 3, 51, NULL);
INSERT INTO casj_idioma_lector (id_idioma_lector, id_idioma, id_miembro, id_club) VALUES (66, 3, 52, NULL);
INSERT INTO casj_idioma_lector (id_idioma_lector, id_idioma, id_miembro, id_club) VALUES (67, 3, 53, NULL);
INSERT INTO casj_idioma_lector (id_idioma_lector, id_idioma, id_miembro, id_club) VALUES (68, 3, 54, NULL);
INSERT INTO casj_idioma_lector (id_idioma_lector, id_idioma, id_miembro, id_club) VALUES (69, 3, 55, NULL);
INSERT INTO casj_idioma_lector (id_idioma_lector, id_idioma, id_miembro, id_club) VALUES (70, 2, 55, NULL);
INSERT INTO casj_idioma_lector (id_idioma_lector, id_idioma, id_miembro, id_club) VALUES (71, 3, 56, NULL);
INSERT INTO casj_idioma_lector (id_idioma_lector, id_idioma, id_miembro, id_club) VALUES (72, 2, 56, NULL);
INSERT INTO casj_idioma_lector (id_idioma_lector, id_idioma, id_miembro, id_club) VALUES (73, 3, 57, NULL);
INSERT INTO casj_idioma_lector (id_idioma_lector, id_idioma, id_miembro, id_club) VALUES (74, 3, 58, NULL);
INSERT INTO casj_idioma_lector (id_idioma_lector, id_idioma, id_miembro, id_club) VALUES (75, 3, 59, NULL);
INSERT INTO casj_idioma_lector (id_idioma_lector, id_idioma, id_miembro, id_club) VALUES (76, 3, 60, NULL);
INSERT INTO casj_idioma_lector (id_idioma_lector, id_idioma, id_miembro, id_club) VALUES (77, 2, 61, NULL);
INSERT INTO casj_idioma_lector (id_idioma_lector, id_idioma, id_miembro, id_club) VALUES (78, 2, 62, NULL);
INSERT INTO casj_idioma_lector (id_idioma_lector, id_idioma, id_miembro, id_club) VALUES (79, 2, 63, NULL);
INSERT INTO casj_idioma_lector (id_idioma_lector, id_idioma, id_miembro, id_club) VALUES (80, 2, 64, NULL);
INSERT INTO casj_idioma_lector (id_idioma_lector, id_idioma, id_miembro, id_club) VALUES (81, 2, 65, NULL);
INSERT INTO casj_idioma_lector (id_idioma_lector, id_idioma, id_miembro, id_club) VALUES (82, 2, 66, NULL);
INSERT INTO casj_idioma_lector (id_idioma_lector, id_idioma, id_miembro, id_club) VALUES (83, 2, 67, NULL);
INSERT INTO casj_idioma_lector (id_idioma_lector, id_idioma, id_miembro, id_club) VALUES (84, 2, 68, NULL);
INSERT INTO casj_idioma_lector (id_idioma_lector, id_idioma, id_miembro, id_club) VALUES (85, 2, 69, NULL);
INSERT INTO casj_idioma_lector (id_idioma_lector, id_idioma, id_miembro, id_club) VALUES (86, 2, 70, NULL);
INSERT INTO casj_idioma_lector (id_idioma_lector, id_idioma, id_miembro, id_club) VALUES (87, 2, 71, NULL);
INSERT INTO casj_idioma_lector (id_idioma_lector, id_idioma, id_miembro, id_club) VALUES (88, 2, 72, NULL);
INSERT INTO casj_idioma_lector (id_idioma_lector, id_idioma, id_miembro, id_club) VALUES (89, 6, 73, NULL);
INSERT INTO casj_idioma_lector (id_idioma_lector, id_idioma, id_miembro, id_club) VALUES (90, 6, 74, NULL);
INSERT INTO casj_idioma_lector (id_idioma_lector, id_idioma, id_miembro, id_club) VALUES (91, 2, 74, NULL);
INSERT INTO casj_idioma_lector (id_idioma_lector, id_idioma, id_miembro, id_club) VALUES (92, 6, 75, NULL);
INSERT INTO casj_idioma_lector (id_idioma_lector, id_idioma, id_miembro, id_club) VALUES (93, 6, 76, NULL);
INSERT INTO casj_idioma_lector (id_idioma_lector, id_idioma, id_miembro, id_club) VALUES (94, 6, 77, NULL);
INSERT INTO casj_idioma_lector (id_idioma_lector, id_idioma, id_miembro, id_club) VALUES (95, 6, 78, NULL);
INSERT INTO casj_idioma_lector (id_idioma_lector, id_idioma, id_miembro, id_club) VALUES (96, 6, 79, NULL);
INSERT INTO casj_idioma_lector (id_idioma_lector, id_idioma, id_miembro, id_club) VALUES (97, 6, 80, NULL);
INSERT INTO casj_idioma_lector (id_idioma_lector, id_idioma, id_miembro, id_club) VALUES (98, 2, 80, NULL);
INSERT INTO casj_idioma_lector (id_idioma_lector, id_idioma, id_miembro, id_club) VALUES (99, 6, 81, NULL);
INSERT INTO casj_idioma_lector (id_idioma_lector, id_idioma, id_miembro, id_club) VALUES (100, 6, 82, NULL);
INSERT INTO casj_idioma_lector (id_idioma_lector, id_idioma, id_miembro, id_club) VALUES (101, 2, 82, NULL);
INSERT INTO casj_idioma_lector (id_idioma_lector, id_idioma, id_miembro, id_club) VALUES (102, 6, 83, NULL);
INSERT INTO casj_idioma_lector (id_idioma_lector, id_idioma, id_miembro, id_club) VALUES (103, 6, 84, NULL);
INSERT INTO casj_idioma_lector (id_idioma_lector, id_idioma, id_miembro, id_club) VALUES (104, 2, 84, NULL);
INSERT INTO casj_idioma_lector (id_idioma_lector, id_idioma, id_miembro, id_club) VALUES (105, 3, 85, NULL);
INSERT INTO casj_idioma_lector (id_idioma_lector, id_idioma, id_miembro, id_club) VALUES (106, 3, 86, NULL);
INSERT INTO casj_idioma_lector (id_idioma_lector, id_idioma, id_miembro, id_club) VALUES (107, 3, 87, NULL);
INSERT INTO casj_idioma_lector (id_idioma_lector, id_idioma, id_miembro, id_club) VALUES (108, 3, 88, NULL);
INSERT INTO casj_idioma_lector (id_idioma_lector, id_idioma, id_miembro, id_club) VALUES (109, 3, 89, NULL);
INSERT INTO casj_idioma_lector (id_idioma_lector, id_idioma, id_miembro, id_club) VALUES (110, 3, 90, NULL);
INSERT INTO casj_idioma_lector (id_idioma_lector, id_idioma, id_miembro, id_club) VALUES (111, 3, 91, NULL);
INSERT INTO casj_idioma_lector (id_idioma_lector, id_idioma, id_miembro, id_club) VALUES (112, 3, 92, NULL);
INSERT INTO casj_idioma_lector (id_idioma_lector, id_idioma, id_miembro, id_club) VALUES (113, 3, 93, NULL);
INSERT INTO casj_idioma_lector (id_idioma_lector, id_idioma, id_miembro, id_club) VALUES (114, 3, 94, NULL);
INSERT INTO casj_idioma_lector (id_idioma_lector, id_idioma, id_miembro, id_club) VALUES (115, 3, 95, NULL);
INSERT INTO casj_idioma_lector (id_idioma_lector, id_idioma, id_miembro, id_club) VALUES (116, 3, 96, NULL);

-- ============================================================
-- HISTORICO_MEMBRESIA
-- ============================================================
INSERT INTO casj_historico_membresia (id_miembro, id_club, fecha_inicio, activo, fecha_fin, motivo_salida) VALUES (1, 1, TO_DATE('2025-07-19', 'YYYY-MM-DD'), 'S', NULL, NULL);
INSERT INTO casj_historico_membresia (id_miembro, id_club, fecha_inicio, activo, fecha_fin, motivo_salida) VALUES (2, 1, TO_DATE('2025-03-06', 'YYYY-MM-DD'), 'S', NULL, NULL);
INSERT INTO casj_historico_membresia (id_miembro, id_club, fecha_inicio, activo, fecha_fin, motivo_salida) VALUES (3, 1, TO_DATE('2023-02-20', 'YYYY-MM-DD'), 'S', NULL, NULL);
INSERT INTO casj_historico_membresia (id_miembro, id_club, fecha_inicio, activo, fecha_fin, motivo_salida) VALUES (4, 1, TO_DATE('2024-10-22', 'YYYY-MM-DD'), 'S', NULL, NULL);
INSERT INTO casj_historico_membresia (id_miembro, id_club, fecha_inicio, activo, fecha_fin, motivo_salida) VALUES (5, 1, TO_DATE('2023-08-19', 'YYYY-MM-DD'), 'S', NULL, NULL);
INSERT INTO casj_historico_membresia (id_miembro, id_club, fecha_inicio, activo, fecha_fin, motivo_salida) VALUES (6, 1, TO_DATE('2023-04-15', 'YYYY-MM-DD'), 'S', NULL, NULL);
INSERT INTO casj_historico_membresia (id_miembro, id_club, fecha_inicio, activo, fecha_fin, motivo_salida) VALUES (7, 1, TO_DATE('2025-05-15', 'YYYY-MM-DD'), 'S', NULL, NULL);
INSERT INTO casj_historico_membresia (id_miembro, id_club, fecha_inicio, activo, fecha_fin, motivo_salida) VALUES (8, 1, TO_DATE('2024-11-01', 'YYYY-MM-DD'), 'S', NULL, NULL);
INSERT INTO casj_historico_membresia (id_miembro, id_club, fecha_inicio, activo, fecha_fin, motivo_salida) VALUES (9, 1, TO_DATE('2024-05-22', 'YYYY-MM-DD'), 'S', NULL, NULL);
INSERT INTO casj_historico_membresia (id_miembro, id_club, fecha_inicio, activo, fecha_fin, motivo_salida) VALUES (10, 1, TO_DATE('2025-03-03', 'YYYY-MM-DD'), 'S', NULL, NULL);
INSERT INTO casj_historico_membresia (id_miembro, id_club, fecha_inicio, activo, fecha_fin, motivo_salida) VALUES (11, 1, TO_DATE('2024-06-19', 'YYYY-MM-DD'), 'S', NULL, NULL);
INSERT INTO casj_historico_membresia (id_miembro, id_club, fecha_inicio, activo, fecha_fin, motivo_salida) VALUES (12, 1, TO_DATE('2024-11-14', 'YYYY-MM-DD'), 'S', NULL, NULL);
INSERT INTO casj_historico_membresia (id_miembro, id_club, fecha_inicio, activo, fecha_fin, motivo_salida) VALUES (13, 2, TO_DATE('2025-05-15', 'YYYY-MM-DD'), 'S', NULL, NULL);
INSERT INTO casj_historico_membresia (id_miembro, id_club, fecha_inicio, activo, fecha_fin, motivo_salida) VALUES (14, 2, TO_DATE('2024-04-13', 'YYYY-MM-DD'), 'S', NULL, NULL);
INSERT INTO casj_historico_membresia (id_miembro, id_club, fecha_inicio, activo, fecha_fin, motivo_salida) VALUES (15, 2, TO_DATE('2024-02-08', 'YYYY-MM-DD'), 'S', NULL, NULL);
INSERT INTO casj_historico_membresia (id_miembro, id_club, fecha_inicio, activo, fecha_fin, motivo_salida) VALUES (16, 2, TO_DATE('2024-10-12', 'YYYY-MM-DD'), 'S', NULL, NULL);
INSERT INTO casj_historico_membresia (id_miembro, id_club, fecha_inicio, activo, fecha_fin, motivo_salida) VALUES (17, 2, TO_DATE('2025-05-23', 'YYYY-MM-DD'), 'S', NULL, NULL);
INSERT INTO casj_historico_membresia (id_miembro, id_club, fecha_inicio, activo, fecha_fin, motivo_salida) VALUES (18, 2, TO_DATE('2024-01-27', 'YYYY-MM-DD'), 'S', NULL, NULL);
INSERT INTO casj_historico_membresia (id_miembro, id_club, fecha_inicio, activo, fecha_fin, motivo_salida) VALUES (19, 2, TO_DATE('2025-07-09', 'YYYY-MM-DD'), 'S', NULL, NULL);
INSERT INTO casj_historico_membresia (id_miembro, id_club, fecha_inicio, activo, fecha_fin, motivo_salida) VALUES (20, 2, TO_DATE('2023-10-28', 'YYYY-MM-DD'), 'S', NULL, NULL);
INSERT INTO casj_historico_membresia (id_miembro, id_club, fecha_inicio, activo, fecha_fin, motivo_salida) VALUES (21, 2, TO_DATE('2025-12-02', 'YYYY-MM-DD'), 'S', NULL, NULL);
INSERT INTO casj_historico_membresia (id_miembro, id_club, fecha_inicio, activo, fecha_fin, motivo_salida) VALUES (22, 2, TO_DATE('2025-12-16', 'YYYY-MM-DD'), 'S', NULL, NULL);
INSERT INTO casj_historico_membresia (id_miembro, id_club, fecha_inicio, activo, fecha_fin, motivo_salida) VALUES (23, 2, TO_DATE('2024-04-20', 'YYYY-MM-DD'), 'S', NULL, NULL);
INSERT INTO casj_historico_membresia (id_miembro, id_club, fecha_inicio, activo, fecha_fin, motivo_salida) VALUES (24, 2, TO_DATE('2024-04-21', 'YYYY-MM-DD'), 'S', NULL, NULL);
INSERT INTO casj_historico_membresia (id_miembro, id_club, fecha_inicio, activo, fecha_fin, motivo_salida) VALUES (25, 3, TO_DATE('2023-10-09', 'YYYY-MM-DD'), 'S', NULL, NULL);
INSERT INTO casj_historico_membresia (id_miembro, id_club, fecha_inicio, activo, fecha_fin, motivo_salida) VALUES (26, 3, TO_DATE('2025-12-25', 'YYYY-MM-DD'), 'S', NULL, NULL);
INSERT INTO casj_historico_membresia (id_miembro, id_club, fecha_inicio, activo, fecha_fin, motivo_salida) VALUES (27, 3, TO_DATE('2025-11-27', 'YYYY-MM-DD'), 'S', NULL, NULL);
INSERT INTO casj_historico_membresia (id_miembro, id_club, fecha_inicio, activo, fecha_fin, motivo_salida) VALUES (28, 3, TO_DATE('2023-11-04', 'YYYY-MM-DD'), 'S', NULL, NULL);
INSERT INTO casj_historico_membresia (id_miembro, id_club, fecha_inicio, activo, fecha_fin, motivo_salida) VALUES (29, 3, TO_DATE('2025-11-02', 'YYYY-MM-DD'), 'S', NULL, NULL);
INSERT INTO casj_historico_membresia (id_miembro, id_club, fecha_inicio, activo, fecha_fin, motivo_salida) VALUES (30, 3, TO_DATE('2024-08-02', 'YYYY-MM-DD'), 'S', NULL, NULL);
INSERT INTO casj_historico_membresia (id_miembro, id_club, fecha_inicio, activo, fecha_fin, motivo_salida) VALUES (31, 3, TO_DATE('2025-06-24', 'YYYY-MM-DD'), 'S', NULL, NULL);
INSERT INTO casj_historico_membresia (id_miembro, id_club, fecha_inicio, activo, fecha_fin, motivo_salida) VALUES (32, 3, TO_DATE('2023-02-10', 'YYYY-MM-DD'), 'S', NULL, NULL);
INSERT INTO casj_historico_membresia (id_miembro, id_club, fecha_inicio, activo, fecha_fin, motivo_salida) VALUES (33, 3, TO_DATE('2024-12-14', 'YYYY-MM-DD'), 'S', NULL, NULL);
INSERT INTO casj_historico_membresia (id_miembro, id_club, fecha_inicio, activo, fecha_fin, motivo_salida) VALUES (34, 3, TO_DATE('2023-04-05', 'YYYY-MM-DD'), 'S', NULL, NULL);
INSERT INTO casj_historico_membresia (id_miembro, id_club, fecha_inicio, activo, fecha_fin, motivo_salida) VALUES (35, 3, TO_DATE('2025-06-17', 'YYYY-MM-DD'), 'S', NULL, NULL);
INSERT INTO casj_historico_membresia (id_miembro, id_club, fecha_inicio, activo, fecha_fin, motivo_salida) VALUES (36, 3, TO_DATE('2025-05-27', 'YYYY-MM-DD'), 'S', NULL, NULL);
INSERT INTO casj_historico_membresia (id_miembro, id_club, fecha_inicio, activo, fecha_fin, motivo_salida) VALUES (37, 4, TO_DATE('2023-05-27', 'YYYY-MM-DD'), 'S', NULL, NULL);
INSERT INTO casj_historico_membresia (id_miembro, id_club, fecha_inicio, activo, fecha_fin, motivo_salida) VALUES (38, 4, TO_DATE('2024-05-24', 'YYYY-MM-DD'), 'S', NULL, NULL);
INSERT INTO casj_historico_membresia (id_miembro, id_club, fecha_inicio, activo, fecha_fin, motivo_salida) VALUES (39, 4, TO_DATE('2024-02-15', 'YYYY-MM-DD'), 'S', NULL, NULL);
INSERT INTO casj_historico_membresia (id_miembro, id_club, fecha_inicio, activo, fecha_fin, motivo_salida) VALUES (40, 4, TO_DATE('2023-03-25', 'YYYY-MM-DD'), 'S', NULL, NULL);
INSERT INTO casj_historico_membresia (id_miembro, id_club, fecha_inicio, activo, fecha_fin, motivo_salida) VALUES (41, 4, TO_DATE('2023-11-24', 'YYYY-MM-DD'), 'S', NULL, NULL);
INSERT INTO casj_historico_membresia (id_miembro, id_club, fecha_inicio, activo, fecha_fin, motivo_salida) VALUES (42, 4, TO_DATE('2025-07-28', 'YYYY-MM-DD'), 'S', NULL, NULL);
INSERT INTO casj_historico_membresia (id_miembro, id_club, fecha_inicio, activo, fecha_fin, motivo_salida) VALUES (43, 4, TO_DATE('2025-06-03', 'YYYY-MM-DD'), 'S', NULL, NULL);
INSERT INTO casj_historico_membresia (id_miembro, id_club, fecha_inicio, activo, fecha_fin, motivo_salida) VALUES (44, 4, TO_DATE('2024-01-09', 'YYYY-MM-DD'), 'S', NULL, NULL);
INSERT INTO casj_historico_membresia (id_miembro, id_club, fecha_inicio, activo, fecha_fin, motivo_salida) VALUES (45, 4, TO_DATE('2025-02-15', 'YYYY-MM-DD'), 'S', NULL, NULL);
INSERT INTO casj_historico_membresia (id_miembro, id_club, fecha_inicio, activo, fecha_fin, motivo_salida) VALUES (46, 4, TO_DATE('2024-11-24', 'YYYY-MM-DD'), 'S', NULL, NULL);
INSERT INTO casj_historico_membresia (id_miembro, id_club, fecha_inicio, activo, fecha_fin, motivo_salida) VALUES (47, 4, TO_DATE('2025-05-19', 'YYYY-MM-DD'), 'S', NULL, NULL);
INSERT INTO casj_historico_membresia (id_miembro, id_club, fecha_inicio, activo, fecha_fin, motivo_salida) VALUES (48, 4, TO_DATE('2024-11-12', 'YYYY-MM-DD'), 'S', NULL, NULL);
INSERT INTO casj_historico_membresia (id_miembro, id_club, fecha_inicio, activo, fecha_fin, motivo_salida) VALUES (49, 5, TO_DATE('2023-11-08', 'YYYY-MM-DD'), 'S', NULL, NULL);
INSERT INTO casj_historico_membresia (id_miembro, id_club, fecha_inicio, activo, fecha_fin, motivo_salida) VALUES (50, 5, TO_DATE('2024-01-20', 'YYYY-MM-DD'), 'S', NULL, NULL);
INSERT INTO casj_historico_membresia (id_miembro, id_club, fecha_inicio, activo, fecha_fin, motivo_salida) VALUES (51, 5, TO_DATE('2025-06-20', 'YYYY-MM-DD'), 'S', NULL, NULL);
INSERT INTO casj_historico_membresia (id_miembro, id_club, fecha_inicio, activo, fecha_fin, motivo_salida) VALUES (52, 5, TO_DATE('2023-11-03', 'YYYY-MM-DD'), 'S', NULL, NULL);
INSERT INTO casj_historico_membresia (id_miembro, id_club, fecha_inicio, activo, fecha_fin, motivo_salida) VALUES (53, 5, TO_DATE('2025-08-23', 'YYYY-MM-DD'), 'S', NULL, NULL);
INSERT INTO casj_historico_membresia (id_miembro, id_club, fecha_inicio, activo, fecha_fin, motivo_salida) VALUES (54, 5, TO_DATE('2024-11-14', 'YYYY-MM-DD'), 'S', NULL, NULL);
INSERT INTO casj_historico_membresia (id_miembro, id_club, fecha_inicio, activo, fecha_fin, motivo_salida) VALUES (55, 5, TO_DATE('2023-03-02', 'YYYY-MM-DD'), 'S', NULL, NULL);
INSERT INTO casj_historico_membresia (id_miembro, id_club, fecha_inicio, activo, fecha_fin, motivo_salida) VALUES (56, 5, TO_DATE('2023-05-16', 'YYYY-MM-DD'), 'S', NULL, NULL);
INSERT INTO casj_historico_membresia (id_miembro, id_club, fecha_inicio, activo, fecha_fin, motivo_salida) VALUES (57, 5, TO_DATE('2023-02-08', 'YYYY-MM-DD'), 'S', NULL, NULL);
INSERT INTO casj_historico_membresia (id_miembro, id_club, fecha_inicio, activo, fecha_fin, motivo_salida) VALUES (58, 5, TO_DATE('2025-03-13', 'YYYY-MM-DD'), 'S', NULL, NULL);
INSERT INTO casj_historico_membresia (id_miembro, id_club, fecha_inicio, activo, fecha_fin, motivo_salida) VALUES (59, 5, TO_DATE('2024-06-22', 'YYYY-MM-DD'), 'S', NULL, NULL);
INSERT INTO casj_historico_membresia (id_miembro, id_club, fecha_inicio, activo, fecha_fin, motivo_salida) VALUES (60, 5, TO_DATE('2025-12-18', 'YYYY-MM-DD'), 'S', NULL, NULL);
INSERT INTO casj_historico_membresia (id_miembro, id_club, fecha_inicio, activo, fecha_fin, motivo_salida) VALUES (61, 6, TO_DATE('2024-10-24', 'YYYY-MM-DD'), 'S', NULL, NULL);
INSERT INTO casj_historico_membresia (id_miembro, id_club, fecha_inicio, activo, fecha_fin, motivo_salida) VALUES (62, 6, TO_DATE('2025-03-14', 'YYYY-MM-DD'), 'S', NULL, NULL);
INSERT INTO casj_historico_membresia (id_miembro, id_club, fecha_inicio, activo, fecha_fin, motivo_salida) VALUES (63, 6, TO_DATE('2025-02-27', 'YYYY-MM-DD'), 'S', NULL, NULL);
INSERT INTO casj_historico_membresia (id_miembro, id_club, fecha_inicio, activo, fecha_fin, motivo_salida) VALUES (64, 6, TO_DATE('2024-10-14', 'YYYY-MM-DD'), 'S', NULL, NULL);
INSERT INTO casj_historico_membresia (id_miembro, id_club, fecha_inicio, activo, fecha_fin, motivo_salida) VALUES (65, 6, TO_DATE('2024-01-23', 'YYYY-MM-DD'), 'S', NULL, NULL);
INSERT INTO casj_historico_membresia (id_miembro, id_club, fecha_inicio, activo, fecha_fin, motivo_salida) VALUES (66, 6, TO_DATE('2024-04-15', 'YYYY-MM-DD'), 'S', NULL, NULL);
INSERT INTO casj_historico_membresia (id_miembro, id_club, fecha_inicio, activo, fecha_fin, motivo_salida) VALUES (67, 6, TO_DATE('2024-04-28', 'YYYY-MM-DD'), 'S', NULL, NULL);
INSERT INTO casj_historico_membresia (id_miembro, id_club, fecha_inicio, activo, fecha_fin, motivo_salida) VALUES (68, 6, TO_DATE('2024-02-22', 'YYYY-MM-DD'), 'S', NULL, NULL);
INSERT INTO casj_historico_membresia (id_miembro, id_club, fecha_inicio, activo, fecha_fin, motivo_salida) VALUES (69, 6, TO_DATE('2024-09-21', 'YYYY-MM-DD'), 'S', NULL, NULL);
INSERT INTO casj_historico_membresia (id_miembro, id_club, fecha_inicio, activo, fecha_fin, motivo_salida) VALUES (70, 6, TO_DATE('2024-01-13', 'YYYY-MM-DD'), 'S', NULL, NULL);
INSERT INTO casj_historico_membresia (id_miembro, id_club, fecha_inicio, activo, fecha_fin, motivo_salida) VALUES (71, 6, TO_DATE('2024-04-04', 'YYYY-MM-DD'), 'S', NULL, NULL);
INSERT INTO casj_historico_membresia (id_miembro, id_club, fecha_inicio, activo, fecha_fin, motivo_salida) VALUES (72, 6, TO_DATE('2024-02-22', 'YYYY-MM-DD'), 'S', NULL, NULL);
INSERT INTO casj_historico_membresia (id_miembro, id_club, fecha_inicio, activo, fecha_fin, motivo_salida) VALUES (73, 7, TO_DATE('2023-11-21', 'YYYY-MM-DD'), 'S', NULL, NULL);
INSERT INTO casj_historico_membresia (id_miembro, id_club, fecha_inicio, activo, fecha_fin, motivo_salida) VALUES (74, 7, TO_DATE('2025-01-02', 'YYYY-MM-DD'), 'S', NULL, NULL);
INSERT INTO casj_historico_membresia (id_miembro, id_club, fecha_inicio, activo, fecha_fin, motivo_salida) VALUES (75, 7, TO_DATE('2024-04-05', 'YYYY-MM-DD'), 'S', NULL, NULL);
INSERT INTO casj_historico_membresia (id_miembro, id_club, fecha_inicio, activo, fecha_fin, motivo_salida) VALUES (76, 7, TO_DATE('2025-04-03', 'YYYY-MM-DD'), 'S', NULL, NULL);
INSERT INTO casj_historico_membresia (id_miembro, id_club, fecha_inicio, activo, fecha_fin, motivo_salida) VALUES (77, 7, TO_DATE('2025-04-19', 'YYYY-MM-DD'), 'S', NULL, NULL);
INSERT INTO casj_historico_membresia (id_miembro, id_club, fecha_inicio, activo, fecha_fin, motivo_salida) VALUES (78, 7, TO_DATE('2023-04-11', 'YYYY-MM-DD'), 'S', NULL, NULL);
INSERT INTO casj_historico_membresia (id_miembro, id_club, fecha_inicio, activo, fecha_fin, motivo_salida) VALUES (79, 7, TO_DATE('2023-10-01', 'YYYY-MM-DD'), 'S', NULL, NULL);
INSERT INTO casj_historico_membresia (id_miembro, id_club, fecha_inicio, activo, fecha_fin, motivo_salida) VALUES (80, 7, TO_DATE('2024-03-05', 'YYYY-MM-DD'), 'S', NULL, NULL);
INSERT INTO casj_historico_membresia (id_miembro, id_club, fecha_inicio, activo, fecha_fin, motivo_salida) VALUES (81, 7, TO_DATE('2025-05-26', 'YYYY-MM-DD'), 'S', NULL, NULL);
INSERT INTO casj_historico_membresia (id_miembro, id_club, fecha_inicio, activo, fecha_fin, motivo_salida) VALUES (82, 7, TO_DATE('2023-02-22', 'YYYY-MM-DD'), 'S', NULL, NULL);
INSERT INTO casj_historico_membresia (id_miembro, id_club, fecha_inicio, activo, fecha_fin, motivo_salida) VALUES (83, 7, TO_DATE('2023-03-01', 'YYYY-MM-DD'), 'S', NULL, NULL);
INSERT INTO casj_historico_membresia (id_miembro, id_club, fecha_inicio, activo, fecha_fin, motivo_salida) VALUES (84, 7, TO_DATE('2024-04-19', 'YYYY-MM-DD'), 'S', NULL, NULL);
INSERT INTO casj_historico_membresia (id_miembro, id_club, fecha_inicio, activo, fecha_fin, motivo_salida) VALUES (85, 8, TO_DATE('2024-01-06', 'YYYY-MM-DD'), 'S', NULL, NULL);
INSERT INTO casj_historico_membresia (id_miembro, id_club, fecha_inicio, activo, fecha_fin, motivo_salida) VALUES (86, 8, TO_DATE('2024-01-05', 'YYYY-MM-DD'), 'S', NULL, NULL);
INSERT INTO casj_historico_membresia (id_miembro, id_club, fecha_inicio, activo, fecha_fin, motivo_salida) VALUES (87, 8, TO_DATE('2025-07-17', 'YYYY-MM-DD'), 'S', NULL, NULL);
INSERT INTO casj_historico_membresia (id_miembro, id_club, fecha_inicio, activo, fecha_fin, motivo_salida) VALUES (88, 8, TO_DATE('2023-12-03', 'YYYY-MM-DD'), 'S', NULL, NULL);
INSERT INTO casj_historico_membresia (id_miembro, id_club, fecha_inicio, activo, fecha_fin, motivo_salida) VALUES (89, 8, TO_DATE('2024-08-25', 'YYYY-MM-DD'), 'S', NULL, NULL);
INSERT INTO casj_historico_membresia (id_miembro, id_club, fecha_inicio, activo, fecha_fin, motivo_salida) VALUES (90, 8, TO_DATE('2024-09-19', 'YYYY-MM-DD'), 'S', NULL, NULL);
INSERT INTO casj_historico_membresia (id_miembro, id_club, fecha_inicio, activo, fecha_fin, motivo_salida) VALUES (91, 8, TO_DATE('2023-08-17', 'YYYY-MM-DD'), 'S', NULL, NULL);
INSERT INTO casj_historico_membresia (id_miembro, id_club, fecha_inicio, activo, fecha_fin, motivo_salida) VALUES (92, 8, TO_DATE('2023-10-02', 'YYYY-MM-DD'), 'S', NULL, NULL);
INSERT INTO casj_historico_membresia (id_miembro, id_club, fecha_inicio, activo, fecha_fin, motivo_salida) VALUES (93, 8, TO_DATE('2025-11-17', 'YYYY-MM-DD'), 'S', NULL, NULL);
INSERT INTO casj_historico_membresia (id_miembro, id_club, fecha_inicio, activo, fecha_fin, motivo_salida) VALUES (94, 8, TO_DATE('2024-08-21', 'YYYY-MM-DD'), 'S', NULL, NULL);
INSERT INTO casj_historico_membresia (id_miembro, id_club, fecha_inicio, activo, fecha_fin, motivo_salida) VALUES (95, 8, TO_DATE('2023-01-16', 'YYYY-MM-DD'), 'S', NULL, NULL);
INSERT INTO casj_historico_membresia (id_miembro, id_club, fecha_inicio, activo, fecha_fin, motivo_salida) VALUES (96, 8, TO_DATE('2024-07-22', 'YYYY-MM-DD'), 'S', NULL, NULL);

-- ============================================================
-- PAGO_MEMBRESIA
-- ============================================================
INSERT INTO casj_pago_membresia (id_pago, id_miembro, id_club, fecha_inicio_membresia, fecha_pago) VALUES (1, 1, 1, TO_DATE('2025-07-19', 'YYYY-MM-DD'), TO_DATE('2025-07-19', 'YYYY-MM-DD'));
INSERT INTO casj_pago_membresia (id_pago, id_miembro, id_club, fecha_inicio_membresia, fecha_pago) VALUES (2, 2, 1, TO_DATE('2025-03-06', 'YYYY-MM-DD'), TO_DATE('2025-03-06', 'YYYY-MM-DD'));
INSERT INTO casj_pago_membresia (id_pago, id_miembro, id_club, fecha_inicio_membresia, fecha_pago) VALUES (3, 3, 1, TO_DATE('2023-02-20', 'YYYY-MM-DD'), TO_DATE('2023-02-20', 'YYYY-MM-DD'));
INSERT INTO casj_pago_membresia (id_pago, id_miembro, id_club, fecha_inicio_membresia, fecha_pago) VALUES (4, 4, 1, TO_DATE('2024-10-22', 'YYYY-MM-DD'), TO_DATE('2024-10-22', 'YYYY-MM-DD'));
INSERT INTO casj_pago_membresia (id_pago, id_miembro, id_club, fecha_inicio_membresia, fecha_pago) VALUES (5, 5, 1, TO_DATE('2023-08-19', 'YYYY-MM-DD'), TO_DATE('2023-08-19', 'YYYY-MM-DD'));
INSERT INTO casj_pago_membresia (id_pago, id_miembro, id_club, fecha_inicio_membresia, fecha_pago) VALUES (6, 6, 1, TO_DATE('2023-04-15', 'YYYY-MM-DD'), TO_DATE('2023-04-15', 'YYYY-MM-DD'));
INSERT INTO casj_pago_membresia (id_pago, id_miembro, id_club, fecha_inicio_membresia, fecha_pago) VALUES (7, 7, 1, TO_DATE('2025-05-15', 'YYYY-MM-DD'), TO_DATE('2025-05-15', 'YYYY-MM-DD'));
INSERT INTO casj_pago_membresia (id_pago, id_miembro, id_club, fecha_inicio_membresia, fecha_pago) VALUES (8, 8, 1, TO_DATE('2024-11-01', 'YYYY-MM-DD'), TO_DATE('2024-11-01', 'YYYY-MM-DD'));
INSERT INTO casj_pago_membresia (id_pago, id_miembro, id_club, fecha_inicio_membresia, fecha_pago) VALUES (9, 9, 1, TO_DATE('2024-05-22', 'YYYY-MM-DD'), TO_DATE('2024-05-22', 'YYYY-MM-DD'));
INSERT INTO casj_pago_membresia (id_pago, id_miembro, id_club, fecha_inicio_membresia, fecha_pago) VALUES (10, 10, 1, TO_DATE('2025-03-03', 'YYYY-MM-DD'), TO_DATE('2025-03-03', 'YYYY-MM-DD'));
INSERT INTO casj_pago_membresia (id_pago, id_miembro, id_club, fecha_inicio_membresia, fecha_pago) VALUES (11, 11, 1, TO_DATE('2024-06-19', 'YYYY-MM-DD'), TO_DATE('2024-06-19', 'YYYY-MM-DD'));
INSERT INTO casj_pago_membresia (id_pago, id_miembro, id_club, fecha_inicio_membresia, fecha_pago) VALUES (12, 12, 1, TO_DATE('2024-11-14', 'YYYY-MM-DD'), TO_DATE('2024-11-14', 'YYYY-MM-DD'));
INSERT INTO casj_pago_membresia (id_pago, id_miembro, id_club, fecha_inicio_membresia, fecha_pago) VALUES (13, 25, 3, TO_DATE('2023-10-09', 'YYYY-MM-DD'), TO_DATE('2023-10-09', 'YYYY-MM-DD'));
INSERT INTO casj_pago_membresia (id_pago, id_miembro, id_club, fecha_inicio_membresia, fecha_pago) VALUES (14, 26, 3, TO_DATE('2025-12-25', 'YYYY-MM-DD'), TO_DATE('2025-12-25', 'YYYY-MM-DD'));
INSERT INTO casj_pago_membresia (id_pago, id_miembro, id_club, fecha_inicio_membresia, fecha_pago) VALUES (15, 27, 3, TO_DATE('2025-11-27', 'YYYY-MM-DD'), TO_DATE('2025-11-27', 'YYYY-MM-DD'));
INSERT INTO casj_pago_membresia (id_pago, id_miembro, id_club, fecha_inicio_membresia, fecha_pago) VALUES (16, 28, 3, TO_DATE('2023-11-04', 'YYYY-MM-DD'), TO_DATE('2023-11-04', 'YYYY-MM-DD'));
INSERT INTO casj_pago_membresia (id_pago, id_miembro, id_club, fecha_inicio_membresia, fecha_pago) VALUES (17, 29, 3, TO_DATE('2025-11-02', 'YYYY-MM-DD'), TO_DATE('2025-11-02', 'YYYY-MM-DD'));
INSERT INTO casj_pago_membresia (id_pago, id_miembro, id_club, fecha_inicio_membresia, fecha_pago) VALUES (18, 30, 3, TO_DATE('2024-08-02', 'YYYY-MM-DD'), TO_DATE('2024-08-02', 'YYYY-MM-DD'));
INSERT INTO casj_pago_membresia (id_pago, id_miembro, id_club, fecha_inicio_membresia, fecha_pago) VALUES (19, 31, 3, TO_DATE('2025-06-24', 'YYYY-MM-DD'), TO_DATE('2025-06-24', 'YYYY-MM-DD'));
INSERT INTO casj_pago_membresia (id_pago, id_miembro, id_club, fecha_inicio_membresia, fecha_pago) VALUES (20, 32, 3, TO_DATE('2023-02-10', 'YYYY-MM-DD'), TO_DATE('2023-02-10', 'YYYY-MM-DD'));
INSERT INTO casj_pago_membresia (id_pago, id_miembro, id_club, fecha_inicio_membresia, fecha_pago) VALUES (21, 33, 3, TO_DATE('2024-12-14', 'YYYY-MM-DD'), TO_DATE('2024-12-14', 'YYYY-MM-DD'));
INSERT INTO casj_pago_membresia (id_pago, id_miembro, id_club, fecha_inicio_membresia, fecha_pago) VALUES (22, 34, 3, TO_DATE('2023-04-05', 'YYYY-MM-DD'), TO_DATE('2023-04-05', 'YYYY-MM-DD'));
INSERT INTO casj_pago_membresia (id_pago, id_miembro, id_club, fecha_inicio_membresia, fecha_pago) VALUES (23, 35, 3, TO_DATE('2025-06-17', 'YYYY-MM-DD'), TO_DATE('2025-06-17', 'YYYY-MM-DD'));
INSERT INTO casj_pago_membresia (id_pago, id_miembro, id_club, fecha_inicio_membresia, fecha_pago) VALUES (24, 36, 3, TO_DATE('2025-05-27', 'YYYY-MM-DD'), TO_DATE('2025-05-27', 'YYYY-MM-DD'));
INSERT INTO casj_pago_membresia (id_pago, id_miembro, id_club, fecha_inicio_membresia, fecha_pago) VALUES (25, 37, 4, TO_DATE('2023-05-27', 'YYYY-MM-DD'), TO_DATE('2023-05-27', 'YYYY-MM-DD'));
INSERT INTO casj_pago_membresia (id_pago, id_miembro, id_club, fecha_inicio_membresia, fecha_pago) VALUES (26, 38, 4, TO_DATE('2024-05-24', 'YYYY-MM-DD'), TO_DATE('2024-05-24', 'YYYY-MM-DD'));
INSERT INTO casj_pago_membresia (id_pago, id_miembro, id_club, fecha_inicio_membresia, fecha_pago) VALUES (27, 39, 4, TO_DATE('2024-02-15', 'YYYY-MM-DD'), TO_DATE('2024-02-15', 'YYYY-MM-DD'));
INSERT INTO casj_pago_membresia (id_pago, id_miembro, id_club, fecha_inicio_membresia, fecha_pago) VALUES (28, 40, 4, TO_DATE('2023-03-25', 'YYYY-MM-DD'), TO_DATE('2023-03-25', 'YYYY-MM-DD'));
INSERT INTO casj_pago_membresia (id_pago, id_miembro, id_club, fecha_inicio_membresia, fecha_pago) VALUES (29, 41, 4, TO_DATE('2023-11-24', 'YYYY-MM-DD'), TO_DATE('2023-11-24', 'YYYY-MM-DD'));
INSERT INTO casj_pago_membresia (id_pago, id_miembro, id_club, fecha_inicio_membresia, fecha_pago) VALUES (30, 42, 4, TO_DATE('2025-07-28', 'YYYY-MM-DD'), TO_DATE('2025-07-28', 'YYYY-MM-DD'));
INSERT INTO casj_pago_membresia (id_pago, id_miembro, id_club, fecha_inicio_membresia, fecha_pago) VALUES (31, 43, 4, TO_DATE('2025-06-03', 'YYYY-MM-DD'), TO_DATE('2025-06-03', 'YYYY-MM-DD'));
INSERT INTO casj_pago_membresia (id_pago, id_miembro, id_club, fecha_inicio_membresia, fecha_pago) VALUES (32, 44, 4, TO_DATE('2024-01-09', 'YYYY-MM-DD'), TO_DATE('2024-01-09', 'YYYY-MM-DD'));
INSERT INTO casj_pago_membresia (id_pago, id_miembro, id_club, fecha_inicio_membresia, fecha_pago) VALUES (33, 45, 4, TO_DATE('2025-02-15', 'YYYY-MM-DD'), TO_DATE('2025-02-15', 'YYYY-MM-DD'));
INSERT INTO casj_pago_membresia (id_pago, id_miembro, id_club, fecha_inicio_membresia, fecha_pago) VALUES (34, 46, 4, TO_DATE('2024-11-24', 'YYYY-MM-DD'), TO_DATE('2024-11-24', 'YYYY-MM-DD'));
INSERT INTO casj_pago_membresia (id_pago, id_miembro, id_club, fecha_inicio_membresia, fecha_pago) VALUES (35, 47, 4, TO_DATE('2025-05-19', 'YYYY-MM-DD'), TO_DATE('2025-05-19', 'YYYY-MM-DD'));
INSERT INTO casj_pago_membresia (id_pago, id_miembro, id_club, fecha_inicio_membresia, fecha_pago) VALUES (36, 48, 4, TO_DATE('2024-11-12', 'YYYY-MM-DD'), TO_DATE('2024-11-12', 'YYYY-MM-DD'));
INSERT INTO casj_pago_membresia (id_pago, id_miembro, id_club, fecha_inicio_membresia, fecha_pago) VALUES (37, 61, 6, TO_DATE('2024-10-24', 'YYYY-MM-DD'), TO_DATE('2024-10-24', 'YYYY-MM-DD'));
INSERT INTO casj_pago_membresia (id_pago, id_miembro, id_club, fecha_inicio_membresia, fecha_pago) VALUES (38, 62, 6, TO_DATE('2025-03-14', 'YYYY-MM-DD'), TO_DATE('2025-03-14', 'YYYY-MM-DD'));
INSERT INTO casj_pago_membresia (id_pago, id_miembro, id_club, fecha_inicio_membresia, fecha_pago) VALUES (39, 63, 6, TO_DATE('2025-02-27', 'YYYY-MM-DD'), TO_DATE('2025-02-27', 'YYYY-MM-DD'));
INSERT INTO casj_pago_membresia (id_pago, id_miembro, id_club, fecha_inicio_membresia, fecha_pago) VALUES (40, 64, 6, TO_DATE('2024-10-14', 'YYYY-MM-DD'), TO_DATE('2024-10-14', 'YYYY-MM-DD'));
INSERT INTO casj_pago_membresia (id_pago, id_miembro, id_club, fecha_inicio_membresia, fecha_pago) VALUES (41, 65, 6, TO_DATE('2024-01-23', 'YYYY-MM-DD'), TO_DATE('2024-01-23', 'YYYY-MM-DD'));
INSERT INTO casj_pago_membresia (id_pago, id_miembro, id_club, fecha_inicio_membresia, fecha_pago) VALUES (42, 66, 6, TO_DATE('2024-04-15', 'YYYY-MM-DD'), TO_DATE('2024-04-15', 'YYYY-MM-DD'));
INSERT INTO casj_pago_membresia (id_pago, id_miembro, id_club, fecha_inicio_membresia, fecha_pago) VALUES (43, 67, 6, TO_DATE('2024-04-28', 'YYYY-MM-DD'), TO_DATE('2024-04-28', 'YYYY-MM-DD'));
INSERT INTO casj_pago_membresia (id_pago, id_miembro, id_club, fecha_inicio_membresia, fecha_pago) VALUES (44, 68, 6, TO_DATE('2024-02-22', 'YYYY-MM-DD'), TO_DATE('2024-02-22', 'YYYY-MM-DD'));
INSERT INTO casj_pago_membresia (id_pago, id_miembro, id_club, fecha_inicio_membresia, fecha_pago) VALUES (45, 69, 6, TO_DATE('2024-09-21', 'YYYY-MM-DD'), TO_DATE('2024-09-21', 'YYYY-MM-DD'));
INSERT INTO casj_pago_membresia (id_pago, id_miembro, id_club, fecha_inicio_membresia, fecha_pago) VALUES (46, 70, 6, TO_DATE('2024-01-13', 'YYYY-MM-DD'), TO_DATE('2024-01-13', 'YYYY-MM-DD'));
INSERT INTO casj_pago_membresia (id_pago, id_miembro, id_club, fecha_inicio_membresia, fecha_pago) VALUES (47, 71, 6, TO_DATE('2024-04-04', 'YYYY-MM-DD'), TO_DATE('2024-04-04', 'YYYY-MM-DD'));
INSERT INTO casj_pago_membresia (id_pago, id_miembro, id_club, fecha_inicio_membresia, fecha_pago) VALUES (48, 72, 6, TO_DATE('2024-02-22', 'YYYY-MM-DD'), TO_DATE('2024-02-22', 'YYYY-MM-DD'));
INSERT INTO casj_pago_membresia (id_pago, id_miembro, id_club, fecha_inicio_membresia, fecha_pago) VALUES (49, 73, 7, TO_DATE('2023-11-21', 'YYYY-MM-DD'), TO_DATE('2023-11-21', 'YYYY-MM-DD'));
INSERT INTO casj_pago_membresia (id_pago, id_miembro, id_club, fecha_inicio_membresia, fecha_pago) VALUES (50, 74, 7, TO_DATE('2025-01-02', 'YYYY-MM-DD'), TO_DATE('2025-01-02', 'YYYY-MM-DD'));
INSERT INTO casj_pago_membresia (id_pago, id_miembro, id_club, fecha_inicio_membresia, fecha_pago) VALUES (51, 75, 7, TO_DATE('2024-04-05', 'YYYY-MM-DD'), TO_DATE('2024-04-05', 'YYYY-MM-DD'));
INSERT INTO casj_pago_membresia (id_pago, id_miembro, id_club, fecha_inicio_membresia, fecha_pago) VALUES (52, 76, 7, TO_DATE('2025-04-03', 'YYYY-MM-DD'), TO_DATE('2025-04-03', 'YYYY-MM-DD'));
INSERT INTO casj_pago_membresia (id_pago, id_miembro, id_club, fecha_inicio_membresia, fecha_pago) VALUES (53, 77, 7, TO_DATE('2025-04-19', 'YYYY-MM-DD'), TO_DATE('2025-04-19', 'YYYY-MM-DD'));
INSERT INTO casj_pago_membresia (id_pago, id_miembro, id_club, fecha_inicio_membresia, fecha_pago) VALUES (54, 78, 7, TO_DATE('2023-04-11', 'YYYY-MM-DD'), TO_DATE('2023-04-11', 'YYYY-MM-DD'));
INSERT INTO casj_pago_membresia (id_pago, id_miembro, id_club, fecha_inicio_membresia, fecha_pago) VALUES (55, 79, 7, TO_DATE('2023-10-01', 'YYYY-MM-DD'), TO_DATE('2023-10-01', 'YYYY-MM-DD'));
INSERT INTO casj_pago_membresia (id_pago, id_miembro, id_club, fecha_inicio_membresia, fecha_pago) VALUES (56, 80, 7, TO_DATE('2024-03-05', 'YYYY-MM-DD'), TO_DATE('2024-03-05', 'YYYY-MM-DD'));
INSERT INTO casj_pago_membresia (id_pago, id_miembro, id_club, fecha_inicio_membresia, fecha_pago) VALUES (57, 81, 7, TO_DATE('2025-05-26', 'YYYY-MM-DD'), TO_DATE('2025-05-26', 'YYYY-MM-DD'));
INSERT INTO casj_pago_membresia (id_pago, id_miembro, id_club, fecha_inicio_membresia, fecha_pago) VALUES (58, 82, 7, TO_DATE('2023-02-22', 'YYYY-MM-DD'), TO_DATE('2023-02-22', 'YYYY-MM-DD'));
INSERT INTO casj_pago_membresia (id_pago, id_miembro, id_club, fecha_inicio_membresia, fecha_pago) VALUES (59, 83, 7, TO_DATE('2023-03-01', 'YYYY-MM-DD'), TO_DATE('2023-03-01', 'YYYY-MM-DD'));
INSERT INTO casj_pago_membresia (id_pago, id_miembro, id_club, fecha_inicio_membresia, fecha_pago) VALUES (60, 84, 7, TO_DATE('2024-04-19', 'YYYY-MM-DD'), TO_DATE('2024-04-19', 'YYYY-MM-DD'));
INSERT INTO casj_pago_membresia (id_pago, id_miembro, id_club, fecha_inicio_membresia, fecha_pago) VALUES (61, 85, 8, TO_DATE('2024-01-06', 'YYYY-MM-DD'), TO_DATE('2024-01-06', 'YYYY-MM-DD'));
INSERT INTO casj_pago_membresia (id_pago, id_miembro, id_club, fecha_inicio_membresia, fecha_pago) VALUES (62, 86, 8, TO_DATE('2024-01-05', 'YYYY-MM-DD'), TO_DATE('2024-01-05', 'YYYY-MM-DD'));
INSERT INTO casj_pago_membresia (id_pago, id_miembro, id_club, fecha_inicio_membresia, fecha_pago) VALUES (63, 87, 8, TO_DATE('2025-07-17', 'YYYY-MM-DD'), TO_DATE('2025-07-17', 'YYYY-MM-DD'));
INSERT INTO casj_pago_membresia (id_pago, id_miembro, id_club, fecha_inicio_membresia, fecha_pago) VALUES (64, 88, 8, TO_DATE('2023-12-03', 'YYYY-MM-DD'), TO_DATE('2023-12-03', 'YYYY-MM-DD'));
INSERT INTO casj_pago_membresia (id_pago, id_miembro, id_club, fecha_inicio_membresia, fecha_pago) VALUES (65, 89, 8, TO_DATE('2024-08-25', 'YYYY-MM-DD'), TO_DATE('2024-08-25', 'YYYY-MM-DD'));
INSERT INTO casj_pago_membresia (id_pago, id_miembro, id_club, fecha_inicio_membresia, fecha_pago) VALUES (66, 90, 8, TO_DATE('2024-09-19', 'YYYY-MM-DD'), TO_DATE('2024-09-19', 'YYYY-MM-DD'));
INSERT INTO casj_pago_membresia (id_pago, id_miembro, id_club, fecha_inicio_membresia, fecha_pago) VALUES (67, 91, 8, TO_DATE('2023-08-17', 'YYYY-MM-DD'), TO_DATE('2023-08-17', 'YYYY-MM-DD'));
INSERT INTO casj_pago_membresia (id_pago, id_miembro, id_club, fecha_inicio_membresia, fecha_pago) VALUES (68, 92, 8, TO_DATE('2023-10-02', 'YYYY-MM-DD'), TO_DATE('2023-10-02', 'YYYY-MM-DD'));
INSERT INTO casj_pago_membresia (id_pago, id_miembro, id_club, fecha_inicio_membresia, fecha_pago) VALUES (69, 93, 8, TO_DATE('2025-11-17', 'YYYY-MM-DD'), TO_DATE('2025-11-17', 'YYYY-MM-DD'));
INSERT INTO casj_pago_membresia (id_pago, id_miembro, id_club, fecha_inicio_membresia, fecha_pago) VALUES (70, 94, 8, TO_DATE('2024-08-21', 'YYYY-MM-DD'), TO_DATE('2024-08-21', 'YYYY-MM-DD'));
INSERT INTO casj_pago_membresia (id_pago, id_miembro, id_club, fecha_inicio_membresia, fecha_pago) VALUES (71, 95, 8, TO_DATE('2023-01-16', 'YYYY-MM-DD'), TO_DATE('2023-01-16', 'YYYY-MM-DD'));
INSERT INTO casj_pago_membresia (id_pago, id_miembro, id_club, fecha_inicio_membresia, fecha_pago) VALUES (72, 96, 8, TO_DATE('2024-07-22', 'YYYY-MM-DD'), TO_DATE('2024-07-22', 'YYYY-MM-DD'));

-- ============================================================
-- GRUPOS_LECTURA
-- ============================================================
INSERT INTO casj_grupos_lectura (id_club, id_grupo, fecha_creacion, dia_reunion, hora_inicio, tipo) VALUES (1, 1, TO_DATE('2023-01-15', 'YYYY-MM-DD'), 1, '16:00', 'A');
INSERT INTO casj_grupos_lectura (id_club, id_grupo, fecha_creacion, dia_reunion, hora_inicio, tipo) VALUES (1, 2, TO_DATE('2023-01-15', 'YYYY-MM-DD'), 4, '10:00', 'J');
INSERT INTO casj_grupos_lectura (id_club, id_grupo, fecha_creacion, dia_reunion, hora_inicio, tipo) VALUES (1, 3, TO_DATE('2023-01-15', 'YYYY-MM-DD'), 1, '14:00', 'N');
INSERT INTO casj_grupos_lectura (id_club, id_grupo, fecha_creacion, dia_reunion, hora_inicio, tipo) VALUES (2, 1, TO_DATE('2023-01-15', 'YYYY-MM-DD'), 5, '11:00', 'A');
INSERT INTO casj_grupos_lectura (id_club, id_grupo, fecha_creacion, dia_reunion, hora_inicio, tipo) VALUES (2, 2, TO_DATE('2023-01-15', 'YYYY-MM-DD'), 1, '11:00', 'J');
INSERT INTO casj_grupos_lectura (id_club, id_grupo, fecha_creacion, dia_reunion, hora_inicio, tipo) VALUES (2, 3, TO_DATE('2023-01-15', 'YYYY-MM-DD'), 3, '18:00', 'N');
INSERT INTO casj_grupos_lectura (id_club, id_grupo, fecha_creacion, dia_reunion, hora_inicio, tipo) VALUES (3, 1, TO_DATE('2023-01-15', 'YYYY-MM-DD'), 5, '17:00', 'A');
INSERT INTO casj_grupos_lectura (id_club, id_grupo, fecha_creacion, dia_reunion, hora_inicio, tipo) VALUES (3, 2, TO_DATE('2023-01-15', 'YYYY-MM-DD'), 3, '15:00', 'J');
INSERT INTO casj_grupos_lectura (id_club, id_grupo, fecha_creacion, dia_reunion, hora_inicio, tipo) VALUES (3, 3, TO_DATE('2023-01-15', 'YYYY-MM-DD'), 5, '17:00', 'N');
INSERT INTO casj_grupos_lectura (id_club, id_grupo, fecha_creacion, dia_reunion, hora_inicio, tipo) VALUES (4, 1, TO_DATE('2023-01-15', 'YYYY-MM-DD'), 3, '16:00', 'A');
INSERT INTO casj_grupos_lectura (id_club, id_grupo, fecha_creacion, dia_reunion, hora_inicio, tipo) VALUES (4, 2, TO_DATE('2023-01-15', 'YYYY-MM-DD'), 5, '18:00', 'J');
INSERT INTO casj_grupos_lectura (id_club, id_grupo, fecha_creacion, dia_reunion, hora_inicio, tipo) VALUES (4, 3, TO_DATE('2023-01-15', 'YYYY-MM-DD'), 4, '10:00', 'N');
INSERT INTO casj_grupos_lectura (id_club, id_grupo, fecha_creacion, dia_reunion, hora_inicio, tipo) VALUES (5, 1, TO_DATE('2023-01-15', 'YYYY-MM-DD'), 1, '17:00', 'A');
INSERT INTO casj_grupos_lectura (id_club, id_grupo, fecha_creacion, dia_reunion, hora_inicio, tipo) VALUES (5, 2, TO_DATE('2023-01-15', 'YYYY-MM-DD'), 2, '15:00', 'J');
INSERT INTO casj_grupos_lectura (id_club, id_grupo, fecha_creacion, dia_reunion, hora_inicio, tipo) VALUES (5, 3, TO_DATE('2023-01-15', 'YYYY-MM-DD'), 4, '12:00', 'N');
INSERT INTO casj_grupos_lectura (id_club, id_grupo, fecha_creacion, dia_reunion, hora_inicio, tipo) VALUES (6, 1, TO_DATE('2023-01-15', 'YYYY-MM-DD'), 4, '14:00', 'A');
INSERT INTO casj_grupos_lectura (id_club, id_grupo, fecha_creacion, dia_reunion, hora_inicio, tipo) VALUES (6, 2, TO_DATE('2023-01-15', 'YYYY-MM-DD'), 4, '15:00', 'J');
INSERT INTO casj_grupos_lectura (id_club, id_grupo, fecha_creacion, dia_reunion, hora_inicio, tipo) VALUES (6, 3, TO_DATE('2023-01-15', 'YYYY-MM-DD'), 4, '10:00', 'N');
INSERT INTO casj_grupos_lectura (id_club, id_grupo, fecha_creacion, dia_reunion, hora_inicio, tipo) VALUES (7, 1, TO_DATE('2023-01-15', 'YYYY-MM-DD'), 3, '15:00', 'A');
INSERT INTO casj_grupos_lectura (id_club, id_grupo, fecha_creacion, dia_reunion, hora_inicio, tipo) VALUES (7, 2, TO_DATE('2023-01-15', 'YYYY-MM-DD'), 3, '13:00', 'J');
INSERT INTO casj_grupos_lectura (id_club, id_grupo, fecha_creacion, dia_reunion, hora_inicio, tipo) VALUES (7, 3, TO_DATE('2023-01-15', 'YYYY-MM-DD'), 3, '11:00', 'N');
INSERT INTO casj_grupos_lectura (id_club, id_grupo, fecha_creacion, dia_reunion, hora_inicio, tipo) VALUES (8, 1, TO_DATE('2023-01-15', 'YYYY-MM-DD'), 4, '10:00', 'A');
INSERT INTO casj_grupos_lectura (id_club, id_grupo, fecha_creacion, dia_reunion, hora_inicio, tipo) VALUES (8, 2, TO_DATE('2023-01-15', 'YYYY-MM-DD'), 1, '10:00', 'J');
INSERT INTO casj_grupos_lectura (id_club, id_grupo, fecha_creacion, dia_reunion, hora_inicio, tipo) VALUES (8, 3, TO_DATE('2023-01-15', 'YYYY-MM-DD'), 1, '15:00', 'N');

-- ============================================================
-- ASIGNACIONES
-- ============================================================
INSERT INTO casj_asignaciones (id_club, id_grupo, id_miembro, fecha_inicio, fecha_fin, fecha_inicio_membresia) VALUES (1, 1, 1, TO_DATE('2025-07-19', 'YYYY-MM-DD'), NULL, TO_DATE('2025-07-19', 'YYYY-MM-DD'));
INSERT INTO casj_asignaciones (id_club, id_grupo, id_miembro, fecha_inicio, fecha_fin, fecha_inicio_membresia) VALUES (1, 1, 2, TO_DATE('2025-03-06', 'YYYY-MM-DD'), NULL, TO_DATE('2025-03-06', 'YYYY-MM-DD'));
INSERT INTO casj_asignaciones (id_club, id_grupo, id_miembro, fecha_inicio, fecha_fin, fecha_inicio_membresia) VALUES (1, 1, 3, TO_DATE('2023-02-20', 'YYYY-MM-DD'), NULL, TO_DATE('2023-02-20', 'YYYY-MM-DD'));
INSERT INTO casj_asignaciones (id_club, id_grupo, id_miembro, fecha_inicio, fecha_fin, fecha_inicio_membresia) VALUES (1, 1, 4, TO_DATE('2024-10-22', 'YYYY-MM-DD'), NULL, TO_DATE('2024-10-22', 'YYYY-MM-DD'));
INSERT INTO casj_asignaciones (id_club, id_grupo, id_miembro, fecha_inicio, fecha_fin, fecha_inicio_membresia) VALUES (1, 2, 5, TO_DATE('2023-08-19', 'YYYY-MM-DD'), NULL, TO_DATE('2023-08-19', 'YYYY-MM-DD'));
INSERT INTO casj_asignaciones (id_club, id_grupo, id_miembro, fecha_inicio, fecha_fin, fecha_inicio_membresia) VALUES (1, 2, 6, TO_DATE('2023-04-15', 'YYYY-MM-DD'), NULL, TO_DATE('2023-04-15', 'YYYY-MM-DD'));
INSERT INTO casj_asignaciones (id_club, id_grupo, id_miembro, fecha_inicio, fecha_fin, fecha_inicio_membresia) VALUES (1, 2, 7, TO_DATE('2025-05-15', 'YYYY-MM-DD'), NULL, TO_DATE('2025-05-15', 'YYYY-MM-DD'));
INSERT INTO casj_asignaciones (id_club, id_grupo, id_miembro, fecha_inicio, fecha_fin, fecha_inicio_membresia) VALUES (1, 2, 8, TO_DATE('2024-11-01', 'YYYY-MM-DD'), NULL, TO_DATE('2024-11-01', 'YYYY-MM-DD'));
INSERT INTO casj_asignaciones (id_club, id_grupo, id_miembro, fecha_inicio, fecha_fin, fecha_inicio_membresia) VALUES (1, 3, 9, TO_DATE('2024-05-22', 'YYYY-MM-DD'), NULL, TO_DATE('2024-05-22', 'YYYY-MM-DD'));
INSERT INTO casj_asignaciones (id_club, id_grupo, id_miembro, fecha_inicio, fecha_fin, fecha_inicio_membresia) VALUES (1, 3, 10, TO_DATE('2025-03-03', 'YYYY-MM-DD'), NULL, TO_DATE('2025-03-03', 'YYYY-MM-DD'));
INSERT INTO casj_asignaciones (id_club, id_grupo, id_miembro, fecha_inicio, fecha_fin, fecha_inicio_membresia) VALUES (1, 3, 11, TO_DATE('2024-06-19', 'YYYY-MM-DD'), NULL, TO_DATE('2024-06-19', 'YYYY-MM-DD'));
INSERT INTO casj_asignaciones (id_club, id_grupo, id_miembro, fecha_inicio, fecha_fin, fecha_inicio_membresia) VALUES (1, 3, 12, TO_DATE('2024-11-14', 'YYYY-MM-DD'), NULL, TO_DATE('2024-11-14', 'YYYY-MM-DD'));
INSERT INTO casj_asignaciones (id_club, id_grupo, id_miembro, fecha_inicio, fecha_fin, fecha_inicio_membresia) VALUES (2, 1, 13, TO_DATE('2025-05-15', 'YYYY-MM-DD'), NULL, TO_DATE('2025-05-15', 'YYYY-MM-DD'));
INSERT INTO casj_asignaciones (id_club, id_grupo, id_miembro, fecha_inicio, fecha_fin, fecha_inicio_membresia) VALUES (2, 1, 14, TO_DATE('2024-04-13', 'YYYY-MM-DD'), NULL, TO_DATE('2024-04-13', 'YYYY-MM-DD'));
INSERT INTO casj_asignaciones (id_club, id_grupo, id_miembro, fecha_inicio, fecha_fin, fecha_inicio_membresia) VALUES (2, 1, 15, TO_DATE('2024-02-08', 'YYYY-MM-DD'), NULL, TO_DATE('2024-02-08', 'YYYY-MM-DD'));
INSERT INTO casj_asignaciones (id_club, id_grupo, id_miembro, fecha_inicio, fecha_fin, fecha_inicio_membresia) VALUES (2, 1, 16, TO_DATE('2024-10-12', 'YYYY-MM-DD'), NULL, TO_DATE('2024-10-12', 'YYYY-MM-DD'));
INSERT INTO casj_asignaciones (id_club, id_grupo, id_miembro, fecha_inicio, fecha_fin, fecha_inicio_membresia) VALUES (2, 2, 17, TO_DATE('2025-05-23', 'YYYY-MM-DD'), NULL, TO_DATE('2025-05-23', 'YYYY-MM-DD'));
INSERT INTO casj_asignaciones (id_club, id_grupo, id_miembro, fecha_inicio, fecha_fin, fecha_inicio_membresia) VALUES (2, 2, 18, TO_DATE('2024-01-27', 'YYYY-MM-DD'), NULL, TO_DATE('2024-01-27', 'YYYY-MM-DD'));
INSERT INTO casj_asignaciones (id_club, id_grupo, id_miembro, fecha_inicio, fecha_fin, fecha_inicio_membresia) VALUES (2, 2, 19, TO_DATE('2025-07-09', 'YYYY-MM-DD'), NULL, TO_DATE('2025-07-09', 'YYYY-MM-DD'));
INSERT INTO casj_asignaciones (id_club, id_grupo, id_miembro, fecha_inicio, fecha_fin, fecha_inicio_membresia) VALUES (2, 2, 20, TO_DATE('2023-10-28', 'YYYY-MM-DD'), NULL, TO_DATE('2023-10-28', 'YYYY-MM-DD'));
INSERT INTO casj_asignaciones (id_club, id_grupo, id_miembro, fecha_inicio, fecha_fin, fecha_inicio_membresia) VALUES (2, 3, 21, TO_DATE('2025-12-02', 'YYYY-MM-DD'), NULL, TO_DATE('2025-12-02', 'YYYY-MM-DD'));
INSERT INTO casj_asignaciones (id_club, id_grupo, id_miembro, fecha_inicio, fecha_fin, fecha_inicio_membresia) VALUES (2, 3, 22, TO_DATE('2025-12-16', 'YYYY-MM-DD'), NULL, TO_DATE('2025-12-16', 'YYYY-MM-DD'));
INSERT INTO casj_asignaciones (id_club, id_grupo, id_miembro, fecha_inicio, fecha_fin, fecha_inicio_membresia) VALUES (2, 3, 23, TO_DATE('2024-04-20', 'YYYY-MM-DD'), NULL, TO_DATE('2024-04-20', 'YYYY-MM-DD'));
INSERT INTO casj_asignaciones (id_club, id_grupo, id_miembro, fecha_inicio, fecha_fin, fecha_inicio_membresia) VALUES (2, 3, 24, TO_DATE('2024-04-21', 'YYYY-MM-DD'), NULL, TO_DATE('2024-04-21', 'YYYY-MM-DD'));
INSERT INTO casj_asignaciones (id_club, id_grupo, id_miembro, fecha_inicio, fecha_fin, fecha_inicio_membresia) VALUES (3, 1, 25, TO_DATE('2023-10-09', 'YYYY-MM-DD'), NULL, TO_DATE('2023-10-09', 'YYYY-MM-DD'));
INSERT INTO casj_asignaciones (id_club, id_grupo, id_miembro, fecha_inicio, fecha_fin, fecha_inicio_membresia) VALUES (3, 1, 26, TO_DATE('2025-12-25', 'YYYY-MM-DD'), NULL, TO_DATE('2025-12-25', 'YYYY-MM-DD'));
INSERT INTO casj_asignaciones (id_club, id_grupo, id_miembro, fecha_inicio, fecha_fin, fecha_inicio_membresia) VALUES (3, 1, 27, TO_DATE('2025-11-27', 'YYYY-MM-DD'), NULL, TO_DATE('2025-11-27', 'YYYY-MM-DD'));
INSERT INTO casj_asignaciones (id_club, id_grupo, id_miembro, fecha_inicio, fecha_fin, fecha_inicio_membresia) VALUES (3, 1, 28, TO_DATE('2023-11-04', 'YYYY-MM-DD'), NULL, TO_DATE('2023-11-04', 'YYYY-MM-DD'));
INSERT INTO casj_asignaciones (id_club, id_grupo, id_miembro, fecha_inicio, fecha_fin, fecha_inicio_membresia) VALUES (3, 2, 29, TO_DATE('2025-11-02', 'YYYY-MM-DD'), NULL, TO_DATE('2025-11-02', 'YYYY-MM-DD'));
INSERT INTO casj_asignaciones (id_club, id_grupo, id_miembro, fecha_inicio, fecha_fin, fecha_inicio_membresia) VALUES (3, 2, 30, TO_DATE('2024-08-02', 'YYYY-MM-DD'), NULL, TO_DATE('2024-08-02', 'YYYY-MM-DD'));
INSERT INTO casj_asignaciones (id_club, id_grupo, id_miembro, fecha_inicio, fecha_fin, fecha_inicio_membresia) VALUES (3, 2, 31, TO_DATE('2025-06-24', 'YYYY-MM-DD'), NULL, TO_DATE('2025-06-24', 'YYYY-MM-DD'));
INSERT INTO casj_asignaciones (id_club, id_grupo, id_miembro, fecha_inicio, fecha_fin, fecha_inicio_membresia) VALUES (3, 2, 32, TO_DATE('2023-02-10', 'YYYY-MM-DD'), NULL, TO_DATE('2023-02-10', 'YYYY-MM-DD'));
INSERT INTO casj_asignaciones (id_club, id_grupo, id_miembro, fecha_inicio, fecha_fin, fecha_inicio_membresia) VALUES (3, 3, 33, TO_DATE('2024-12-14', 'YYYY-MM-DD'), NULL, TO_DATE('2024-12-14', 'YYYY-MM-DD'));
INSERT INTO casj_asignaciones (id_club, id_grupo, id_miembro, fecha_inicio, fecha_fin, fecha_inicio_membresia) VALUES (3, 3, 34, TO_DATE('2023-04-05', 'YYYY-MM-DD'), NULL, TO_DATE('2023-04-05', 'YYYY-MM-DD'));
INSERT INTO casj_asignaciones (id_club, id_grupo, id_miembro, fecha_inicio, fecha_fin, fecha_inicio_membresia) VALUES (3, 3, 35, TO_DATE('2025-06-17', 'YYYY-MM-DD'), NULL, TO_DATE('2025-06-17', 'YYYY-MM-DD'));
INSERT INTO casj_asignaciones (id_club, id_grupo, id_miembro, fecha_inicio, fecha_fin, fecha_inicio_membresia) VALUES (3, 3, 36, TO_DATE('2025-05-27', 'YYYY-MM-DD'), NULL, TO_DATE('2025-05-27', 'YYYY-MM-DD'));
INSERT INTO casj_asignaciones (id_club, id_grupo, id_miembro, fecha_inicio, fecha_fin, fecha_inicio_membresia) VALUES (4, 1, 37, TO_DATE('2023-05-27', 'YYYY-MM-DD'), NULL, TO_DATE('2023-05-27', 'YYYY-MM-DD'));
INSERT INTO casj_asignaciones (id_club, id_grupo, id_miembro, fecha_inicio, fecha_fin, fecha_inicio_membresia) VALUES (4, 1, 38, TO_DATE('2024-05-24', 'YYYY-MM-DD'), NULL, TO_DATE('2024-05-24', 'YYYY-MM-DD'));
INSERT INTO casj_asignaciones (id_club, id_grupo, id_miembro, fecha_inicio, fecha_fin, fecha_inicio_membresia) VALUES (4, 1, 39, TO_DATE('2024-02-15', 'YYYY-MM-DD'), NULL, TO_DATE('2024-02-15', 'YYYY-MM-DD'));
INSERT INTO casj_asignaciones (id_club, id_grupo, id_miembro, fecha_inicio, fecha_fin, fecha_inicio_membresia) VALUES (4, 1, 40, TO_DATE('2023-03-25', 'YYYY-MM-DD'), NULL, TO_DATE('2023-03-25', 'YYYY-MM-DD'));
INSERT INTO casj_asignaciones (id_club, id_grupo, id_miembro, fecha_inicio, fecha_fin, fecha_inicio_membresia) VALUES (4, 2, 41, TO_DATE('2023-11-24', 'YYYY-MM-DD'), NULL, TO_DATE('2023-11-24', 'YYYY-MM-DD'));
INSERT INTO casj_asignaciones (id_club, id_grupo, id_miembro, fecha_inicio, fecha_fin, fecha_inicio_membresia) VALUES (4, 2, 42, TO_DATE('2025-07-28', 'YYYY-MM-DD'), NULL, TO_DATE('2025-07-28', 'YYYY-MM-DD'));
INSERT INTO casj_asignaciones (id_club, id_grupo, id_miembro, fecha_inicio, fecha_fin, fecha_inicio_membresia) VALUES (4, 2, 43, TO_DATE('2025-06-03', 'YYYY-MM-DD'), NULL, TO_DATE('2025-06-03', 'YYYY-MM-DD'));
INSERT INTO casj_asignaciones (id_club, id_grupo, id_miembro, fecha_inicio, fecha_fin, fecha_inicio_membresia) VALUES (4, 2, 44, TO_DATE('2024-01-09', 'YYYY-MM-DD'), NULL, TO_DATE('2024-01-09', 'YYYY-MM-DD'));
INSERT INTO casj_asignaciones (id_club, id_grupo, id_miembro, fecha_inicio, fecha_fin, fecha_inicio_membresia) VALUES (4, 3, 45, TO_DATE('2025-02-15', 'YYYY-MM-DD'), NULL, TO_DATE('2025-02-15', 'YYYY-MM-DD'));
INSERT INTO casj_asignaciones (id_club, id_grupo, id_miembro, fecha_inicio, fecha_fin, fecha_inicio_membresia) VALUES (4, 3, 46, TO_DATE('2024-11-24', 'YYYY-MM-DD'), NULL, TO_DATE('2024-11-24', 'YYYY-MM-DD'));
INSERT INTO casj_asignaciones (id_club, id_grupo, id_miembro, fecha_inicio, fecha_fin, fecha_inicio_membresia) VALUES (4, 3, 47, TO_DATE('2025-05-19', 'YYYY-MM-DD'), NULL, TO_DATE('2025-05-19', 'YYYY-MM-DD'));
INSERT INTO casj_asignaciones (id_club, id_grupo, id_miembro, fecha_inicio, fecha_fin, fecha_inicio_membresia) VALUES (4, 3, 48, TO_DATE('2024-11-12', 'YYYY-MM-DD'), NULL, TO_DATE('2024-11-12', 'YYYY-MM-DD'));
INSERT INTO casj_asignaciones (id_club, id_grupo, id_miembro, fecha_inicio, fecha_fin, fecha_inicio_membresia) VALUES (5, 1, 49, TO_DATE('2023-11-08', 'YYYY-MM-DD'), NULL, TO_DATE('2023-11-08', 'YYYY-MM-DD'));
INSERT INTO casj_asignaciones (id_club, id_grupo, id_miembro, fecha_inicio, fecha_fin, fecha_inicio_membresia) VALUES (5, 1, 50, TO_DATE('2024-01-20', 'YYYY-MM-DD'), NULL, TO_DATE('2024-01-20', 'YYYY-MM-DD'));
INSERT INTO casj_asignaciones (id_club, id_grupo, id_miembro, fecha_inicio, fecha_fin, fecha_inicio_membresia) VALUES (5, 1, 51, TO_DATE('2025-06-20', 'YYYY-MM-DD'), NULL, TO_DATE('2025-06-20', 'YYYY-MM-DD'));
INSERT INTO casj_asignaciones (id_club, id_grupo, id_miembro, fecha_inicio, fecha_fin, fecha_inicio_membresia) VALUES (5, 1, 52, TO_DATE('2023-11-03', 'YYYY-MM-DD'), NULL, TO_DATE('2023-11-03', 'YYYY-MM-DD'));
INSERT INTO casj_asignaciones (id_club, id_grupo, id_miembro, fecha_inicio, fecha_fin, fecha_inicio_membresia) VALUES (5, 2, 53, TO_DATE('2025-08-23', 'YYYY-MM-DD'), NULL, TO_DATE('2025-08-23', 'YYYY-MM-DD'));
INSERT INTO casj_asignaciones (id_club, id_grupo, id_miembro, fecha_inicio, fecha_fin, fecha_inicio_membresia) VALUES (5, 2, 54, TO_DATE('2024-11-14', 'YYYY-MM-DD'), NULL, TO_DATE('2024-11-14', 'YYYY-MM-DD'));
INSERT INTO casj_asignaciones (id_club, id_grupo, id_miembro, fecha_inicio, fecha_fin, fecha_inicio_membresia) VALUES (5, 2, 55, TO_DATE('2023-03-02', 'YYYY-MM-DD'), NULL, TO_DATE('2023-03-02', 'YYYY-MM-DD'));
INSERT INTO casj_asignaciones (id_club, id_grupo, id_miembro, fecha_inicio, fecha_fin, fecha_inicio_membresia) VALUES (5, 2, 56, TO_DATE('2023-05-16', 'YYYY-MM-DD'), NULL, TO_DATE('2023-05-16', 'YYYY-MM-DD'));
INSERT INTO casj_asignaciones (id_club, id_grupo, id_miembro, fecha_inicio, fecha_fin, fecha_inicio_membresia) VALUES (5, 3, 57, TO_DATE('2023-02-08', 'YYYY-MM-DD'), NULL, TO_DATE('2023-02-08', 'YYYY-MM-DD'));
INSERT INTO casj_asignaciones (id_club, id_grupo, id_miembro, fecha_inicio, fecha_fin, fecha_inicio_membresia) VALUES (5, 3, 58, TO_DATE('2025-03-13', 'YYYY-MM-DD'), NULL, TO_DATE('2025-03-13', 'YYYY-MM-DD'));
INSERT INTO casj_asignaciones (id_club, id_grupo, id_miembro, fecha_inicio, fecha_fin, fecha_inicio_membresia) VALUES (5, 3, 59, TO_DATE('2024-06-22', 'YYYY-MM-DD'), NULL, TO_DATE('2024-06-22', 'YYYY-MM-DD'));
INSERT INTO casj_asignaciones (id_club, id_grupo, id_miembro, fecha_inicio, fecha_fin, fecha_inicio_membresia) VALUES (5, 3, 60, TO_DATE('2025-12-18', 'YYYY-MM-DD'), NULL, TO_DATE('2025-12-18', 'YYYY-MM-DD'));
INSERT INTO casj_asignaciones (id_club, id_grupo, id_miembro, fecha_inicio, fecha_fin, fecha_inicio_membresia) VALUES (6, 1, 61, TO_DATE('2024-10-24', 'YYYY-MM-DD'), NULL, TO_DATE('2024-10-24', 'YYYY-MM-DD'));
INSERT INTO casj_asignaciones (id_club, id_grupo, id_miembro, fecha_inicio, fecha_fin, fecha_inicio_membresia) VALUES (6, 1, 62, TO_DATE('2025-03-14', 'YYYY-MM-DD'), NULL, TO_DATE('2025-03-14', 'YYYY-MM-DD'));
INSERT INTO casj_asignaciones (id_club, id_grupo, id_miembro, fecha_inicio, fecha_fin, fecha_inicio_membresia) VALUES (6, 1, 63, TO_DATE('2025-02-27', 'YYYY-MM-DD'), NULL, TO_DATE('2025-02-27', 'YYYY-MM-DD'));
INSERT INTO casj_asignaciones (id_club, id_grupo, id_miembro, fecha_inicio, fecha_fin, fecha_inicio_membresia) VALUES (6, 1, 64, TO_DATE('2024-10-14', 'YYYY-MM-DD'), NULL, TO_DATE('2024-10-14', 'YYYY-MM-DD'));
INSERT INTO casj_asignaciones (id_club, id_grupo, id_miembro, fecha_inicio, fecha_fin, fecha_inicio_membresia) VALUES (6, 2, 65, TO_DATE('2024-01-23', 'YYYY-MM-DD'), NULL, TO_DATE('2024-01-23', 'YYYY-MM-DD'));
INSERT INTO casj_asignaciones (id_club, id_grupo, id_miembro, fecha_inicio, fecha_fin, fecha_inicio_membresia) VALUES (6, 2, 66, TO_DATE('2024-04-15', 'YYYY-MM-DD'), NULL, TO_DATE('2024-04-15', 'YYYY-MM-DD'));
INSERT INTO casj_asignaciones (id_club, id_grupo, id_miembro, fecha_inicio, fecha_fin, fecha_inicio_membresia) VALUES (6, 2, 67, TO_DATE('2024-04-28', 'YYYY-MM-DD'), NULL, TO_DATE('2024-04-28', 'YYYY-MM-DD'));
INSERT INTO casj_asignaciones (id_club, id_grupo, id_miembro, fecha_inicio, fecha_fin, fecha_inicio_membresia) VALUES (6, 2, 68, TO_DATE('2024-02-22', 'YYYY-MM-DD'), NULL, TO_DATE('2024-02-22', 'YYYY-MM-DD'));
INSERT INTO casj_asignaciones (id_club, id_grupo, id_miembro, fecha_inicio, fecha_fin, fecha_inicio_membresia) VALUES (6, 3, 69, TO_DATE('2024-09-21', 'YYYY-MM-DD'), NULL, TO_DATE('2024-09-21', 'YYYY-MM-DD'));
INSERT INTO casj_asignaciones (id_club, id_grupo, id_miembro, fecha_inicio, fecha_fin, fecha_inicio_membresia) VALUES (6, 3, 70, TO_DATE('2024-01-13', 'YYYY-MM-DD'), NULL, TO_DATE('2024-01-13', 'YYYY-MM-DD'));
INSERT INTO casj_asignaciones (id_club, id_grupo, id_miembro, fecha_inicio, fecha_fin, fecha_inicio_membresia) VALUES (6, 3, 71, TO_DATE('2024-04-04', 'YYYY-MM-DD'), NULL, TO_DATE('2024-04-04', 'YYYY-MM-DD'));
INSERT INTO casj_asignaciones (id_club, id_grupo, id_miembro, fecha_inicio, fecha_fin, fecha_inicio_membresia) VALUES (6, 3, 72, TO_DATE('2024-02-22', 'YYYY-MM-DD'), NULL, TO_DATE('2024-02-22', 'YYYY-MM-DD'));
INSERT INTO casj_asignaciones (id_club, id_grupo, id_miembro, fecha_inicio, fecha_fin, fecha_inicio_membresia) VALUES (7, 1, 73, TO_DATE('2023-11-21', 'YYYY-MM-DD'), NULL, TO_DATE('2023-11-21', 'YYYY-MM-DD'));
INSERT INTO casj_asignaciones (id_club, id_grupo, id_miembro, fecha_inicio, fecha_fin, fecha_inicio_membresia) VALUES (7, 1, 74, TO_DATE('2025-01-02', 'YYYY-MM-DD'), NULL, TO_DATE('2025-01-02', 'YYYY-MM-DD'));
INSERT INTO casj_asignaciones (id_club, id_grupo, id_miembro, fecha_inicio, fecha_fin, fecha_inicio_membresia) VALUES (7, 1, 75, TO_DATE('2024-04-05', 'YYYY-MM-DD'), NULL, TO_DATE('2024-04-05', 'YYYY-MM-DD'));
INSERT INTO casj_asignaciones (id_club, id_grupo, id_miembro, fecha_inicio, fecha_fin, fecha_inicio_membresia) VALUES (7, 1, 76, TO_DATE('2025-04-03', 'YYYY-MM-DD'), NULL, TO_DATE('2025-04-03', 'YYYY-MM-DD'));
INSERT INTO casj_asignaciones (id_club, id_grupo, id_miembro, fecha_inicio, fecha_fin, fecha_inicio_membresia) VALUES (7, 2, 77, TO_DATE('2025-04-19', 'YYYY-MM-DD'), NULL, TO_DATE('2025-04-19', 'YYYY-MM-DD'));
INSERT INTO casj_asignaciones (id_club, id_grupo, id_miembro, fecha_inicio, fecha_fin, fecha_inicio_membresia) VALUES (7, 2, 78, TO_DATE('2023-04-11', 'YYYY-MM-DD'), NULL, TO_DATE('2023-04-11', 'YYYY-MM-DD'));
INSERT INTO casj_asignaciones (id_club, id_grupo, id_miembro, fecha_inicio, fecha_fin, fecha_inicio_membresia) VALUES (7, 2, 79, TO_DATE('2023-10-01', 'YYYY-MM-DD'), NULL, TO_DATE('2023-10-01', 'YYYY-MM-DD'));
INSERT INTO casj_asignaciones (id_club, id_grupo, id_miembro, fecha_inicio, fecha_fin, fecha_inicio_membresia) VALUES (7, 2, 80, TO_DATE('2024-03-05', 'YYYY-MM-DD'), NULL, TO_DATE('2024-03-05', 'YYYY-MM-DD'));
INSERT INTO casj_asignaciones (id_club, id_grupo, id_miembro, fecha_inicio, fecha_fin, fecha_inicio_membresia) VALUES (7, 3, 81, TO_DATE('2025-05-26', 'YYYY-MM-DD'), NULL, TO_DATE('2025-05-26', 'YYYY-MM-DD'));
INSERT INTO casj_asignaciones (id_club, id_grupo, id_miembro, fecha_inicio, fecha_fin, fecha_inicio_membresia) VALUES (7, 3, 82, TO_DATE('2023-02-22', 'YYYY-MM-DD'), NULL, TO_DATE('2023-02-22', 'YYYY-MM-DD'));
INSERT INTO casj_asignaciones (id_club, id_grupo, id_miembro, fecha_inicio, fecha_fin, fecha_inicio_membresia) VALUES (7, 3, 83, TO_DATE('2023-03-01', 'YYYY-MM-DD'), NULL, TO_DATE('2023-03-01', 'YYYY-MM-DD'));
INSERT INTO casj_asignaciones (id_club, id_grupo, id_miembro, fecha_inicio, fecha_fin, fecha_inicio_membresia) VALUES (7, 3, 84, TO_DATE('2024-04-19', 'YYYY-MM-DD'), NULL, TO_DATE('2024-04-19', 'YYYY-MM-DD'));
INSERT INTO casj_asignaciones (id_club, id_grupo, id_miembro, fecha_inicio, fecha_fin, fecha_inicio_membresia) VALUES (8, 1, 85, TO_DATE('2024-01-06', 'YYYY-MM-DD'), NULL, TO_DATE('2024-01-06', 'YYYY-MM-DD'));
INSERT INTO casj_asignaciones (id_club, id_grupo, id_miembro, fecha_inicio, fecha_fin, fecha_inicio_membresia) VALUES (8, 1, 86, TO_DATE('2024-01-05', 'YYYY-MM-DD'), NULL, TO_DATE('2024-01-05', 'YYYY-MM-DD'));
INSERT INTO casj_asignaciones (id_club, id_grupo, id_miembro, fecha_inicio, fecha_fin, fecha_inicio_membresia) VALUES (8, 1, 87, TO_DATE('2025-07-17', 'YYYY-MM-DD'), NULL, TO_DATE('2025-07-17', 'YYYY-MM-DD'));
INSERT INTO casj_asignaciones (id_club, id_grupo, id_miembro, fecha_inicio, fecha_fin, fecha_inicio_membresia) VALUES (8, 1, 88, TO_DATE('2023-12-03', 'YYYY-MM-DD'), NULL, TO_DATE('2023-12-03', 'YYYY-MM-DD'));
INSERT INTO casj_asignaciones (id_club, id_grupo, id_miembro, fecha_inicio, fecha_fin, fecha_inicio_membresia) VALUES (8, 2, 89, TO_DATE('2024-08-25', 'YYYY-MM-DD'), NULL, TO_DATE('2024-08-25', 'YYYY-MM-DD'));
INSERT INTO casj_asignaciones (id_club, id_grupo, id_miembro, fecha_inicio, fecha_fin, fecha_inicio_membresia) VALUES (8, 2, 90, TO_DATE('2024-09-19', 'YYYY-MM-DD'), NULL, TO_DATE('2024-09-19', 'YYYY-MM-DD'));
INSERT INTO casj_asignaciones (id_club, id_grupo, id_miembro, fecha_inicio, fecha_fin, fecha_inicio_membresia) VALUES (8, 2, 91, TO_DATE('2023-08-17', 'YYYY-MM-DD'), NULL, TO_DATE('2023-08-17', 'YYYY-MM-DD'));
INSERT INTO casj_asignaciones (id_club, id_grupo, id_miembro, fecha_inicio, fecha_fin, fecha_inicio_membresia) VALUES (8, 2, 92, TO_DATE('2023-10-02', 'YYYY-MM-DD'), NULL, TO_DATE('2023-10-02', 'YYYY-MM-DD'));
INSERT INTO casj_asignaciones (id_club, id_grupo, id_miembro, fecha_inicio, fecha_fin, fecha_inicio_membresia) VALUES (8, 3, 93, TO_DATE('2025-11-17', 'YYYY-MM-DD'), NULL, TO_DATE('2025-11-17', 'YYYY-MM-DD'));
INSERT INTO casj_asignaciones (id_club, id_grupo, id_miembro, fecha_inicio, fecha_fin, fecha_inicio_membresia) VALUES (8, 3, 94, TO_DATE('2024-08-21', 'YYYY-MM-DD'), NULL, TO_DATE('2024-08-21', 'YYYY-MM-DD'));
INSERT INTO casj_asignaciones (id_club, id_grupo, id_miembro, fecha_inicio, fecha_fin, fecha_inicio_membresia) VALUES (8, 3, 95, TO_DATE('2023-01-16', 'YYYY-MM-DD'), NULL, TO_DATE('2023-01-16', 'YYYY-MM-DD'));
INSERT INTO casj_asignaciones (id_club, id_grupo, id_miembro, fecha_inicio, fecha_fin, fecha_inicio_membresia) VALUES (8, 3, 96, TO_DATE('2024-07-22', 'YYYY-MM-DD'), NULL, TO_DATE('2024-07-22', 'YYYY-MM-DD'));

-- ============================================================
-- AUTORES
-- ============================================================
INSERT INTO casj_autores (id_autor, nombre, apellido, seudonimo) VALUES (1, 'Margaret', 'Weis', NULL);
INSERT INTO casj_autores (id_autor, nombre, apellido, seudonimo) VALUES (2, 'Tracy', 'Hickman', NULL);
INSERT INTO casj_autores (id_autor, nombre, apellido, seudonimo) VALUES (3, 'Stanislaw', 'Lem', NULL);
INSERT INTO casj_autores (id_autor, nombre, apellido, seudonimo) VALUES (4, 'Dashiell', 'Hammett', NULL);
INSERT INTO casj_autores (id_autor, nombre, apellido, seudonimo) VALUES (5, 'Gustavo Adolfo', 'Becquer', NULL);
INSERT INTO casj_autores (id_autor, nombre, apellido, seudonimo) VALUES (6, 'Nicholas', 'Sparks', NULL);
INSERT INTO casj_autores (id_autor, nombre, apellido, seudonimo) VALUES (7, 'Alexandre', 'Dumas', NULL);
INSERT INTO casj_autores (id_autor, nombre, apellido, seudonimo) VALUES (8, 'Gunter', 'Grass', NULL);
INSERT INTO casj_autores (id_autor, nombre, apellido, seudonimo) VALUES (9, 'Anthony', 'Burgess', NULL);
INSERT INTO casj_autores (id_autor, nombre, apellido, seudonimo) VALUES (10, 'Sheridan', 'Le Fanu', NULL);
INSERT INTO casj_autores (id_autor, nombre, apellido, seudonimo) VALUES (11, 'Miguel', 'de Unamuno', NULL);
INSERT INTO casj_autores (id_autor, nombre, apellido, seudonimo) VALUES (12, NULL, NULL, 'Homero');
INSERT INTO casj_autores (id_autor, nombre, apellido, seudonimo) VALUES (13, 'Juan', 'Rulfo', NULL);
INSERT INTO casj_autores (id_autor, nombre, apellido, seudonimo) VALUES (14, 'Friedrich', 'Nietzsche', NULL);
INSERT INTO casj_autores (id_autor, nombre, apellido, seudonimo) VALUES (15, 'Roald', 'Dahl', NULL);

-- ============================================================
-- LIBROS
-- ============================================================
INSERT INTO casj_libros (isbn, titulo, anio_publicacion, cantidad_pag, tipo_narrativa, temas_resumen, sinopsis, id_pais_publicacion, id_idioma, orden_lectura, isbn_anterior) VALUES ('978-0-345-33568-8', 'La senda de la profecia', 1982, 320, 'NOVELA', 'Fantasia, aventura, magia', 'Un joven granjero descubre su destino como peon en una profecia milenaria.', 9, 1, 1, NULL);
INSERT INTO casj_libros (isbn, titulo, anio_publicacion, cantidad_pag, tipo_narrativa, temas_resumen, sinopsis, id_pais_publicacion, id_idioma, orden_lectura, isbn_anterior) VALUES ('978-83-7506-289-7', 'Solaris', 1961, 204, 'NOVELA', 'Ciencia ficcion, filosofia, contacto', 'Cientificos en una estacion orbital enfrentan un oceano inteligente que desafia la razon.', 9, 1, NULL, NULL);
INSERT INTO casj_libros (isbn, titulo, anio_publicacion, cantidad_pag, tipo_narrativa, temas_resumen, sinopsis, id_pais_publicacion, id_idioma, orden_lectura, isbn_anterior) VALUES ('978-0-394-71772-1', 'El halcon maltes', 1930, 224, 'NOVELA', 'Misterio, detectives, crimen', 'Sam Spade investiga el asesinato de su socio ligado a una estatuilla legendaria.', 9, 1, NULL, NULL);
INSERT INTO casj_libros (isbn, titulo, anio_publicacion, cantidad_pag, tipo_narrativa, temas_resumen, sinopsis, id_pais_publicacion, id_idioma, orden_lectura, isbn_anterior) VALUES ('978-84-376-0310-6', 'Leyendas', 1858, 180, 'LEYENDA', 'Romanticismo, misterio, tradicion', 'Coleccion de relatos que mezclan lo sobrenatural con la tradicion popular espanola.', 9, 1, NULL, NULL);
INSERT INTO casj_libros (isbn, titulo, anio_publicacion, cantidad_pag, tipo_narrativa, temas_resumen, sinopsis, id_pais_publicacion, id_idioma, orden_lectura, isbn_anterior) VALUES ('978-0-446-52080-1', 'El cuaderno de Noah', 1996, 214, 'NOVELA', 'Romance, memoria, amor eterno', 'Un anciano lee a su esposa enferma la historia de su amor juvenil.', 9, 2, NULL, NULL);
INSERT INTO casj_libros (isbn, titulo, anio_publicacion, cantidad_pag, tipo_narrativa, temas_resumen, sinopsis, id_pais_publicacion, id_idioma, orden_lectura, isbn_anterior) VALUES ('978-2-07-040850-4', 'El conde de Montecristo', 1844, 1276, 'NOVELA', 'Aventura, venganza, justicia', 'Edmond Dantes es encarcelado injustamente y tras escapar busca venganza con nueva identidad.', 5, 3, NULL, NULL);
INSERT INTO casj_libros (isbn, titulo, anio_publicacion, cantidad_pag, tipo_narrativa, temas_resumen, sinopsis, id_pais_publicacion, id_idioma, orden_lectura, isbn_anterior) VALUES ('978-3-630-87214-1', 'El tambor de hojalata', 1959, 592, 'NOVELA', 'Satira, guerra, identidad', 'Oskar decide dejar de crecer a los tres anos y narra la historia de Alemania desde abajo.', 6, 7, NULL, NULL);
INSERT INTO casj_libros (isbn, titulo, anio_publicacion, cantidad_pag, tipo_narrativa, temas_resumen, sinopsis, id_pais_publicacion, id_idioma, orden_lectura, isbn_anterior) VALUES ('978-0-393-31283-7', 'La naranja mecanica', 1962, 192, 'NOVELA', 'Distopia, violencia, libre albedrio', 'Alex, un joven ultraviolento, es sometido a un tratamiento que elimina su voluntad.', 9, 2, NULL, NULL);
INSERT INTO casj_libros (isbn, titulo, anio_publicacion, cantidad_pag, tipo_narrativa, temas_resumen, sinopsis, id_pais_publicacion, id_idioma, orden_lectura, isbn_anterior) VALUES ('978-0-19-283477-8', 'Carmilla', 1872, 108, 'NOVELA', 'Gotico, vampirismo, obsesion', 'Una joven es seducida por una misteriosa visitante de naturaleza sobrenatural.', 9, 2, NULL, NULL);
INSERT INTO casj_libros (isbn, titulo, anio_publicacion, cantidad_pag, tipo_narrativa, temas_resumen, sinopsis, id_pais_publicacion, id_idioma, orden_lectura, isbn_anterior) VALUES ('978-84-376-0189-8', 'Niebla', 1914, 224, 'NOVELA', 'Existencialismo, metaliteratura, amor', 'Augusto Perez descubre que es personaje de ficcion y enfrenta a su propio autor.', 9, 1, NULL, NULL);
INSERT INTO casj_libros (isbn, titulo, anio_publicacion, cantidad_pag, tipo_narrativa, temas_resumen, sinopsis, id_pais_publicacion, id_idioma, orden_lectura, isbn_anterior) VALUES ('978-84-206-3524-3', 'La Odisea', 800, 400, 'EPOPEYA', 'Viaje, dioses, heroismo', 'Odiseo lucha durante diez anos por regresar a Itaca tras la guerra de Troya.', 9, 1, NULL, NULL);
INSERT INTO casj_libros (isbn, titulo, anio_publicacion, cantidad_pag, tipo_narrativa, temas_resumen, sinopsis, id_pais_publicacion, id_idioma, orden_lectura, isbn_anterior) VALUES ('978-968-16-0474-3', 'El llano en llamas', 1953, 176, 'CUENTO', 'Realismo magico, campo, muerte', 'Cuentos ambientados en el Mexico rural que retratan la miseria y la violencia.', 7, 1, NULL, NULL);
INSERT INTO casj_libros (isbn, titulo, anio_publicacion, cantidad_pag, tipo_narrativa, temas_resumen, sinopsis, id_pais_publicacion, id_idioma, orden_lectura, isbn_anterior) VALUES ('978-84-206-3532-8', 'Asi hablo Zaratustra', 1883, 352, 'NOVELA', 'Filosofia, superhombre, eterno retorno', 'Zaratustra baja de la montana para compartir su sabiduria sobre la muerte de Dios.', 6, 7, NULL, NULL);
INSERT INTO casj_libros (isbn, titulo, anio_publicacion, cantidad_pag, tipo_narrativa, temas_resumen, sinopsis, id_pais_publicacion, id_idioma, orden_lectura, isbn_anterior) VALUES ('978-0-14-241037-2', 'Matilda', 1988, 240, 'CUENTO', 'Infantil, magia, justicia', 'Una nina superdotada descubre poderes telequineticos y enfrenta a adultos crueles.', 9, 2, NULL, NULL);
INSERT INTO casj_libros (isbn, titulo, anio_publicacion, cantidad_pag, tipo_narrativa, temas_resumen, sinopsis, id_pais_publicacion, id_idioma, orden_lectura, isbn_anterior) VALUES ('978-0-345-33569-5', 'La reina de la hechiceria', 1982, 340, 'NOVELA', 'Fantasia, hechiceria, quest', 'Garion continua su viaje para recuperar el Orbe robado por un dios malvado.', 9, 1, 2, '978-0-345-33568-8');
INSERT INTO casj_libros (isbn, titulo, anio_publicacion, cantidad_pag, tipo_narrativa, temas_resumen, sinopsis, id_pais_publicacion, id_idioma, orden_lectura, isbn_anterior) VALUES ('978-0-345-33570-1', 'La luz del orbe', 1983, 365, 'NOVELA', 'Fantasia, batalla final, destino', 'El enfrentamiento final entre Garion y Torak decide el destino del mundo.', 9, 1, 3, '978-0-345-33569-5');

-- ============================================================
-- LIBRO_AUTOR
-- ============================================================
INSERT INTO casj_libro_autor (isbn, id_autor) VALUES ('978-0-345-33568-8', 1);
INSERT INTO casj_libro_autor (isbn, id_autor) VALUES ('978-0-345-33568-8', 2);
INSERT INTO casj_libro_autor (isbn, id_autor) VALUES ('978-0-345-33569-5', 1);
INSERT INTO casj_libro_autor (isbn, id_autor) VALUES ('978-0-345-33569-5', 2);
INSERT INTO casj_libro_autor (isbn, id_autor) VALUES ('978-0-345-33570-1', 1);
INSERT INTO casj_libro_autor (isbn, id_autor) VALUES ('978-0-345-33570-1', 2);
INSERT INTO casj_libro_autor (isbn, id_autor) VALUES ('978-83-7506-289-7', 3);
INSERT INTO casj_libro_autor (isbn, id_autor) VALUES ('978-0-394-71772-1', 4);
INSERT INTO casj_libro_autor (isbn, id_autor) VALUES ('978-84-376-0310-6', 5);
INSERT INTO casj_libro_autor (isbn, id_autor) VALUES ('978-0-446-52080-1', 6);
INSERT INTO casj_libro_autor (isbn, id_autor) VALUES ('978-2-07-040850-4', 7);
INSERT INTO casj_libro_autor (isbn, id_autor) VALUES ('978-3-630-87214-1', 8);
INSERT INTO casj_libro_autor (isbn, id_autor) VALUES ('978-0-393-31283-7', 9);
INSERT INTO casj_libro_autor (isbn, id_autor) VALUES ('978-0-19-283477-8', 10);
INSERT INTO casj_libro_autor (isbn, id_autor) VALUES ('978-84-376-0189-8', 11);
INSERT INTO casj_libro_autor (isbn, id_autor) VALUES ('978-84-206-3524-3', 12);
INSERT INTO casj_libro_autor (isbn, id_autor) VALUES ('978-968-16-0474-3', 13);
INSERT INTO casj_libro_autor (isbn, id_autor) VALUES ('978-84-206-3532-8', 14);
INSERT INTO casj_libro_autor (isbn, id_autor) VALUES ('978-0-14-241037-2', 15);

-- ============================================================
-- PREFERENCIAS_MIEMBRO
-- ============================================================
INSERT INTO casj_preferencias_miembro (id_miembro, orden, isbn) VALUES (1, 1, '978-83-7506-289-7');
INSERT INTO casj_preferencias_miembro (id_miembro, orden, isbn) VALUES (1, 2, '978-84-376-0189-8');
INSERT INTO casj_preferencias_miembro (id_miembro, orden, isbn) VALUES (1, 3, '978-84-206-3532-8');
INSERT INTO casj_preferencias_miembro (id_miembro, orden, isbn) VALUES (2, 1, '978-84-376-0189-8');
INSERT INTO casj_preferencias_miembro (id_miembro, orden, isbn) VALUES (2, 2, '978-84-206-3524-3');
INSERT INTO casj_preferencias_miembro (id_miembro, orden, isbn) VALUES (2, 3, '978-0-345-33570-1');
INSERT INTO casj_preferencias_miembro (id_miembro, orden, isbn) VALUES (3, 1, '978-0-345-33569-5');
INSERT INTO casj_preferencias_miembro (id_miembro, orden, isbn) VALUES (3, 2, '978-0-393-31283-7');
INSERT INTO casj_preferencias_miembro (id_miembro, orden, isbn) VALUES (3, 3, '978-3-630-87214-1');
INSERT INTO casj_preferencias_miembro (id_miembro, orden, isbn) VALUES (4, 1, '978-0-19-283477-8');
INSERT INTO casj_preferencias_miembro (id_miembro, orden, isbn) VALUES (4, 2, '978-0-14-241037-2');
INSERT INTO casj_preferencias_miembro (id_miembro, orden, isbn) VALUES (4, 3, '978-0-345-33569-5');
INSERT INTO casj_preferencias_miembro (id_miembro, orden, isbn) VALUES (5, 1, '978-968-16-0474-3');
INSERT INTO casj_preferencias_miembro (id_miembro, orden, isbn) VALUES (5, 2, '978-84-376-0310-6');
INSERT INTO casj_preferencias_miembro (id_miembro, orden, isbn) VALUES (5, 3, '978-0-14-241037-2');
INSERT INTO casj_preferencias_miembro (id_miembro, orden, isbn) VALUES (6, 1, '978-968-16-0474-3');
INSERT INTO casj_preferencias_miembro (id_miembro, orden, isbn) VALUES (6, 2, '978-0-14-241037-2');
INSERT INTO casj_preferencias_miembro (id_miembro, orden, isbn) VALUES (6, 3, '978-84-376-0189-8');
INSERT INTO casj_preferencias_miembro (id_miembro, orden, isbn) VALUES (7, 1, '978-0-345-33569-5');
INSERT INTO casj_preferencias_miembro (id_miembro, orden, isbn) VALUES (7, 2, '978-0-394-71772-1');
INSERT INTO casj_preferencias_miembro (id_miembro, orden, isbn) VALUES (7, 3, '978-0-393-31283-7');
INSERT INTO casj_preferencias_miembro (id_miembro, orden, isbn) VALUES (8, 1, '978-0-393-31283-7');
INSERT INTO casj_preferencias_miembro (id_miembro, orden, isbn) VALUES (8, 2, '978-84-376-0310-6');
INSERT INTO casj_preferencias_miembro (id_miembro, orden, isbn) VALUES (8, 3, '978-0-345-33569-5');
INSERT INTO casj_preferencias_miembro (id_miembro, orden, isbn) VALUES (9, 1, '978-0-446-52080-1');
INSERT INTO casj_preferencias_miembro (id_miembro, orden, isbn) VALUES (9, 2, '978-0-345-33570-1');
INSERT INTO casj_preferencias_miembro (id_miembro, orden, isbn) VALUES (9, 3, '978-0-19-283477-8');
INSERT INTO casj_preferencias_miembro (id_miembro, orden, isbn) VALUES (10, 1, '978-0-14-241037-2');
INSERT INTO casj_preferencias_miembro (id_miembro, orden, isbn) VALUES (10, 2, '978-83-7506-289-7');
INSERT INTO casj_preferencias_miembro (id_miembro, orden, isbn) VALUES (10, 3, '978-968-16-0474-3');
INSERT INTO casj_preferencias_miembro (id_miembro, orden, isbn) VALUES (11, 1, '978-83-7506-289-7');
INSERT INTO casj_preferencias_miembro (id_miembro, orden, isbn) VALUES (11, 2, '978-84-376-0310-6');
INSERT INTO casj_preferencias_miembro (id_miembro, orden, isbn) VALUES (11, 3, '978-968-16-0474-3');
INSERT INTO casj_preferencias_miembro (id_miembro, orden, isbn) VALUES (12, 1, '978-84-376-0189-8');
INSERT INTO casj_preferencias_miembro (id_miembro, orden, isbn) VALUES (12, 2, '978-0-345-33569-5');
INSERT INTO casj_preferencias_miembro (id_miembro, orden, isbn) VALUES (12, 3, '978-84-206-3524-3');
INSERT INTO casj_preferencias_miembro (id_miembro, orden, isbn) VALUES (13, 1, '978-3-630-87214-1');
INSERT INTO casj_preferencias_miembro (id_miembro, orden, isbn) VALUES (13, 2, '978-0-393-31283-7');
INSERT INTO casj_preferencias_miembro (id_miembro, orden, isbn) VALUES (13, 3, '978-83-7506-289-7');
INSERT INTO casj_preferencias_miembro (id_miembro, orden, isbn) VALUES (14, 1, '978-968-16-0474-3');
INSERT INTO casj_preferencias_miembro (id_miembro, orden, isbn) VALUES (14, 2, '978-0-14-241037-2');
INSERT INTO casj_preferencias_miembro (id_miembro, orden, isbn) VALUES (14, 3, '978-3-630-87214-1');
INSERT INTO casj_preferencias_miembro (id_miembro, orden, isbn) VALUES (15, 1, '978-0-345-33568-8');
INSERT INTO casj_preferencias_miembro (id_miembro, orden, isbn) VALUES (15, 2, '978-0-393-31283-7');
INSERT INTO casj_preferencias_miembro (id_miembro, orden, isbn) VALUES (15, 3, '978-0-19-283477-8');
INSERT INTO casj_preferencias_miembro (id_miembro, orden, isbn) VALUES (16, 1, '978-3-630-87214-1');
INSERT INTO casj_preferencias_miembro (id_miembro, orden, isbn) VALUES (16, 2, '978-0-345-33568-8');
INSERT INTO casj_preferencias_miembro (id_miembro, orden, isbn) VALUES (16, 3, '978-0-345-33570-1');
INSERT INTO casj_preferencias_miembro (id_miembro, orden, isbn) VALUES (17, 1, '978-3-630-87214-1');
INSERT INTO casj_preferencias_miembro (id_miembro, orden, isbn) VALUES (17, 2, '978-84-376-0189-8');
INSERT INTO casj_preferencias_miembro (id_miembro, orden, isbn) VALUES (17, 3, '978-84-206-3524-3');
INSERT INTO casj_preferencias_miembro (id_miembro, orden, isbn) VALUES (18, 1, '978-0-393-31283-7');
INSERT INTO casj_preferencias_miembro (id_miembro, orden, isbn) VALUES (18, 2, '978-84-206-3532-8');
INSERT INTO casj_preferencias_miembro (id_miembro, orden, isbn) VALUES (18, 3, '978-84-376-0310-6');
INSERT INTO casj_preferencias_miembro (id_miembro, orden, isbn) VALUES (19, 1, '978-84-376-0189-8');
INSERT INTO casj_preferencias_miembro (id_miembro, orden, isbn) VALUES (19, 2, '978-0-345-33568-8');
INSERT INTO casj_preferencias_miembro (id_miembro, orden, isbn) VALUES (19, 3, '978-0-345-33570-1');
INSERT INTO casj_preferencias_miembro (id_miembro, orden, isbn) VALUES (20, 1, '978-0-394-71772-1');
INSERT INTO casj_preferencias_miembro (id_miembro, orden, isbn) VALUES (20, 2, '978-0-393-31283-7');
INSERT INTO casj_preferencias_miembro (id_miembro, orden, isbn) VALUES (20, 3, '978-0-19-283477-8');
INSERT INTO casj_preferencias_miembro (id_miembro, orden, isbn) VALUES (21, 1, '978-84-206-3524-3');
INSERT INTO casj_preferencias_miembro (id_miembro, orden, isbn) VALUES (21, 2, '978-0-345-33569-5');
INSERT INTO casj_preferencias_miembro (id_miembro, orden, isbn) VALUES (21, 3, '978-0-345-33570-1');
INSERT INTO casj_preferencias_miembro (id_miembro, orden, isbn) VALUES (22, 1, '978-0-345-33568-8');
INSERT INTO casj_preferencias_miembro (id_miembro, orden, isbn) VALUES (22, 2, '978-0-345-33569-5');
INSERT INTO casj_preferencias_miembro (id_miembro, orden, isbn) VALUES (22, 3, '978-84-376-0189-8');
INSERT INTO casj_preferencias_miembro (id_miembro, orden, isbn) VALUES (23, 1, '978-0-446-52080-1');
INSERT INTO casj_preferencias_miembro (id_miembro, orden, isbn) VALUES (23, 2, '978-0-14-241037-2');
INSERT INTO casj_preferencias_miembro (id_miembro, orden, isbn) VALUES (23, 3, '978-84-206-3532-8');
INSERT INTO casj_preferencias_miembro (id_miembro, orden, isbn) VALUES (24, 1, '978-84-206-3532-8');
INSERT INTO casj_preferencias_miembro (id_miembro, orden, isbn) VALUES (24, 2, '978-84-376-0310-6');
INSERT INTO casj_preferencias_miembro (id_miembro, orden, isbn) VALUES (24, 3, '978-0-345-33570-1');
INSERT INTO casj_preferencias_miembro (id_miembro, orden, isbn) VALUES (25, 1, '978-84-376-0189-8');
INSERT INTO casj_preferencias_miembro (id_miembro, orden, isbn) VALUES (25, 2, '978-0-394-71772-1');
INSERT INTO casj_preferencias_miembro (id_miembro, orden, isbn) VALUES (25, 3, '978-0-14-241037-2');
INSERT INTO casj_preferencias_miembro (id_miembro, orden, isbn) VALUES (26, 1, '978-0-19-283477-8');
INSERT INTO casj_preferencias_miembro (id_miembro, orden, isbn) VALUES (26, 2, '978-84-206-3524-3');
INSERT INTO casj_preferencias_miembro (id_miembro, orden, isbn) VALUES (26, 3, '978-0-393-31283-7');
INSERT INTO casj_preferencias_miembro (id_miembro, orden, isbn) VALUES (27, 1, '978-0-345-33570-1');
INSERT INTO casj_preferencias_miembro (id_miembro, orden, isbn) VALUES (27, 2, '978-84-206-3532-8');
INSERT INTO casj_preferencias_miembro (id_miembro, orden, isbn) VALUES (27, 3, '978-0-345-33568-8');
INSERT INTO casj_preferencias_miembro (id_miembro, orden, isbn) VALUES (28, 1, '978-0-394-71772-1');
INSERT INTO casj_preferencias_miembro (id_miembro, orden, isbn) VALUES (28, 2, '978-0-345-33570-1');
INSERT INTO casj_preferencias_miembro (id_miembro, orden, isbn) VALUES (28, 3, '978-84-206-3524-3');
INSERT INTO casj_preferencias_miembro (id_miembro, orden, isbn) VALUES (29, 1, '978-0-345-33569-5');
INSERT INTO casj_preferencias_miembro (id_miembro, orden, isbn) VALUES (29, 2, '978-0-19-283477-8');
INSERT INTO casj_preferencias_miembro (id_miembro, orden, isbn) VALUES (29, 3, '978-0-14-241037-2');
INSERT INTO casj_preferencias_miembro (id_miembro, orden, isbn) VALUES (30, 1, '978-3-630-87214-1');
INSERT INTO casj_preferencias_miembro (id_miembro, orden, isbn) VALUES (30, 2, '978-2-07-040850-4');
INSERT INTO casj_preferencias_miembro (id_miembro, orden, isbn) VALUES (30, 3, '978-0-19-283477-8');
INSERT INTO casj_preferencias_miembro (id_miembro, orden, isbn) VALUES (31, 1, '978-968-16-0474-3');
INSERT INTO casj_preferencias_miembro (id_miembro, orden, isbn) VALUES (31, 2, '978-2-07-040850-4');
INSERT INTO casj_preferencias_miembro (id_miembro, orden, isbn) VALUES (31, 3, '978-0-393-31283-7');
INSERT INTO casj_preferencias_miembro (id_miembro, orden, isbn) VALUES (32, 1, '978-84-206-3532-8');
INSERT INTO casj_preferencias_miembro (id_miembro, orden, isbn) VALUES (32, 2, '978-0-446-52080-1');
INSERT INTO casj_preferencias_miembro (id_miembro, orden, isbn) VALUES (32, 3, '978-0-394-71772-1');
INSERT INTO casj_preferencias_miembro (id_miembro, orden, isbn) VALUES (33, 1, '978-0-446-52080-1');
INSERT INTO casj_preferencias_miembro (id_miembro, orden, isbn) VALUES (33, 2, '978-84-206-3524-3');
INSERT INTO casj_preferencias_miembro (id_miembro, orden, isbn) VALUES (33, 3, '978-3-630-87214-1');
INSERT INTO casj_preferencias_miembro (id_miembro, orden, isbn) VALUES (34, 1, '978-83-7506-289-7');
INSERT INTO casj_preferencias_miembro (id_miembro, orden, isbn) VALUES (34, 2, '978-84-376-0310-6');
INSERT INTO casj_preferencias_miembro (id_miembro, orden, isbn) VALUES (34, 3, '978-0-446-52080-1');
INSERT INTO casj_preferencias_miembro (id_miembro, orden, isbn) VALUES (35, 1, '978-83-7506-289-7');
INSERT INTO casj_preferencias_miembro (id_miembro, orden, isbn) VALUES (35, 2, '978-0-394-71772-1');
INSERT INTO casj_preferencias_miembro (id_miembro, orden, isbn) VALUES (35, 3, '978-0-19-283477-8');
INSERT INTO casj_preferencias_miembro (id_miembro, orden, isbn) VALUES (36, 1, '978-0-14-241037-2');
INSERT INTO casj_preferencias_miembro (id_miembro, orden, isbn) VALUES (36, 2, '978-3-630-87214-1');
INSERT INTO casj_preferencias_miembro (id_miembro, orden, isbn) VALUES (36, 3, '978-0-19-283477-8');
INSERT INTO casj_preferencias_miembro (id_miembro, orden, isbn) VALUES (37, 1, '978-0-393-31283-7');
INSERT INTO casj_preferencias_miembro (id_miembro, orden, isbn) VALUES (37, 2, '978-0-345-33568-8');
INSERT INTO casj_preferencias_miembro (id_miembro, orden, isbn) VALUES (37, 3, '978-83-7506-289-7');
INSERT INTO casj_preferencias_miembro (id_miembro, orden, isbn) VALUES (38, 1, '978-84-206-3524-3');
INSERT INTO casj_preferencias_miembro (id_miembro, orden, isbn) VALUES (38, 2, '978-0-393-31283-7');
INSERT INTO casj_preferencias_miembro (id_miembro, orden, isbn) VALUES (38, 3, '978-0-345-33568-8');
INSERT INTO casj_preferencias_miembro (id_miembro, orden, isbn) VALUES (39, 1, '978-0-345-33568-8');
INSERT INTO casj_preferencias_miembro (id_miembro, orden, isbn) VALUES (39, 2, '978-83-7506-289-7');
INSERT INTO casj_preferencias_miembro (id_miembro, orden, isbn) VALUES (39, 3, '978-0-394-71772-1');
INSERT INTO casj_preferencias_miembro (id_miembro, orden, isbn) VALUES (40, 1, '978-0-446-52080-1');
INSERT INTO casj_preferencias_miembro (id_miembro, orden, isbn) VALUES (40, 2, '978-84-206-3524-3');
INSERT INTO casj_preferencias_miembro (id_miembro, orden, isbn) VALUES (40, 3, '978-0-345-33570-1');
INSERT INTO casj_preferencias_miembro (id_miembro, orden, isbn) VALUES (41, 1, '978-3-630-87214-1');
INSERT INTO casj_preferencias_miembro (id_miembro, orden, isbn) VALUES (41, 2, '978-0-394-71772-1');
INSERT INTO casj_preferencias_miembro (id_miembro, orden, isbn) VALUES (41, 3, '978-84-376-0310-6');
INSERT INTO casj_preferencias_miembro (id_miembro, orden, isbn) VALUES (42, 1, '978-83-7506-289-7');
INSERT INTO casj_preferencias_miembro (id_miembro, orden, isbn) VALUES (42, 2, '978-0-345-33568-8');
INSERT INTO casj_preferencias_miembro (id_miembro, orden, isbn) VALUES (42, 3, '978-2-07-040850-4');
INSERT INTO casj_preferencias_miembro (id_miembro, orden, isbn) VALUES (43, 1, '978-968-16-0474-3');
INSERT INTO casj_preferencias_miembro (id_miembro, orden, isbn) VALUES (43, 2, '978-0-345-33570-1');
INSERT INTO casj_preferencias_miembro (id_miembro, orden, isbn) VALUES (43, 3, '978-84-206-3532-8');
INSERT INTO casj_preferencias_miembro (id_miembro, orden, isbn) VALUES (44, 1, '978-84-206-3524-3');
INSERT INTO casj_preferencias_miembro (id_miembro, orden, isbn) VALUES (44, 2, '978-3-630-87214-1');
INSERT INTO casj_preferencias_miembro (id_miembro, orden, isbn) VALUES (44, 3, '978-84-376-0189-8');
INSERT INTO casj_preferencias_miembro (id_miembro, orden, isbn) VALUES (45, 1, '978-2-07-040850-4');
INSERT INTO casj_preferencias_miembro (id_miembro, orden, isbn) VALUES (45, 2, '978-3-630-87214-1');
INSERT INTO casj_preferencias_miembro (id_miembro, orden, isbn) VALUES (45, 3, '978-84-206-3532-8');
INSERT INTO casj_preferencias_miembro (id_miembro, orden, isbn) VALUES (46, 1, '978-84-376-0189-8');
INSERT INTO casj_preferencias_miembro (id_miembro, orden, isbn) VALUES (46, 2, '978-0-345-33569-5');
INSERT INTO casj_preferencias_miembro (id_miembro, orden, isbn) VALUES (46, 3, '978-0-446-52080-1');
INSERT INTO casj_preferencias_miembro (id_miembro, orden, isbn) VALUES (47, 1, '978-0-345-33569-5');
INSERT INTO casj_preferencias_miembro (id_miembro, orden, isbn) VALUES (47, 2, '978-0-446-52080-1');
INSERT INTO casj_preferencias_miembro (id_miembro, orden, isbn) VALUES (47, 3, '978-0-345-33568-8');
INSERT INTO casj_preferencias_miembro (id_miembro, orden, isbn) VALUES (48, 1, '978-84-206-3532-8');
INSERT INTO casj_preferencias_miembro (id_miembro, orden, isbn) VALUES (48, 2, '978-0-14-241037-2');
INSERT INTO casj_preferencias_miembro (id_miembro, orden, isbn) VALUES (48, 3, '978-0-345-33569-5');
INSERT INTO casj_preferencias_miembro (id_miembro, orden, isbn) VALUES (49, 1, '978-0-19-283477-8');
INSERT INTO casj_preferencias_miembro (id_miembro, orden, isbn) VALUES (49, 2, '978-0-393-31283-7');
INSERT INTO casj_preferencias_miembro (id_miembro, orden, isbn) VALUES (49, 3, '978-0-446-52080-1');
INSERT INTO casj_preferencias_miembro (id_miembro, orden, isbn) VALUES (50, 1, '978-84-206-3524-3');
INSERT INTO casj_preferencias_miembro (id_miembro, orden, isbn) VALUES (50, 2, '978-84-376-0189-8');
INSERT INTO casj_preferencias_miembro (id_miembro, orden, isbn) VALUES (50, 3, '978-0-19-283477-8');
INSERT INTO casj_preferencias_miembro (id_miembro, orden, isbn) VALUES (51, 1, '978-968-16-0474-3');
INSERT INTO casj_preferencias_miembro (id_miembro, orden, isbn) VALUES (51, 2, '978-0-394-71772-1');
INSERT INTO casj_preferencias_miembro (id_miembro, orden, isbn) VALUES (51, 3, '978-0-345-33569-5');
INSERT INTO casj_preferencias_miembro (id_miembro, orden, isbn) VALUES (52, 1, '978-84-206-3524-3');
INSERT INTO casj_preferencias_miembro (id_miembro, orden, isbn) VALUES (52, 2, '978-0-345-33568-8');
INSERT INTO casj_preferencias_miembro (id_miembro, orden, isbn) VALUES (52, 3, '978-84-376-0310-6');
INSERT INTO casj_preferencias_miembro (id_miembro, orden, isbn) VALUES (53, 1, '978-84-376-0310-6');
INSERT INTO casj_preferencias_miembro (id_miembro, orden, isbn) VALUES (53, 2, '978-84-206-3524-3');
INSERT INTO casj_preferencias_miembro (id_miembro, orden, isbn) VALUES (53, 3, '978-0-393-31283-7');
INSERT INTO casj_preferencias_miembro (id_miembro, orden, isbn) VALUES (54, 1, '978-84-206-3532-8');
INSERT INTO casj_preferencias_miembro (id_miembro, orden, isbn) VALUES (54, 2, '978-968-16-0474-3');
INSERT INTO casj_preferencias_miembro (id_miembro, orden, isbn) VALUES (54, 3, '978-84-376-0189-8');
INSERT INTO casj_preferencias_miembro (id_miembro, orden, isbn) VALUES (55, 1, '978-84-376-0189-8');
INSERT INTO casj_preferencias_miembro (id_miembro, orden, isbn) VALUES (55, 2, '978-0-345-33569-5');
INSERT INTO casj_preferencias_miembro (id_miembro, orden, isbn) VALUES (55, 3, '978-0-446-52080-1');
INSERT INTO casj_preferencias_miembro (id_miembro, orden, isbn) VALUES (56, 1, '978-83-7506-289-7');
INSERT INTO casj_preferencias_miembro (id_miembro, orden, isbn) VALUES (56, 2, '978-0-14-241037-2');
INSERT INTO casj_preferencias_miembro (id_miembro, orden, isbn) VALUES (56, 3, '978-0-446-52080-1');
INSERT INTO casj_preferencias_miembro (id_miembro, orden, isbn) VALUES (57, 1, '978-84-206-3524-3');
INSERT INTO casj_preferencias_miembro (id_miembro, orden, isbn) VALUES (57, 2, '978-3-630-87214-1');
INSERT INTO casj_preferencias_miembro (id_miembro, orden, isbn) VALUES (57, 3, '978-0-345-33569-5');
INSERT INTO casj_preferencias_miembro (id_miembro, orden, isbn) VALUES (58, 1, '978-84-206-3524-3');
INSERT INTO casj_preferencias_miembro (id_miembro, orden, isbn) VALUES (58, 2, '978-968-16-0474-3');
INSERT INTO casj_preferencias_miembro (id_miembro, orden, isbn) VALUES (58, 3, '978-0-394-71772-1');
INSERT INTO casj_preferencias_miembro (id_miembro, orden, isbn) VALUES (59, 1, '978-0-19-283477-8');
INSERT INTO casj_preferencias_miembro (id_miembro, orden, isbn) VALUES (59, 2, '978-83-7506-289-7');
INSERT INTO casj_preferencias_miembro (id_miembro, orden, isbn) VALUES (59, 3, '978-84-376-0310-6');
INSERT INTO casj_preferencias_miembro (id_miembro, orden, isbn) VALUES (60, 1, '978-84-376-0310-6');
INSERT INTO casj_preferencias_miembro (id_miembro, orden, isbn) VALUES (60, 2, '978-0-345-33569-5');
INSERT INTO casj_preferencias_miembro (id_miembro, orden, isbn) VALUES (60, 3, '978-3-630-87214-1');
INSERT INTO casj_preferencias_miembro (id_miembro, orden, isbn) VALUES (61, 1, '978-83-7506-289-7');
INSERT INTO casj_preferencias_miembro (id_miembro, orden, isbn) VALUES (61, 2, '978-3-630-87214-1');
INSERT INTO casj_preferencias_miembro (id_miembro, orden, isbn) VALUES (61, 3, '978-84-206-3532-8');
INSERT INTO casj_preferencias_miembro (id_miembro, orden, isbn) VALUES (62, 1, '978-0-446-52080-1');
INSERT INTO casj_preferencias_miembro (id_miembro, orden, isbn) VALUES (62, 2, '978-84-206-3532-8');
INSERT INTO casj_preferencias_miembro (id_miembro, orden, isbn) VALUES (62, 3, '978-84-206-3524-3');
INSERT INTO casj_preferencias_miembro (id_miembro, orden, isbn) VALUES (63, 1, '978-84-376-0189-8');
INSERT INTO casj_preferencias_miembro (id_miembro, orden, isbn) VALUES (63, 2, '978-84-376-0310-6');
INSERT INTO casj_preferencias_miembro (id_miembro, orden, isbn) VALUES (63, 3, '978-0-14-241037-2');
INSERT INTO casj_preferencias_miembro (id_miembro, orden, isbn) VALUES (64, 1, '978-0-394-71772-1');
INSERT INTO casj_preferencias_miembro (id_miembro, orden, isbn) VALUES (64, 2, '978-83-7506-289-7');
INSERT INTO casj_preferencias_miembro (id_miembro, orden, isbn) VALUES (64, 3, '978-0-345-33569-5');
INSERT INTO casj_preferencias_miembro (id_miembro, orden, isbn) VALUES (65, 1, '978-0-394-71772-1');
INSERT INTO casj_preferencias_miembro (id_miembro, orden, isbn) VALUES (65, 2, '978-0-14-241037-2');
INSERT INTO casj_preferencias_miembro (id_miembro, orden, isbn) VALUES (65, 3, '978-83-7506-289-7');
INSERT INTO casj_preferencias_miembro (id_miembro, orden, isbn) VALUES (66, 1, '978-84-376-0310-6');
INSERT INTO casj_preferencias_miembro (id_miembro, orden, isbn) VALUES (66, 2, '978-0-393-31283-7');
INSERT INTO casj_preferencias_miembro (id_miembro, orden, isbn) VALUES (66, 3, '978-0-345-33570-1');
INSERT INTO casj_preferencias_miembro (id_miembro, orden, isbn) VALUES (67, 1, '978-0-345-33570-1');
INSERT INTO casj_preferencias_miembro (id_miembro, orden, isbn) VALUES (67, 2, '978-0-14-241037-2');
INSERT INTO casj_preferencias_miembro (id_miembro, orden, isbn) VALUES (67, 3, '978-84-206-3524-3');
INSERT INTO casj_preferencias_miembro (id_miembro, orden, isbn) VALUES (68, 1, '978-0-14-241037-2');
INSERT INTO casj_preferencias_miembro (id_miembro, orden, isbn) VALUES (68, 2, '978-2-07-040850-4');
INSERT INTO casj_preferencias_miembro (id_miembro, orden, isbn) VALUES (68, 3, '978-84-206-3524-3');
INSERT INTO casj_preferencias_miembro (id_miembro, orden, isbn) VALUES (69, 1, '978-84-206-3532-8');
INSERT INTO casj_preferencias_miembro (id_miembro, orden, isbn) VALUES (69, 2, '978-0-19-283477-8');
INSERT INTO casj_preferencias_miembro (id_miembro, orden, isbn) VALUES (69, 3, '978-0-393-31283-7');
INSERT INTO casj_preferencias_miembro (id_miembro, orden, isbn) VALUES (70, 1, '978-0-19-283477-8');
INSERT INTO casj_preferencias_miembro (id_miembro, orden, isbn) VALUES (70, 2, '978-968-16-0474-3');
INSERT INTO casj_preferencias_miembro (id_miembro, orden, isbn) VALUES (70, 3, '978-0-14-241037-2');
INSERT INTO casj_preferencias_miembro (id_miembro, orden, isbn) VALUES (71, 1, '978-0-19-283477-8');
INSERT INTO casj_preferencias_miembro (id_miembro, orden, isbn) VALUES (71, 2, '978-0-345-33570-1');
INSERT INTO casj_preferencias_miembro (id_miembro, orden, isbn) VALUES (71, 3, '978-2-07-040850-4');
INSERT INTO casj_preferencias_miembro (id_miembro, orden, isbn) VALUES (72, 1, '978-0-345-33570-1');
INSERT INTO casj_preferencias_miembro (id_miembro, orden, isbn) VALUES (72, 2, '978-2-07-040850-4');
INSERT INTO casj_preferencias_miembro (id_miembro, orden, isbn) VALUES (72, 3, '978-84-206-3532-8');
INSERT INTO casj_preferencias_miembro (id_miembro, orden, isbn) VALUES (73, 1, '978-0-393-31283-7');
INSERT INTO casj_preferencias_miembro (id_miembro, orden, isbn) VALUES (73, 2, '978-84-206-3524-3');
INSERT INTO casj_preferencias_miembro (id_miembro, orden, isbn) VALUES (73, 3, '978-0-394-71772-1');
INSERT INTO casj_preferencias_miembro (id_miembro, orden, isbn) VALUES (74, 1, '978-0-345-33569-5');
INSERT INTO casj_preferencias_miembro (id_miembro, orden, isbn) VALUES (74, 2, '978-84-376-0310-6');
INSERT INTO casj_preferencias_miembro (id_miembro, orden, isbn) VALUES (74, 3, '978-3-630-87214-1');
INSERT INTO casj_preferencias_miembro (id_miembro, orden, isbn) VALUES (75, 1, '978-0-345-33570-1');
INSERT INTO casj_preferencias_miembro (id_miembro, orden, isbn) VALUES (75, 2, '978-0-394-71772-1');
INSERT INTO casj_preferencias_miembro (id_miembro, orden, isbn) VALUES (75, 3, '978-2-07-040850-4');
INSERT INTO casj_preferencias_miembro (id_miembro, orden, isbn) VALUES (76, 1, '978-84-206-3532-8');
INSERT INTO casj_preferencias_miembro (id_miembro, orden, isbn) VALUES (76, 2, '978-0-345-33568-8');
INSERT INTO casj_preferencias_miembro (id_miembro, orden, isbn) VALUES (76, 3, '978-0-14-241037-2');
INSERT INTO casj_preferencias_miembro (id_miembro, orden, isbn) VALUES (77, 1, '978-84-376-0189-8');
INSERT INTO casj_preferencias_miembro (id_miembro, orden, isbn) VALUES (77, 2, '978-968-16-0474-3');
INSERT INTO casj_preferencias_miembro (id_miembro, orden, isbn) VALUES (77, 3, '978-0-394-71772-1');
INSERT INTO casj_preferencias_miembro (id_miembro, orden, isbn) VALUES (78, 1, '978-0-345-33570-1');
INSERT INTO casj_preferencias_miembro (id_miembro, orden, isbn) VALUES (78, 2, '978-0-19-283477-8');
INSERT INTO casj_preferencias_miembro (id_miembro, orden, isbn) VALUES (78, 3, '978-968-16-0474-3');
INSERT INTO casj_preferencias_miembro (id_miembro, orden, isbn) VALUES (79, 1, '978-0-345-33570-1');
INSERT INTO casj_preferencias_miembro (id_miembro, orden, isbn) VALUES (79, 2, '978-0-393-31283-7');
INSERT INTO casj_preferencias_miembro (id_miembro, orden, isbn) VALUES (79, 3, '978-84-206-3532-8');
INSERT INTO casj_preferencias_miembro (id_miembro, orden, isbn) VALUES (80, 1, '978-84-206-3524-3');
INSERT INTO casj_preferencias_miembro (id_miembro, orden, isbn) VALUES (80, 2, '978-2-07-040850-4');
INSERT INTO casj_preferencias_miembro (id_miembro, orden, isbn) VALUES (80, 3, '978-0-393-31283-7');
INSERT INTO casj_preferencias_miembro (id_miembro, orden, isbn) VALUES (81, 1, '978-0-345-33569-5');
INSERT INTO casj_preferencias_miembro (id_miembro, orden, isbn) VALUES (81, 2, '978-2-07-040850-4');
INSERT INTO casj_preferencias_miembro (id_miembro, orden, isbn) VALUES (81, 3, '978-84-206-3524-3');
INSERT INTO casj_preferencias_miembro (id_miembro, orden, isbn) VALUES (82, 1, '978-0-446-52080-1');
INSERT INTO casj_preferencias_miembro (id_miembro, orden, isbn) VALUES (82, 2, '978-84-376-0310-6');
INSERT INTO casj_preferencias_miembro (id_miembro, orden, isbn) VALUES (82, 3, '978-0-393-31283-7');
INSERT INTO casj_preferencias_miembro (id_miembro, orden, isbn) VALUES (83, 1, '978-0-14-241037-2');
INSERT INTO casj_preferencias_miembro (id_miembro, orden, isbn) VALUES (83, 2, '978-3-630-87214-1');
INSERT INTO casj_preferencias_miembro (id_miembro, orden, isbn) VALUES (83, 3, '978-0-345-33570-1');
INSERT INTO casj_preferencias_miembro (id_miembro, orden, isbn) VALUES (84, 1, '978-0-345-33569-5');
INSERT INTO casj_preferencias_miembro (id_miembro, orden, isbn) VALUES (84, 2, '978-2-07-040850-4');
INSERT INTO casj_preferencias_miembro (id_miembro, orden, isbn) VALUES (84, 3, '978-0-14-241037-2');
INSERT INTO casj_preferencias_miembro (id_miembro, orden, isbn) VALUES (85, 1, '978-0-19-283477-8');
INSERT INTO casj_preferencias_miembro (id_miembro, orden, isbn) VALUES (85, 2, '978-84-376-0189-8');
INSERT INTO casj_preferencias_miembro (id_miembro, orden, isbn) VALUES (85, 3, '978-0-345-33569-5');
INSERT INTO casj_preferencias_miembro (id_miembro, orden, isbn) VALUES (86, 1, '978-84-376-0310-6');
INSERT INTO casj_preferencias_miembro (id_miembro, orden, isbn) VALUES (86, 2, '978-0-345-33568-8');
INSERT INTO casj_preferencias_miembro (id_miembro, orden, isbn) VALUES (86, 3, '978-83-7506-289-7');
INSERT INTO casj_preferencias_miembro (id_miembro, orden, isbn) VALUES (87, 1, '978-84-206-3532-8');
INSERT INTO casj_preferencias_miembro (id_miembro, orden, isbn) VALUES (87, 2, '978-2-07-040850-4');
INSERT INTO casj_preferencias_miembro (id_miembro, orden, isbn) VALUES (87, 3, '978-3-630-87214-1');
INSERT INTO casj_preferencias_miembro (id_miembro, orden, isbn) VALUES (88, 1, '978-84-376-0310-6');
INSERT INTO casj_preferencias_miembro (id_miembro, orden, isbn) VALUES (88, 2, '978-0-14-241037-2');
INSERT INTO casj_preferencias_miembro (id_miembro, orden, isbn) VALUES (88, 3, '978-84-206-3532-8');
INSERT INTO casj_preferencias_miembro (id_miembro, orden, isbn) VALUES (89, 1, '978-0-393-31283-7');
INSERT INTO casj_preferencias_miembro (id_miembro, orden, isbn) VALUES (89, 2, '978-0-446-52080-1');
INSERT INTO casj_preferencias_miembro (id_miembro, orden, isbn) VALUES (89, 3, '978-84-206-3532-8');
INSERT INTO casj_preferencias_miembro (id_miembro, orden, isbn) VALUES (90, 1, '978-0-19-283477-8');
INSERT INTO casj_preferencias_miembro (id_miembro, orden, isbn) VALUES (90, 2, '978-0-14-241037-2');
INSERT INTO casj_preferencias_miembro (id_miembro, orden, isbn) VALUES (90, 3, '978-0-393-31283-7');
INSERT INTO casj_preferencias_miembro (id_miembro, orden, isbn) VALUES (91, 1, '978-0-345-33569-5');
INSERT INTO casj_preferencias_miembro (id_miembro, orden, isbn) VALUES (91, 2, '978-84-206-3524-3');
INSERT INTO casj_preferencias_miembro (id_miembro, orden, isbn) VALUES (91, 3, '978-0-19-283477-8');
INSERT INTO casj_preferencias_miembro (id_miembro, orden, isbn) VALUES (92, 1, '978-0-19-283477-8');
INSERT INTO casj_preferencias_miembro (id_miembro, orden, isbn) VALUES (92, 2, '978-0-345-33569-5');
INSERT INTO casj_preferencias_miembro (id_miembro, orden, isbn) VALUES (92, 3, '978-84-376-0310-6');
INSERT INTO casj_preferencias_miembro (id_miembro, orden, isbn) VALUES (93, 1, '978-83-7506-289-7');
INSERT INTO casj_preferencias_miembro (id_miembro, orden, isbn) VALUES (93, 2, '978-3-630-87214-1');
INSERT INTO casj_preferencias_miembro (id_miembro, orden, isbn) VALUES (93, 3, '978-0-19-283477-8');
INSERT INTO casj_preferencias_miembro (id_miembro, orden, isbn) VALUES (94, 1, '978-84-206-3524-3');
INSERT INTO casj_preferencias_miembro (id_miembro, orden, isbn) VALUES (94, 2, '978-0-394-71772-1');
INSERT INTO casj_preferencias_miembro (id_miembro, orden, isbn) VALUES (94, 3, '978-84-206-3532-8');
INSERT INTO casj_preferencias_miembro (id_miembro, orden, isbn) VALUES (95, 1, '978-0-394-71772-1');
INSERT INTO casj_preferencias_miembro (id_miembro, orden, isbn) VALUES (95, 2, '978-84-376-0310-6');
INSERT INTO casj_preferencias_miembro (id_miembro, orden, isbn) VALUES (95, 3, '978-0-345-33569-5');
INSERT INTO casj_preferencias_miembro (id_miembro, orden, isbn) VALUES (96, 1, '978-0-394-71772-1');
INSERT INTO casj_preferencias_miembro (id_miembro, orden, isbn) VALUES (96, 2, '978-84-206-3532-8');
INSERT INTO casj_preferencias_miembro (id_miembro, orden, isbn) VALUES (96, 3, '978-84-376-0310-6');

-- ============================================================
-- OBRAS
-- ============================================================
INSERT INTO casj_obras (id_obra, id_club, titulo, costo_entrada, estatus) VALUES (1, 1, 'La profecia viviente', 15.0, 'A');
INSERT INTO casj_obras (id_obra, id_club, titulo, costo_entrada, estatus) VALUES (2, 2, 'Voces de Solaris', 0.0, 'A');
INSERT INTO casj_obras (id_obra, id_club, titulo, costo_entrada, estatus) VALUES (3, 3, 'El halcon en escena', 20.0, 'A');
INSERT INTO casj_obras (id_obra, id_club, titulo, costo_entrada, estatus) VALUES (4, 4, 'Leyendas del tropico', 10.0, 'P');
INSERT INTO casj_obras (id_obra, id_club, titulo, costo_entrada, estatus) VALUES (5, 5, 'Noah: Une histoire damour', 12.0, 'A');
INSERT INTO casj_obras (id_obra, id_club, titulo, costo_entrada, estatus) VALUES (6, 6, 'The Clockwork Stage', 18.0, 'A');
INSERT INTO casj_obras (id_obra, id_club, titulo, costo_entrada, estatus) VALUES (7, 7, 'Montecristo: Il ritorno', 25.0, 'A');
INSERT INTO casj_obras (id_obra, id_club, titulo, costo_entrada, estatus) VALUES (8, 8, 'Carmilla: Le spectacle nocturne', 22.0, 'A');

-- ============================================================
-- LIBRO_OBRA
-- ============================================================
INSERT INTO casj_libro_obra (isbn, id_obra) VALUES ('978-0-345-33568-8', 1);
INSERT INTO casj_libro_obra (isbn, id_obra) VALUES ('978-83-7506-289-7', 2);
INSERT INTO casj_libro_obra (isbn, id_obra) VALUES ('978-0-394-71772-1', 3);
INSERT INTO casj_libro_obra (isbn, id_obra) VALUES ('978-84-376-0310-6', 4);
INSERT INTO casj_libro_obra (isbn, id_obra) VALUES ('978-0-446-52080-1', 5);
INSERT INTO casj_libro_obra (isbn, id_obra) VALUES ('978-0-393-31283-7', 6);
INSERT INTO casj_libro_obra (isbn, id_obra) VALUES ('978-2-07-040850-4', 7);
INSERT INTO casj_libro_obra (isbn, id_obra) VALUES ('978-0-19-283477-8', 8);

-- ============================================================
-- ELENCO
-- ============================================================
INSERT INTO casj_elenco (id_obra, id_miembro) VALUES (1, 1);
INSERT INTO casj_elenco (id_obra, id_miembro) VALUES (1, 2);
INSERT INTO casj_elenco (id_obra, id_miembro) VALUES (1, 3);
INSERT INTO casj_elenco (id_obra, id_miembro) VALUES (2, 13);
INSERT INTO casj_elenco (id_obra, id_miembro) VALUES (2, 14);
INSERT INTO casj_elenco (id_obra, id_miembro) VALUES (2, 15);
INSERT INTO casj_elenco (id_obra, id_miembro) VALUES (3, 25);
INSERT INTO casj_elenco (id_obra, id_miembro) VALUES (3, 26);
INSERT INTO casj_elenco (id_obra, id_miembro) VALUES (3, 27);
INSERT INTO casj_elenco (id_obra, id_miembro) VALUES (4, 37);
INSERT INTO casj_elenco (id_obra, id_miembro) VALUES (4, 38);
INSERT INTO casj_elenco (id_obra, id_miembro) VALUES (4, 39);
INSERT INTO casj_elenco (id_obra, id_miembro) VALUES (5, 49);
INSERT INTO casj_elenco (id_obra, id_miembro) VALUES (5, 50);
INSERT INTO casj_elenco (id_obra, id_miembro) VALUES (5, 51);
INSERT INTO casj_elenco (id_obra, id_miembro) VALUES (6, 61);
INSERT INTO casj_elenco (id_obra, id_miembro) VALUES (6, 62);
INSERT INTO casj_elenco (id_obra, id_miembro) VALUES (6, 63);
INSERT INTO casj_elenco (id_obra, id_miembro) VALUES (7, 73);
INSERT INTO casj_elenco (id_obra, id_miembro) VALUES (7, 74);
INSERT INTO casj_elenco (id_obra, id_miembro) VALUES (7, 75);
INSERT INTO casj_elenco (id_obra, id_miembro) VALUES (8, 85);
INSERT INTO casj_elenco (id_obra, id_miembro) VALUES (8, 86);
INSERT INTO casj_elenco (id_obra, id_miembro) VALUES (8, 87);

-- ============================================================
-- PRESENTACIONES
-- ============================================================
INSERT INTO casj_presentaciones (id_obra, fecha, valoracion, entradas_vendidas) VALUES (1, TO_DATE('2026-03-22', 'YYYY-MM-DD'), 3, 41);
INSERT INTO casj_presentaciones (id_obra, fecha, valoracion, entradas_vendidas) VALUES (1, TO_DATE('2026-03-22', 'YYYY-MM-DD'), 5, 104);
INSERT INTO casj_presentaciones (id_obra, fecha, valoracion, entradas_vendidas) VALUES (2, TO_DATE('2026-02-12', 'YYYY-MM-DD'), 5, 128);
INSERT INTO casj_presentaciones (id_obra, fecha, valoracion, entradas_vendidas) VALUES (2, TO_DATE('2026-05-21', 'YYYY-MM-DD'), 3, 112);
INSERT INTO casj_presentaciones (id_obra, fecha, valoracion, entradas_vendidas) VALUES (3, TO_DATE('2026-03-15', 'YYYY-MM-DD'), 3, 107);
INSERT INTO casj_presentaciones (id_obra, fecha, valoracion, entradas_vendidas) VALUES (3, TO_DATE('2026-04-16', 'YYYY-MM-DD'), 3, 55);
INSERT INTO casj_presentaciones (id_obra, fecha, valoracion, entradas_vendidas) VALUES (5, TO_DATE('2026-02-12', 'YYYY-MM-DD'), 4, 45);
INSERT INTO casj_presentaciones (id_obra, fecha, valoracion, entradas_vendidas) VALUES (5, TO_DATE('2026-05-11', 'YYYY-MM-DD'), 5, 106);
INSERT INTO casj_presentaciones (id_obra, fecha, valoracion, entradas_vendidas) VALUES (6, TO_DATE('2026-05-14', 'YYYY-MM-DD'), 5, 116);
INSERT INTO casj_presentaciones (id_obra, fecha, valoracion, entradas_vendidas) VALUES (6, TO_DATE('2026-02-15', 'YYYY-MM-DD'), 3, 62);
INSERT INTO casj_presentaciones (id_obra, fecha, valoracion, entradas_vendidas) VALUES (7, TO_DATE('2026-04-11', 'YYYY-MM-DD'), 4, 113);
INSERT INTO casj_presentaciones (id_obra, fecha, valoracion, entradas_vendidas) VALUES (7, TO_DATE('2026-02-24', 'YYYY-MM-DD'), 5, 92);
INSERT INTO casj_presentaciones (id_obra, fecha, valoracion, entradas_vendidas) VALUES (8, TO_DATE('2026-04-17', 'YYYY-MM-DD'), 5, 81);
INSERT INTO casj_presentaciones (id_obra, fecha, valoracion, entradas_vendidas) VALUES (8, TO_DATE('2026-03-25', 'YYYY-MM-DD'), 3, 114);

-- ============================================================
-- MEJOR_ACTOR
-- ============================================================
INSERT INTO casj_mejor_actor (id_obra, fecha_presentacion, id_miembro) VALUES (1, TO_DATE('2026-03-22', 'YYYY-MM-DD'), 3);
INSERT INTO casj_mejor_actor (id_obra, fecha_presentacion, id_miembro) VALUES (1, TO_DATE('2026-03-22', 'YYYY-MM-DD'), 3);
INSERT INTO casj_mejor_actor (id_obra, fecha_presentacion, id_miembro) VALUES (2, TO_DATE('2026-02-12', 'YYYY-MM-DD'), 14);
INSERT INTO casj_mejor_actor (id_obra, fecha_presentacion, id_miembro) VALUES (2, TO_DATE('2026-05-21', 'YYYY-MM-DD'), 14);
INSERT INTO casj_mejor_actor (id_obra, fecha_presentacion, id_miembro) VALUES (3, TO_DATE('2026-03-15', 'YYYY-MM-DD'), 26);
INSERT INTO casj_mejor_actor (id_obra, fecha_presentacion, id_miembro) VALUES (3, TO_DATE('2026-04-16', 'YYYY-MM-DD'), 26);
INSERT INTO casj_mejor_actor (id_obra, fecha_presentacion, id_miembro) VALUES (5, TO_DATE('2026-02-12', 'YYYY-MM-DD'), 51);
INSERT INTO casj_mejor_actor (id_obra, fecha_presentacion, id_miembro) VALUES (5, TO_DATE('2026-05-11', 'YYYY-MM-DD'), 51);
INSERT INTO casj_mejor_actor (id_obra, fecha_presentacion, id_miembro) VALUES (6, TO_DATE('2026-05-14', 'YYYY-MM-DD'), 62);
INSERT INTO casj_mejor_actor (id_obra, fecha_presentacion, id_miembro) VALUES (6, TO_DATE('2026-02-15', 'YYYY-MM-DD'), 61);
INSERT INTO casj_mejor_actor (id_obra, fecha_presentacion, id_miembro) VALUES (7, TO_DATE('2026-04-11', 'YYYY-MM-DD'), 73);
INSERT INTO casj_mejor_actor (id_obra, fecha_presentacion, id_miembro) VALUES (7, TO_DATE('2026-02-24', 'YYYY-MM-DD'), 75);
INSERT INTO casj_mejor_actor (id_obra, fecha_presentacion, id_miembro) VALUES (8, TO_DATE('2026-04-17', 'YYYY-MM-DD'), 85);
INSERT INTO casj_mejor_actor (id_obra, fecha_presentacion, id_miembro) VALUES (8, TO_DATE('2026-03-25', 'YYYY-MM-DD'), 86);

-- ============================================================
-- CALENDARIO_REUNION_MES
-- ============================================================
INSERT INTO casj_calendario_reunion_mes (id_club, id_grupo, isbn, fecha_reunion, id_miembro_moderador, fecha_asignacion, conclusiones, valoracion_final, realizada, ultima_reunion) VALUES (1, 1, '978-0-14-241037-2', TO_DATE('2025-07-29', 'YYYY-MM-DD'), 1, TO_DATE('2025-07-19', 'YYYY-MM-DD'), NULL, NULL, 'S', 'N');
INSERT INTO casj_calendario_reunion_mes (id_club, id_grupo, isbn, fecha_reunion, id_miembro_moderador, fecha_asignacion, conclusiones, valoracion_final, realizada, ultima_reunion) VALUES (1, 1, '978-0-14-241037-2', TO_DATE('2025-08-25', 'YYYY-MM-DD'), 1, TO_DATE('2025-07-19', 'YYYY-MM-DD'), 'Discusion completada satisfactoriamente', 5, 'S', 'S');
INSERT INTO casj_calendario_reunion_mes (id_club, id_grupo, isbn, fecha_reunion, id_miembro_moderador, fecha_asignacion, conclusiones, valoracion_final, realizada, ultima_reunion) VALUES (1, 1, '978-968-16-0474-3', TO_DATE('2025-09-16', 'YYYY-MM-DD'), 1, TO_DATE('2025-07-19', 'YYYY-MM-DD'), NULL, NULL, 'S', 'N');
INSERT INTO casj_calendario_reunion_mes (id_club, id_grupo, isbn, fecha_reunion, id_miembro_moderador, fecha_asignacion, conclusiones, valoracion_final, realizada, ultima_reunion) VALUES (1, 1, '978-968-16-0474-3', TO_DATE('2025-10-12', 'YYYY-MM-DD'), 1, TO_DATE('2025-07-19', 'YYYY-MM-DD'), 'Discusion completada satisfactoriamente', 3, 'S', 'S');
INSERT INTO casj_calendario_reunion_mes (id_club, id_grupo, isbn, fecha_reunion, id_miembro_moderador, fecha_asignacion, conclusiones, valoracion_final, realizada, ultima_reunion) VALUES (1, 1, '978-84-376-0310-6', TO_DATE('2025-11-04', 'YYYY-MM-DD'), 1, TO_DATE('2025-07-19', 'YYYY-MM-DD'), NULL, NULL, 'S', 'N');
INSERT INTO casj_calendario_reunion_mes (id_club, id_grupo, isbn, fecha_reunion, id_miembro_moderador, fecha_asignacion, conclusiones, valoracion_final, realizada, ultima_reunion) VALUES (1, 1, '978-84-376-0310-6', TO_DATE('2025-12-01', 'YYYY-MM-DD'), 1, TO_DATE('2025-07-19', 'YYYY-MM-DD'), 'Discusion completada satisfactoriamente', 4, 'S', 'S');
INSERT INTO casj_calendario_reunion_mes (id_club, id_grupo, isbn, fecha_reunion, id_miembro_moderador, fecha_asignacion, conclusiones, valoracion_final, realizada, ultima_reunion) VALUES (1, 1, '978-3-630-87214-1', TO_DATE('2025-12-21', 'YYYY-MM-DD'), 1, TO_DATE('2025-07-19', 'YYYY-MM-DD'), NULL, NULL, 'S', 'N');
INSERT INTO casj_calendario_reunion_mes (id_club, id_grupo, isbn, fecha_reunion, id_miembro_moderador, fecha_asignacion, conclusiones, valoracion_final, realizada, ultima_reunion) VALUES (1, 1, '978-3-630-87214-1', TO_DATE('2026-01-16', 'YYYY-MM-DD'), 1, TO_DATE('2025-07-19', 'YYYY-MM-DD'), 'Discusion completada satisfactoriamente', 3, 'S', 'S');
INSERT INTO casj_calendario_reunion_mes (id_club, id_grupo, isbn, fecha_reunion, id_miembro_moderador, fecha_asignacion, conclusiones, valoracion_final, realizada, ultima_reunion) VALUES (1, 1, '978-0-345-33569-5', TO_DATE('2026-01-23', 'YYYY-MM-DD'), 1, TO_DATE('2025-07-19', 'YYYY-MM-DD'), NULL, NULL, 'S', 'N');
INSERT INTO casj_calendario_reunion_mes (id_club, id_grupo, isbn, fecha_reunion, id_miembro_moderador, fecha_asignacion, conclusiones, valoracion_final, realizada, ultima_reunion) VALUES (1, 1, '978-0-345-33569-5', TO_DATE('2026-01-30', 'YYYY-MM-DD'), 1, TO_DATE('2025-07-19', 'YYYY-MM-DD'), NULL, NULL, 'S', 'N');
INSERT INTO casj_calendario_reunion_mes (id_club, id_grupo, isbn, fecha_reunion, id_miembro_moderador, fecha_asignacion, conclusiones, valoracion_final, realizada, ultima_reunion) VALUES (1, 1, '978-0-345-33569-5', TO_DATE('2026-02-06', 'YYYY-MM-DD'), 1, TO_DATE('2025-07-19', 'YYYY-MM-DD'), NULL, NULL, 'S', 'N');
INSERT INTO casj_calendario_reunion_mes (id_club, id_grupo, isbn, fecha_reunion, id_miembro_moderador, fecha_asignacion, conclusiones, valoracion_final, realizada, ultima_reunion) VALUES (1, 1, '978-0-345-33569-5', TO_DATE('2026-02-13', 'YYYY-MM-DD'), 1, TO_DATE('2025-07-19', 'YYYY-MM-DD'), 'Discusion completada satisfactoriamente', 4, 'S', 'S');
INSERT INTO casj_calendario_reunion_mes (id_club, id_grupo, isbn, fecha_reunion, id_miembro_moderador, fecha_asignacion, conclusiones, valoracion_final, realizada, ultima_reunion) VALUES (1, 1, '978-84-206-3524-3', TO_DATE('2026-02-20', 'YYYY-MM-DD'), 1, TO_DATE('2025-07-19', 'YYYY-MM-DD'), NULL, NULL, 'S', 'N');
INSERT INTO casj_calendario_reunion_mes (id_club, id_grupo, isbn, fecha_reunion, id_miembro_moderador, fecha_asignacion, conclusiones, valoracion_final, realizada, ultima_reunion) VALUES (1, 1, '978-84-206-3524-3', TO_DATE('2026-02-27', 'YYYY-MM-DD'), 1, TO_DATE('2025-07-19', 'YYYY-MM-DD'), NULL, NULL, 'S', 'N');
INSERT INTO casj_calendario_reunion_mes (id_club, id_grupo, isbn, fecha_reunion, id_miembro_moderador, fecha_asignacion, conclusiones, valoracion_final, realizada, ultima_reunion) VALUES (1, 1, '978-84-206-3524-3', TO_DATE('2026-03-06', 'YYYY-MM-DD'), 1, TO_DATE('2025-07-19', 'YYYY-MM-DD'), NULL, NULL, 'S', 'N');
INSERT INTO casj_calendario_reunion_mes (id_club, id_grupo, isbn, fecha_reunion, id_miembro_moderador, fecha_asignacion, conclusiones, valoracion_final, realizada, ultima_reunion) VALUES (1, 1, '978-84-206-3524-3', TO_DATE('2026-03-13', 'YYYY-MM-DD'), 1, TO_DATE('2025-07-19', 'YYYY-MM-DD'), 'Discusion completada satisfactoriamente', 5, 'S', 'S');
INSERT INTO casj_calendario_reunion_mes (id_club, id_grupo, isbn, fecha_reunion, id_miembro_moderador, fecha_asignacion, conclusiones, valoracion_final, realizada, ultima_reunion) VALUES (1, 1, '978-84-376-0189-8', TO_DATE('2026-03-20', 'YYYY-MM-DD'), 1, TO_DATE('2025-07-19', 'YYYY-MM-DD'), NULL, NULL, 'S', 'N');
INSERT INTO casj_calendario_reunion_mes (id_club, id_grupo, isbn, fecha_reunion, id_miembro_moderador, fecha_asignacion, conclusiones, valoracion_final, realizada, ultima_reunion) VALUES (1, 1, '978-84-376-0189-8', TO_DATE('2026-03-27', 'YYYY-MM-DD'), 1, TO_DATE('2025-07-19', 'YYYY-MM-DD'), NULL, NULL, 'S', 'N');
INSERT INTO casj_calendario_reunion_mes (id_club, id_grupo, isbn, fecha_reunion, id_miembro_moderador, fecha_asignacion, conclusiones, valoracion_final, realizada, ultima_reunion) VALUES (1, 1, '978-84-376-0189-8', TO_DATE('2026-04-03', 'YYYY-MM-DD'), 1, TO_DATE('2025-07-19', 'YYYY-MM-DD'), NULL, NULL, 'S', 'N');
INSERT INTO casj_calendario_reunion_mes (id_club, id_grupo, isbn, fecha_reunion, id_miembro_moderador, fecha_asignacion, conclusiones, valoracion_final, realizada, ultima_reunion) VALUES (1, 1, '978-84-376-0189-8', TO_DATE('2026-04-10', 'YYYY-MM-DD'), 1, TO_DATE('2025-07-19', 'YYYY-MM-DD'), 'Discusion completada satisfactoriamente', 4, 'S', 'S');
INSERT INTO casj_calendario_reunion_mes (id_club, id_grupo, isbn, fecha_reunion, id_miembro_moderador, fecha_asignacion, conclusiones, valoracion_final, realizada, ultima_reunion) VALUES (1, 1, '978-0-394-71772-1', TO_DATE('2026-04-17', 'YYYY-MM-DD'), 1, TO_DATE('2025-07-19', 'YYYY-MM-DD'), NULL, NULL, 'S', 'N');
INSERT INTO casj_calendario_reunion_mes (id_club, id_grupo, isbn, fecha_reunion, id_miembro_moderador, fecha_asignacion, conclusiones, valoracion_final, realizada, ultima_reunion) VALUES (1, 1, '978-0-394-71772-1', TO_DATE('2026-04-24', 'YYYY-MM-DD'), 1, TO_DATE('2025-07-19', 'YYYY-MM-DD'), NULL, NULL, 'S', 'N');
INSERT INTO casj_calendario_reunion_mes (id_club, id_grupo, isbn, fecha_reunion, id_miembro_moderador, fecha_asignacion, conclusiones, valoracion_final, realizada, ultima_reunion) VALUES (1, 1, '978-0-394-71772-1', TO_DATE('2026-05-01', 'YYYY-MM-DD'), 1, TO_DATE('2025-07-19', 'YYYY-MM-DD'), NULL, NULL, 'S', 'N');
INSERT INTO casj_calendario_reunion_mes (id_club, id_grupo, isbn, fecha_reunion, id_miembro_moderador, fecha_asignacion, conclusiones, valoracion_final, realizada, ultima_reunion) VALUES (1, 1, '978-0-394-71772-1', TO_DATE('2026-05-08', 'YYYY-MM-DD'), 1, TO_DATE('2025-07-19', 'YYYY-MM-DD'), 'Discusion completada satisfactoriamente', 3, 'S', 'S');
INSERT INTO casj_calendario_reunion_mes (id_club, id_grupo, isbn, fecha_reunion, id_miembro_moderador, fecha_asignacion, conclusiones, valoracion_final, realizada, ultima_reunion) VALUES (1, 1, '978-0-393-31283-7', TO_DATE('2026-05-15', 'YYYY-MM-DD'), 1, TO_DATE('2025-07-19', 'YYYY-MM-DD'), NULL, NULL, 'S', 'N');
INSERT INTO casj_calendario_reunion_mes (id_club, id_grupo, isbn, fecha_reunion, id_miembro_moderador, fecha_asignacion, conclusiones, valoracion_final, realizada, ultima_reunion) VALUES (1, 1, '978-0-393-31283-7', TO_DATE('2026-05-22', 'YYYY-MM-DD'), 1, TO_DATE('2025-07-19', 'YYYY-MM-DD'), NULL, NULL, 'S', 'N');
INSERT INTO casj_calendario_reunion_mes (id_club, id_grupo, isbn, fecha_reunion, id_miembro_moderador, fecha_asignacion, conclusiones, valoracion_final, realizada, ultima_reunion) VALUES (1, 1, '978-0-393-31283-7', TO_DATE('2026-05-29', 'YYYY-MM-DD'), 1, TO_DATE('2025-07-19', 'YYYY-MM-DD'), NULL, NULL, 'S', 'N');
INSERT INTO casj_calendario_reunion_mes (id_club, id_grupo, isbn, fecha_reunion, id_miembro_moderador, fecha_asignacion, conclusiones, valoracion_final, realizada, ultima_reunion) VALUES (1, 1, '978-0-393-31283-7', TO_DATE('2026-06-05', 'YYYY-MM-DD'), 1, TO_DATE('2025-07-19', 'YYYY-MM-DD'), 'Discusion completada satisfactoriamente', 4, 'S', 'S');
INSERT INTO casj_calendario_reunion_mes (id_club, id_grupo, isbn, fecha_reunion, id_miembro_moderador, fecha_asignacion, conclusiones, valoracion_final, realizada, ultima_reunion) VALUES (1, 2, '978-84-376-0189-8', TO_DATE('2024-08-10', 'YYYY-MM-DD'), 5, TO_DATE('2023-08-19', 'YYYY-MM-DD'), NULL, NULL, 'S', 'N');
INSERT INTO casj_calendario_reunion_mes (id_club, id_grupo, isbn, fecha_reunion, id_miembro_moderador, fecha_asignacion, conclusiones, valoracion_final, realizada, ultima_reunion) VALUES (1, 2, '978-84-376-0189-8', TO_DATE('2024-09-06', 'YYYY-MM-DD'), 5, TO_DATE('2023-08-19', 'YYYY-MM-DD'), 'Discusion completada satisfactoriamente', 5, 'S', 'S');
INSERT INTO casj_calendario_reunion_mes (id_club, id_grupo, isbn, fecha_reunion, id_miembro_moderador, fecha_asignacion, conclusiones, valoracion_final, realizada, ultima_reunion) VALUES (1, 2, '978-83-7506-289-7', TO_DATE('2024-09-28', 'YYYY-MM-DD'), 5, TO_DATE('2023-08-19', 'YYYY-MM-DD'), NULL, NULL, 'S', 'N');
INSERT INTO casj_calendario_reunion_mes (id_club, id_grupo, isbn, fecha_reunion, id_miembro_moderador, fecha_asignacion, conclusiones, valoracion_final, realizada, ultima_reunion) VALUES (1, 2, '978-83-7506-289-7', TO_DATE('2024-10-25', 'YYYY-MM-DD'), 5, TO_DATE('2023-08-19', 'YYYY-MM-DD'), 'Discusion completada satisfactoriamente', 4, 'S', 'S');
INSERT INTO casj_calendario_reunion_mes (id_club, id_grupo, isbn, fecha_reunion, id_miembro_moderador, fecha_asignacion, conclusiones, valoracion_final, realizada, ultima_reunion) VALUES (1, 2, '978-0-345-33568-8', TO_DATE('2024-11-23', 'YYYY-MM-DD'), 5, TO_DATE('2023-08-19', 'YYYY-MM-DD'), NULL, NULL, 'S', 'N');
INSERT INTO casj_calendario_reunion_mes (id_club, id_grupo, isbn, fecha_reunion, id_miembro_moderador, fecha_asignacion, conclusiones, valoracion_final, realizada, ultima_reunion) VALUES (1, 2, '978-0-345-33568-8', TO_DATE('2024-12-13', 'YYYY-MM-DD'), 5, TO_DATE('2023-08-19', 'YYYY-MM-DD'), 'Discusion completada satisfactoriamente', 3, 'S', 'S');
INSERT INTO casj_calendario_reunion_mes (id_club, id_grupo, isbn, fecha_reunion, id_miembro_moderador, fecha_asignacion, conclusiones, valoracion_final, realizada, ultima_reunion) VALUES (1, 2, '978-84-376-0310-6', TO_DATE('2025-01-02', 'YYYY-MM-DD'), 5, TO_DATE('2023-08-19', 'YYYY-MM-DD'), NULL, NULL, 'S', 'N');
INSERT INTO casj_calendario_reunion_mes (id_club, id_grupo, isbn, fecha_reunion, id_miembro_moderador, fecha_asignacion, conclusiones, valoracion_final, realizada, ultima_reunion) VALUES (1, 2, '978-84-376-0310-6', TO_DATE('2025-01-26', 'YYYY-MM-DD'), 5, TO_DATE('2023-08-19', 'YYYY-MM-DD'), 'Discusion completada satisfactoriamente', 3, 'S', 'S');
INSERT INTO casj_calendario_reunion_mes (id_club, id_grupo, isbn, fecha_reunion, id_miembro_moderador, fecha_asignacion, conclusiones, valoracion_final, realizada, ultima_reunion) VALUES (1, 2, '978-0-345-33569-5', TO_DATE('2025-02-17', 'YYYY-MM-DD'), 5, TO_DATE('2023-08-19', 'YYYY-MM-DD'), NULL, NULL, 'S', 'N');
INSERT INTO casj_calendario_reunion_mes (id_club, id_grupo, isbn, fecha_reunion, id_miembro_moderador, fecha_asignacion, conclusiones, valoracion_final, realizada, ultima_reunion) VALUES (1, 2, '978-0-345-33569-5', TO_DATE('2025-03-17', 'YYYY-MM-DD'), 5, TO_DATE('2023-08-19', 'YYYY-MM-DD'), 'Discusion completada satisfactoriamente', 5, 'S', 'S');
INSERT INTO casj_calendario_reunion_mes (id_club, id_grupo, isbn, fecha_reunion, id_miembro_moderador, fecha_asignacion, conclusiones, valoracion_final, realizada, ultima_reunion) VALUES (1, 2, '978-0-19-283477-8', TO_DATE('2025-04-15', 'YYYY-MM-DD'), 5, TO_DATE('2023-08-19', 'YYYY-MM-DD'), NULL, NULL, 'S', 'N');
INSERT INTO casj_calendario_reunion_mes (id_club, id_grupo, isbn, fecha_reunion, id_miembro_moderador, fecha_asignacion, conclusiones, valoracion_final, realizada, ultima_reunion) VALUES (1, 2, '978-0-19-283477-8', TO_DATE('2025-05-13', 'YYYY-MM-DD'), 5, TO_DATE('2023-08-19', 'YYYY-MM-DD'), 'Discusion completada satisfactoriamente', 4, 'S', 'S');
INSERT INTO casj_calendario_reunion_mes (id_club, id_grupo, isbn, fecha_reunion, id_miembro_moderador, fecha_asignacion, conclusiones, valoracion_final, realizada, ultima_reunion) VALUES (1, 2, '978-84-206-3524-3', TO_DATE('2025-06-03', 'YYYY-MM-DD'), 5, TO_DATE('2023-08-19', 'YYYY-MM-DD'), NULL, NULL, 'S', 'N');
INSERT INTO casj_calendario_reunion_mes (id_club, id_grupo, isbn, fecha_reunion, id_miembro_moderador, fecha_asignacion, conclusiones, valoracion_final, realizada, ultima_reunion) VALUES (1, 2, '978-84-206-3524-3', TO_DATE('2025-06-27', 'YYYY-MM-DD'), 5, TO_DATE('2023-08-19', 'YYYY-MM-DD'), 'Discusion completada satisfactoriamente', 3, 'S', 'S');
INSERT INTO casj_calendario_reunion_mes (id_club, id_grupo, isbn, fecha_reunion, id_miembro_moderador, fecha_asignacion, conclusiones, valoracion_final, realizada, ultima_reunion) VALUES (1, 2, '978-0-345-33570-1', TO_DATE('2025-07-21', 'YYYY-MM-DD'), 5, TO_DATE('2023-08-19', 'YYYY-MM-DD'), NULL, NULL, 'S', 'N');
INSERT INTO casj_calendario_reunion_mes (id_club, id_grupo, isbn, fecha_reunion, id_miembro_moderador, fecha_asignacion, conclusiones, valoracion_final, realizada, ultima_reunion) VALUES (1, 2, '978-0-345-33570-1', TO_DATE('2025-08-11', 'YYYY-MM-DD'), 5, TO_DATE('2023-08-19', 'YYYY-MM-DD'), 'Discusion completada satisfactoriamente', 3, 'S', 'S');
INSERT INTO casj_calendario_reunion_mes (id_club, id_grupo, isbn, fecha_reunion, id_miembro_moderador, fecha_asignacion, conclusiones, valoracion_final, realizada, ultima_reunion) VALUES (1, 2, '978-3-630-87214-1', TO_DATE('2025-09-03', 'YYYY-MM-DD'), 5, TO_DATE('2023-08-19', 'YYYY-MM-DD'), NULL, NULL, 'S', 'N');
INSERT INTO casj_calendario_reunion_mes (id_club, id_grupo, isbn, fecha_reunion, id_miembro_moderador, fecha_asignacion, conclusiones, valoracion_final, realizada, ultima_reunion) VALUES (1, 2, '978-3-630-87214-1', TO_DATE('2025-09-29', 'YYYY-MM-DD'), 5, TO_DATE('2023-08-19', 'YYYY-MM-DD'), 'Discusion completada satisfactoriamente', 5, 'S', 'S');
INSERT INTO casj_calendario_reunion_mes (id_club, id_grupo, isbn, fecha_reunion, id_miembro_moderador, fecha_asignacion, conclusiones, valoracion_final, realizada, ultima_reunion) VALUES (1, 2, '978-968-16-0474-3', TO_DATE('2025-10-28', 'YYYY-MM-DD'), 5, TO_DATE('2023-08-19', 'YYYY-MM-DD'), NULL, NULL, 'S', 'N');
INSERT INTO casj_calendario_reunion_mes (id_club, id_grupo, isbn, fecha_reunion, id_miembro_moderador, fecha_asignacion, conclusiones, valoracion_final, realizada, ultima_reunion) VALUES (1, 2, '978-968-16-0474-3', TO_DATE('2025-11-24', 'YYYY-MM-DD'), 5, TO_DATE('2023-08-19', 'YYYY-MM-DD'), 'Discusion completada satisfactoriamente', 3, 'S', 'S');
INSERT INTO casj_calendario_reunion_mes (id_club, id_grupo, isbn, fecha_reunion, id_miembro_moderador, fecha_asignacion, conclusiones, valoracion_final, realizada, ultima_reunion) VALUES (1, 3, '978-0-345-33568-8', TO_DATE('2024-05-23', 'YYYY-MM-DD'), 9, TO_DATE('2024-05-22', 'YYYY-MM-DD'), NULL, NULL, 'S', 'N');
INSERT INTO casj_calendario_reunion_mes (id_club, id_grupo, isbn, fecha_reunion, id_miembro_moderador, fecha_asignacion, conclusiones, valoracion_final, realizada, ultima_reunion) VALUES (1, 3, '978-0-345-33568-8', TO_DATE('2024-06-20', 'YYYY-MM-DD'), 9, TO_DATE('2024-05-22', 'YYYY-MM-DD'), 'Discusion completada satisfactoriamente', 4, 'S', 'S');
INSERT INTO casj_calendario_reunion_mes (id_club, id_grupo, isbn, fecha_reunion, id_miembro_moderador, fecha_asignacion, conclusiones, valoracion_final, realizada, ultima_reunion) VALUES (1, 3, '978-0-19-283477-8', TO_DATE('2024-07-11', 'YYYY-MM-DD'), 9, TO_DATE('2024-05-22', 'YYYY-MM-DD'), NULL, NULL, 'S', 'N');
INSERT INTO casj_calendario_reunion_mes (id_club, id_grupo, isbn, fecha_reunion, id_miembro_moderador, fecha_asignacion, conclusiones, valoracion_final, realizada, ultima_reunion) VALUES (1, 3, '978-0-19-283477-8', TO_DATE('2024-08-08', 'YYYY-MM-DD'), 9, TO_DATE('2024-05-22', 'YYYY-MM-DD'), 'Discusion completada satisfactoriamente', 5, 'S', 'S');
INSERT INTO casj_calendario_reunion_mes (id_club, id_grupo, isbn, fecha_reunion, id_miembro_moderador, fecha_asignacion, conclusiones, valoracion_final, realizada, ultima_reunion) VALUES (1, 3, '978-3-630-87214-1', TO_DATE('2024-09-05', 'YYYY-MM-DD'), 9, TO_DATE('2024-05-22', 'YYYY-MM-DD'), NULL, NULL, 'S', 'N');
INSERT INTO casj_calendario_reunion_mes (id_club, id_grupo, isbn, fecha_reunion, id_miembro_moderador, fecha_asignacion, conclusiones, valoracion_final, realizada, ultima_reunion) VALUES (1, 3, '978-3-630-87214-1', TO_DATE('2024-10-03', 'YYYY-MM-DD'), 9, TO_DATE('2024-05-22', 'YYYY-MM-DD'), 'Discusion completada satisfactoriamente', 5, 'S', 'S');
INSERT INTO casj_calendario_reunion_mes (id_club, id_grupo, isbn, fecha_reunion, id_miembro_moderador, fecha_asignacion, conclusiones, valoracion_final, realizada, ultima_reunion) VALUES (1, 3, '978-0-393-31283-7', TO_DATE('2024-10-23', 'YYYY-MM-DD'), 9, TO_DATE('2024-05-22', 'YYYY-MM-DD'), NULL, NULL, 'S', 'N');
INSERT INTO casj_calendario_reunion_mes (id_club, id_grupo, isbn, fecha_reunion, id_miembro_moderador, fecha_asignacion, conclusiones, valoracion_final, realizada, ultima_reunion) VALUES (1, 3, '978-0-393-31283-7', TO_DATE('2024-11-18', 'YYYY-MM-DD'), 9, TO_DATE('2024-05-22', 'YYYY-MM-DD'), 'Discusion completada satisfactoriamente', 4, 'S', 'S');
INSERT INTO casj_calendario_reunion_mes (id_club, id_grupo, isbn, fecha_reunion, id_miembro_moderador, fecha_asignacion, conclusiones, valoracion_final, realizada, ultima_reunion) VALUES (1, 3, '978-83-7506-289-7', TO_DATE('2024-12-08', 'YYYY-MM-DD'), 9, TO_DATE('2024-05-22', 'YYYY-MM-DD'), NULL, NULL, 'S', 'N');
INSERT INTO casj_calendario_reunion_mes (id_club, id_grupo, isbn, fecha_reunion, id_miembro_moderador, fecha_asignacion, conclusiones, valoracion_final, realizada, ultima_reunion) VALUES (1, 3, '978-83-7506-289-7', TO_DATE('2025-01-07', 'YYYY-MM-DD'), 9, TO_DATE('2024-05-22', 'YYYY-MM-DD'), 'Discusion completada satisfactoriamente', 4, 'S', 'S');
INSERT INTO casj_calendario_reunion_mes (id_club, id_grupo, isbn, fecha_reunion, id_miembro_moderador, fecha_asignacion, conclusiones, valoracion_final, realizada, ultima_reunion) VALUES (1, 3, '978-0-345-33570-1', TO_DATE('2025-02-01', 'YYYY-MM-DD'), 9, TO_DATE('2024-05-22', 'YYYY-MM-DD'), NULL, NULL, 'S', 'N');
INSERT INTO casj_calendario_reunion_mes (id_club, id_grupo, isbn, fecha_reunion, id_miembro_moderador, fecha_asignacion, conclusiones, valoracion_final, realizada, ultima_reunion) VALUES (1, 3, '978-0-345-33570-1', TO_DATE('2025-02-25', 'YYYY-MM-DD'), 9, TO_DATE('2024-05-22', 'YYYY-MM-DD'), 'Discusion completada satisfactoriamente', 5, 'S', 'S');
INSERT INTO casj_calendario_reunion_mes (id_club, id_grupo, isbn, fecha_reunion, id_miembro_moderador, fecha_asignacion, conclusiones, valoracion_final, realizada, ultima_reunion) VALUES (1, 3, '978-0-394-71772-1', TO_DATE('2025-03-17', 'YYYY-MM-DD'), 9, TO_DATE('2024-05-22', 'YYYY-MM-DD'), NULL, NULL, 'S', 'N');
INSERT INTO casj_calendario_reunion_mes (id_club, id_grupo, isbn, fecha_reunion, id_miembro_moderador, fecha_asignacion, conclusiones, valoracion_final, realizada, ultima_reunion) VALUES (1, 3, '978-0-394-71772-1', TO_DATE('2025-04-11', 'YYYY-MM-DD'), 9, TO_DATE('2024-05-22', 'YYYY-MM-DD'), 'Discusion completada satisfactoriamente', 3, 'S', 'S');
INSERT INTO casj_calendario_reunion_mes (id_club, id_grupo, isbn, fecha_reunion, id_miembro_moderador, fecha_asignacion, conclusiones, valoracion_final, realizada, ultima_reunion) VALUES (1, 3, '978-0-446-52080-1', TO_DATE('2025-05-06', 'YYYY-MM-DD'), 9, TO_DATE('2024-05-22', 'YYYY-MM-DD'), NULL, NULL, 'S', 'N');
INSERT INTO casj_calendario_reunion_mes (id_club, id_grupo, isbn, fecha_reunion, id_miembro_moderador, fecha_asignacion, conclusiones, valoracion_final, realizada, ultima_reunion) VALUES (1, 3, '978-0-446-52080-1', TO_DATE('2025-05-29', 'YYYY-MM-DD'), 9, TO_DATE('2024-05-22', 'YYYY-MM-DD'), 'Discusion completada satisfactoriamente', 5, 'S', 'S');
INSERT INTO casj_calendario_reunion_mes (id_club, id_grupo, isbn, fecha_reunion, id_miembro_moderador, fecha_asignacion, conclusiones, valoracion_final, realizada, ultima_reunion) VALUES (1, 3, '978-0-14-241037-2', TO_DATE('2025-06-28', 'YYYY-MM-DD'), 9, TO_DATE('2024-05-22', 'YYYY-MM-DD'), NULL, NULL, 'S', 'N');
INSERT INTO casj_calendario_reunion_mes (id_club, id_grupo, isbn, fecha_reunion, id_miembro_moderador, fecha_asignacion, conclusiones, valoracion_final, realizada, ultima_reunion) VALUES (1, 3, '978-0-14-241037-2', TO_DATE('2025-07-28', 'YYYY-MM-DD'), 9, TO_DATE('2024-05-22', 'YYYY-MM-DD'), 'Discusion completada satisfactoriamente', 3, 'S', 'S');
INSERT INTO casj_calendario_reunion_mes (id_club, id_grupo, isbn, fecha_reunion, id_miembro_moderador, fecha_asignacion, conclusiones, valoracion_final, realizada, ultima_reunion) VALUES (1, 3, '978-84-206-3524-3', TO_DATE('2025-08-26', 'YYYY-MM-DD'), 9, TO_DATE('2024-05-22', 'YYYY-MM-DD'), NULL, NULL, 'S', 'N');
INSERT INTO casj_calendario_reunion_mes (id_club, id_grupo, isbn, fecha_reunion, id_miembro_moderador, fecha_asignacion, conclusiones, valoracion_final, realizada, ultima_reunion) VALUES (1, 3, '978-84-206-3524-3', TO_DATE('2025-09-20', 'YYYY-MM-DD'), 9, TO_DATE('2024-05-22', 'YYYY-MM-DD'), 'Discusion completada satisfactoriamente', 3, 'S', 'S');
INSERT INTO casj_calendario_reunion_mes (id_club, id_grupo, isbn, fecha_reunion, id_miembro_moderador, fecha_asignacion, conclusiones, valoracion_final, realizada, ultima_reunion) VALUES (1, 3, '978-84-206-3532-8', TO_DATE('2025-10-10', 'YYYY-MM-DD'), 9, TO_DATE('2024-05-22', 'YYYY-MM-DD'), NULL, NULL, 'S', 'N');
INSERT INTO casj_calendario_reunion_mes (id_club, id_grupo, isbn, fecha_reunion, id_miembro_moderador, fecha_asignacion, conclusiones, valoracion_final, realizada, ultima_reunion) VALUES (1, 3, '978-84-206-3532-8', TO_DATE('2025-11-04', 'YYYY-MM-DD'), 9, TO_DATE('2024-05-22', 'YYYY-MM-DD'), 'Discusion completada satisfactoriamente', 5, 'S', 'S');
INSERT INTO casj_calendario_reunion_mes (id_club, id_grupo, isbn, fecha_reunion, id_miembro_moderador, fecha_asignacion, conclusiones, valoracion_final, realizada, ultima_reunion) VALUES (1, 3, '978-0-345-33569-5', TO_DATE('2025-11-29', 'YYYY-MM-DD'), 9, TO_DATE('2024-05-22', 'YYYY-MM-DD'), NULL, NULL, 'S', 'N');
INSERT INTO casj_calendario_reunion_mes (id_club, id_grupo, isbn, fecha_reunion, id_miembro_moderador, fecha_asignacion, conclusiones, valoracion_final, realizada, ultima_reunion) VALUES (1, 3, '978-0-345-33569-5', TO_DATE('2025-12-29', 'YYYY-MM-DD'), 9, TO_DATE('2024-05-22', 'YYYY-MM-DD'), 'Discusion completada satisfactoriamente', 3, 'S', 'S');
INSERT INTO casj_calendario_reunion_mes (id_club, id_grupo, isbn, fecha_reunion, id_miembro_moderador, fecha_asignacion, conclusiones, valoracion_final, realizada, ultima_reunion) VALUES (1, 3, '978-84-376-0189-8', TO_DATE('2026-01-28', 'YYYY-MM-DD'), 9, TO_DATE('2024-05-22', 'YYYY-MM-DD'), NULL, NULL, 'S', 'N');
INSERT INTO casj_calendario_reunion_mes (id_club, id_grupo, isbn, fecha_reunion, id_miembro_moderador, fecha_asignacion, conclusiones, valoracion_final, realizada, ultima_reunion) VALUES (1, 3, '978-84-376-0189-8', TO_DATE('2026-02-04', 'YYYY-MM-DD'), 9, TO_DATE('2024-05-22', 'YYYY-MM-DD'), NULL, NULL, 'S', 'N');
INSERT INTO casj_calendario_reunion_mes (id_club, id_grupo, isbn, fecha_reunion, id_miembro_moderador, fecha_asignacion, conclusiones, valoracion_final, realizada, ultima_reunion) VALUES (1, 3, '978-84-376-0189-8', TO_DATE('2026-02-11', 'YYYY-MM-DD'), 9, TO_DATE('2024-05-22', 'YYYY-MM-DD'), NULL, NULL, 'S', 'N');
INSERT INTO casj_calendario_reunion_mes (id_club, id_grupo, isbn, fecha_reunion, id_miembro_moderador, fecha_asignacion, conclusiones, valoracion_final, realizada, ultima_reunion) VALUES (1, 3, '978-84-376-0189-8', TO_DATE('2026-02-18', 'YYYY-MM-DD'), 9, TO_DATE('2024-05-22', 'YYYY-MM-DD'), 'Discusion completada satisfactoriamente', 4, 'S', 'S');
INSERT INTO casj_calendario_reunion_mes (id_club, id_grupo, isbn, fecha_reunion, id_miembro_moderador, fecha_asignacion, conclusiones, valoracion_final, realizada, ultima_reunion) VALUES (2, 1, '978-84-376-0310-6', TO_DATE('2025-06-06', 'YYYY-MM-DD'), 13, TO_DATE('2025-05-15', 'YYYY-MM-DD'), NULL, NULL, 'S', 'N');
INSERT INTO casj_calendario_reunion_mes (id_club, id_grupo, isbn, fecha_reunion, id_miembro_moderador, fecha_asignacion, conclusiones, valoracion_final, realizada, ultima_reunion) VALUES (2, 1, '978-84-376-0310-6', TO_DATE('2025-07-04', 'YYYY-MM-DD'), 13, TO_DATE('2025-05-15', 'YYYY-MM-DD'), 'Discusion completada satisfactoriamente', 4, 'S', 'S');
INSERT INTO casj_calendario_reunion_mes (id_club, id_grupo, isbn, fecha_reunion, id_miembro_moderador, fecha_asignacion, conclusiones, valoracion_final, realizada, ultima_reunion) VALUES (2, 1, '978-84-206-3524-3', TO_DATE('2025-07-28', 'YYYY-MM-DD'), 13, TO_DATE('2025-05-15', 'YYYY-MM-DD'), NULL, NULL, 'S', 'N');
INSERT INTO casj_calendario_reunion_mes (id_club, id_grupo, isbn, fecha_reunion, id_miembro_moderador, fecha_asignacion, conclusiones, valoracion_final, realizada, ultima_reunion) VALUES (2, 1, '978-84-206-3524-3', TO_DATE('2025-08-17', 'YYYY-MM-DD'), 13, TO_DATE('2025-05-15', 'YYYY-MM-DD'), 'Discusion completada satisfactoriamente', 5, 'S', 'S');
INSERT INTO casj_calendario_reunion_mes (id_club, id_grupo, isbn, fecha_reunion, id_miembro_moderador, fecha_asignacion, conclusiones, valoracion_final, realizada, ultima_reunion) VALUES (2, 1, '978-0-345-33570-1', TO_DATE('2025-09-09', 'YYYY-MM-DD'), 13, TO_DATE('2025-05-15', 'YYYY-MM-DD'), NULL, NULL, 'S', 'N');
INSERT INTO casj_calendario_reunion_mes (id_club, id_grupo, isbn, fecha_reunion, id_miembro_moderador, fecha_asignacion, conclusiones, valoracion_final, realizada, ultima_reunion) VALUES (2, 1, '978-0-345-33570-1', TO_DATE('2025-10-03', 'YYYY-MM-DD'), 13, TO_DATE('2025-05-15', 'YYYY-MM-DD'), 'Discusion completada satisfactoriamente', 4, 'S', 'S');
INSERT INTO casj_calendario_reunion_mes (id_club, id_grupo, isbn, fecha_reunion, id_miembro_moderador, fecha_asignacion, conclusiones, valoracion_final, realizada, ultima_reunion) VALUES (2, 1, '978-0-345-33569-5', TO_DATE('2025-10-23', 'YYYY-MM-DD'), 13, TO_DATE('2025-05-15', 'YYYY-MM-DD'), NULL, NULL, 'S', 'N');
INSERT INTO casj_calendario_reunion_mes (id_club, id_grupo, isbn, fecha_reunion, id_miembro_moderador, fecha_asignacion, conclusiones, valoracion_final, realizada, ultima_reunion) VALUES (2, 1, '978-0-345-33569-5', TO_DATE('2025-11-22', 'YYYY-MM-DD'), 13, TO_DATE('2025-05-15', 'YYYY-MM-DD'), 'Discusion completada satisfactoriamente', 4, 'S', 'S');
INSERT INTO casj_calendario_reunion_mes (id_club, id_grupo, isbn, fecha_reunion, id_miembro_moderador, fecha_asignacion, conclusiones, valoracion_final, realizada, ultima_reunion) VALUES (2, 1, '978-84-376-0189-8', TO_DATE('2025-12-16', 'YYYY-MM-DD'), 13, TO_DATE('2025-05-15', 'YYYY-MM-DD'), NULL, NULL, 'S', 'N');
INSERT INTO casj_calendario_reunion_mes (id_club, id_grupo, isbn, fecha_reunion, id_miembro_moderador, fecha_asignacion, conclusiones, valoracion_final, realizada, ultima_reunion) VALUES (2, 1, '978-84-376-0189-8', TO_DATE('2026-01-06', 'YYYY-MM-DD'), 13, TO_DATE('2025-05-15', 'YYYY-MM-DD'), 'Discusion completada satisfactoriamente', 4, 'S', 'S');
INSERT INTO casj_calendario_reunion_mes (id_club, id_grupo, isbn, fecha_reunion, id_miembro_moderador, fecha_asignacion, conclusiones, valoracion_final, realizada, ultima_reunion) VALUES (2, 1, '978-2-07-040850-4', TO_DATE('2026-01-13', 'YYYY-MM-DD'), 13, TO_DATE('2025-05-15', 'YYYY-MM-DD'), NULL, NULL, 'S', 'N');
INSERT INTO casj_calendario_reunion_mes (id_club, id_grupo, isbn, fecha_reunion, id_miembro_moderador, fecha_asignacion, conclusiones, valoracion_final, realizada, ultima_reunion) VALUES (2, 1, '978-2-07-040850-4', TO_DATE('2026-01-20', 'YYYY-MM-DD'), 13, TO_DATE('2025-05-15', 'YYYY-MM-DD'), NULL, NULL, 'S', 'N');
INSERT INTO casj_calendario_reunion_mes (id_club, id_grupo, isbn, fecha_reunion, id_miembro_moderador, fecha_asignacion, conclusiones, valoracion_final, realizada, ultima_reunion) VALUES (2, 1, '978-2-07-040850-4', TO_DATE('2026-01-27', 'YYYY-MM-DD'), 13, TO_DATE('2025-05-15', 'YYYY-MM-DD'), NULL, NULL, 'S', 'N');
INSERT INTO casj_calendario_reunion_mes (id_club, id_grupo, isbn, fecha_reunion, id_miembro_moderador, fecha_asignacion, conclusiones, valoracion_final, realizada, ultima_reunion) VALUES (2, 1, '978-2-07-040850-4', TO_DATE('2026-02-03', 'YYYY-MM-DD'), 13, TO_DATE('2025-05-15', 'YYYY-MM-DD'), 'Discusion completada satisfactoriamente', 4, 'S', 'S');
INSERT INTO casj_calendario_reunion_mes (id_club, id_grupo, isbn, fecha_reunion, id_miembro_moderador, fecha_asignacion, conclusiones, valoracion_final, realizada, ultima_reunion) VALUES (2, 1, '978-0-345-33568-8', TO_DATE('2026-02-10', 'YYYY-MM-DD'), 13, TO_DATE('2025-05-15', 'YYYY-MM-DD'), NULL, NULL, 'S', 'N');
INSERT INTO casj_calendario_reunion_mes (id_club, id_grupo, isbn, fecha_reunion, id_miembro_moderador, fecha_asignacion, conclusiones, valoracion_final, realizada, ultima_reunion) VALUES (2, 1, '978-0-345-33568-8', TO_DATE('2026-02-17', 'YYYY-MM-DD'), 13, TO_DATE('2025-05-15', 'YYYY-MM-DD'), NULL, NULL, 'S', 'N');
INSERT INTO casj_calendario_reunion_mes (id_club, id_grupo, isbn, fecha_reunion, id_miembro_moderador, fecha_asignacion, conclusiones, valoracion_final, realizada, ultima_reunion) VALUES (2, 1, '978-0-345-33568-8', TO_DATE('2026-02-24', 'YYYY-MM-DD'), 13, TO_DATE('2025-05-15', 'YYYY-MM-DD'), NULL, NULL, 'S', 'N');
INSERT INTO casj_calendario_reunion_mes (id_club, id_grupo, isbn, fecha_reunion, id_miembro_moderador, fecha_asignacion, conclusiones, valoracion_final, realizada, ultima_reunion) VALUES (2, 1, '978-0-345-33568-8', TO_DATE('2026-03-03', 'YYYY-MM-DD'), 13, TO_DATE('2025-05-15', 'YYYY-MM-DD'), 'Discusion completada satisfactoriamente', 4, 'S', 'S');
INSERT INTO casj_calendario_reunion_mes (id_club, id_grupo, isbn, fecha_reunion, id_miembro_moderador, fecha_asignacion, conclusiones, valoracion_final, realizada, ultima_reunion) VALUES (2, 1, '978-0-394-71772-1', TO_DATE('2026-03-10', 'YYYY-MM-DD'), 13, TO_DATE('2025-05-15', 'YYYY-MM-DD'), NULL, NULL, 'S', 'N');
INSERT INTO casj_calendario_reunion_mes (id_club, id_grupo, isbn, fecha_reunion, id_miembro_moderador, fecha_asignacion, conclusiones, valoracion_final, realizada, ultima_reunion) VALUES (2, 1, '978-0-394-71772-1', TO_DATE('2026-03-17', 'YYYY-MM-DD'), 13, TO_DATE('2025-05-15', 'YYYY-MM-DD'), NULL, NULL, 'S', 'N');
INSERT INTO casj_calendario_reunion_mes (id_club, id_grupo, isbn, fecha_reunion, id_miembro_moderador, fecha_asignacion, conclusiones, valoracion_final, realizada, ultima_reunion) VALUES (2, 1, '978-0-394-71772-1', TO_DATE('2026-03-24', 'YYYY-MM-DD'), 13, TO_DATE('2025-05-15', 'YYYY-MM-DD'), NULL, NULL, 'S', 'N');
INSERT INTO casj_calendario_reunion_mes (id_club, id_grupo, isbn, fecha_reunion, id_miembro_moderador, fecha_asignacion, conclusiones, valoracion_final, realizada, ultima_reunion) VALUES (2, 1, '978-0-394-71772-1', TO_DATE('2026-03-31', 'YYYY-MM-DD'), 13, TO_DATE('2025-05-15', 'YYYY-MM-DD'), 'Discusion completada satisfactoriamente', 5, 'S', 'S');
INSERT INTO casj_calendario_reunion_mes (id_club, id_grupo, isbn, fecha_reunion, id_miembro_moderador, fecha_asignacion, conclusiones, valoracion_final, realizada, ultima_reunion) VALUES (2, 1, '978-83-7506-289-7', TO_DATE('2026-04-07', 'YYYY-MM-DD'), 13, TO_DATE('2025-05-15', 'YYYY-MM-DD'), NULL, NULL, 'S', 'N');
INSERT INTO casj_calendario_reunion_mes (id_club, id_grupo, isbn, fecha_reunion, id_miembro_moderador, fecha_asignacion, conclusiones, valoracion_final, realizada, ultima_reunion) VALUES (2, 1, '978-83-7506-289-7', TO_DATE('2026-04-14', 'YYYY-MM-DD'), 13, TO_DATE('2025-05-15', 'YYYY-MM-DD'), NULL, NULL, 'S', 'N');
INSERT INTO casj_calendario_reunion_mes (id_club, id_grupo, isbn, fecha_reunion, id_miembro_moderador, fecha_asignacion, conclusiones, valoracion_final, realizada, ultima_reunion) VALUES (2, 1, '978-83-7506-289-7', TO_DATE('2026-04-21', 'YYYY-MM-DD'), 13, TO_DATE('2025-05-15', 'YYYY-MM-DD'), NULL, NULL, 'S', 'N');
INSERT INTO casj_calendario_reunion_mes (id_club, id_grupo, isbn, fecha_reunion, id_miembro_moderador, fecha_asignacion, conclusiones, valoracion_final, realizada, ultima_reunion) VALUES (2, 1, '978-83-7506-289-7', TO_DATE('2026-04-28', 'YYYY-MM-DD'), 13, TO_DATE('2025-05-15', 'YYYY-MM-DD'), 'Discusion completada satisfactoriamente', 4, 'S', 'S');
INSERT INTO casj_calendario_reunion_mes (id_club, id_grupo, isbn, fecha_reunion, id_miembro_moderador, fecha_asignacion, conclusiones, valoracion_final, realizada, ultima_reunion) VALUES (2, 1, '978-0-393-31283-7', TO_DATE('2026-05-05', 'YYYY-MM-DD'), 13, TO_DATE('2025-05-15', 'YYYY-MM-DD'), NULL, NULL, 'S', 'N');
INSERT INTO casj_calendario_reunion_mes (id_club, id_grupo, isbn, fecha_reunion, id_miembro_moderador, fecha_asignacion, conclusiones, valoracion_final, realizada, ultima_reunion) VALUES (2, 1, '978-0-393-31283-7', TO_DATE('2026-05-12', 'YYYY-MM-DD'), 13, TO_DATE('2025-05-15', 'YYYY-MM-DD'), NULL, NULL, 'S', 'N');
INSERT INTO casj_calendario_reunion_mes (id_club, id_grupo, isbn, fecha_reunion, id_miembro_moderador, fecha_asignacion, conclusiones, valoracion_final, realizada, ultima_reunion) VALUES (2, 1, '978-0-393-31283-7', TO_DATE('2026-05-19', 'YYYY-MM-DD'), 13, TO_DATE('2025-05-15', 'YYYY-MM-DD'), NULL, NULL, 'S', 'N');
INSERT INTO casj_calendario_reunion_mes (id_club, id_grupo, isbn, fecha_reunion, id_miembro_moderador, fecha_asignacion, conclusiones, valoracion_final, realizada, ultima_reunion) VALUES (2, 1, '978-0-393-31283-7', TO_DATE('2026-05-26', 'YYYY-MM-DD'), 13, TO_DATE('2025-05-15', 'YYYY-MM-DD'), 'Discusion completada satisfactoriamente', 4, 'S', 'S');
INSERT INTO casj_calendario_reunion_mes (id_club, id_grupo, isbn, fecha_reunion, id_miembro_moderador, fecha_asignacion, conclusiones, valoracion_final, realizada, ultima_reunion) VALUES (2, 1, '978-84-206-3532-8', TO_DATE('2026-06-02', 'YYYY-MM-DD'), 13, TO_DATE('2025-05-15', 'YYYY-MM-DD'), NULL, NULL, 'S', 'N');
INSERT INTO casj_calendario_reunion_mes (id_club, id_grupo, isbn, fecha_reunion, id_miembro_moderador, fecha_asignacion, conclusiones, valoracion_final, realizada, ultima_reunion) VALUES (2, 1, '978-84-206-3532-8', TO_DATE('2026-06-09', 'YYYY-MM-DD'), 13, TO_DATE('2025-05-15', 'YYYY-MM-DD'), NULL, NULL, 'S', 'N');
INSERT INTO casj_calendario_reunion_mes (id_club, id_grupo, isbn, fecha_reunion, id_miembro_moderador, fecha_asignacion, conclusiones, valoracion_final, realizada, ultima_reunion) VALUES (2, 2, '978-84-376-0310-6', TO_DATE('2025-06-16', 'YYYY-MM-DD'), 17, TO_DATE('2025-05-23', 'YYYY-MM-DD'), NULL, NULL, 'S', 'N');
INSERT INTO casj_calendario_reunion_mes (id_club, id_grupo, isbn, fecha_reunion, id_miembro_moderador, fecha_asignacion, conclusiones, valoracion_final, realizada, ultima_reunion) VALUES (2, 2, '978-84-376-0310-6', TO_DATE('2025-07-14', 'YYYY-MM-DD'), 17, TO_DATE('2025-05-23', 'YYYY-MM-DD'), 'Discusion completada satisfactoriamente', 4, 'S', 'S');
INSERT INTO casj_calendario_reunion_mes (id_club, id_grupo, isbn, fecha_reunion, id_miembro_moderador, fecha_asignacion, conclusiones, valoracion_final, realizada, ultima_reunion) VALUES (2, 2, '978-2-07-040850-4', TO_DATE('2025-08-08', 'YYYY-MM-DD'), 17, TO_DATE('2025-05-23', 'YYYY-MM-DD'), NULL, NULL, 'S', 'N');
INSERT INTO casj_calendario_reunion_mes (id_club, id_grupo, isbn, fecha_reunion, id_miembro_moderador, fecha_asignacion, conclusiones, valoracion_final, realizada, ultima_reunion) VALUES (2, 2, '978-2-07-040850-4', TO_DATE('2025-08-29', 'YYYY-MM-DD'), 17, TO_DATE('2025-05-23', 'YYYY-MM-DD'), 'Discusion completada satisfactoriamente', 3, 'S', 'S');
INSERT INTO casj_calendario_reunion_mes (id_club, id_grupo, isbn, fecha_reunion, id_miembro_moderador, fecha_asignacion, conclusiones, valoracion_final, realizada, ultima_reunion) VALUES (2, 2, '978-84-376-0189-8', TO_DATE('2025-09-23', 'YYYY-MM-DD'), 17, TO_DATE('2025-05-23', 'YYYY-MM-DD'), NULL, NULL, 'S', 'N');
INSERT INTO casj_calendario_reunion_mes (id_club, id_grupo, isbn, fecha_reunion, id_miembro_moderador, fecha_asignacion, conclusiones, valoracion_final, realizada, ultima_reunion) VALUES (2, 2, '978-84-376-0189-8', TO_DATE('2025-10-23', 'YYYY-MM-DD'), 17, TO_DATE('2025-05-23', 'YYYY-MM-DD'), 'Discusion completada satisfactoriamente', 4, 'S', 'S');
INSERT INTO casj_calendario_reunion_mes (id_club, id_grupo, isbn, fecha_reunion, id_miembro_moderador, fecha_asignacion, conclusiones, valoracion_final, realizada, ultima_reunion) VALUES (2, 2, '978-84-206-3532-8', TO_DATE('2025-11-16', 'YYYY-MM-DD'), 17, TO_DATE('2025-05-23', 'YYYY-MM-DD'), NULL, NULL, 'S', 'N');
INSERT INTO casj_calendario_reunion_mes (id_club, id_grupo, isbn, fecha_reunion, id_miembro_moderador, fecha_asignacion, conclusiones, valoracion_final, realizada, ultima_reunion) VALUES (2, 2, '978-84-206-3532-8', TO_DATE('2025-12-13', 'YYYY-MM-DD'), 17, TO_DATE('2025-05-23', 'YYYY-MM-DD'), 'Discusion completada satisfactoriamente', 5, 'S', 'S');
INSERT INTO casj_calendario_reunion_mes (id_club, id_grupo, isbn, fecha_reunion, id_miembro_moderador, fecha_asignacion, conclusiones, valoracion_final, realizada, ultima_reunion) VALUES (2, 2, '978-0-14-241037-2', TO_DATE('2026-01-08', 'YYYY-MM-DD'), 17, TO_DATE('2025-05-23', 'YYYY-MM-DD'), NULL, NULL, 'S', 'N');
INSERT INTO casj_calendario_reunion_mes (id_club, id_grupo, isbn, fecha_reunion, id_miembro_moderador, fecha_asignacion, conclusiones, valoracion_final, realizada, ultima_reunion) VALUES (2, 2, '978-0-14-241037-2', TO_DATE('2026-01-15', 'YYYY-MM-DD'), 17, TO_DATE('2025-05-23', 'YYYY-MM-DD'), NULL, NULL, 'S', 'N');
INSERT INTO casj_calendario_reunion_mes (id_club, id_grupo, isbn, fecha_reunion, id_miembro_moderador, fecha_asignacion, conclusiones, valoracion_final, realizada, ultima_reunion) VALUES (2, 2, '978-0-14-241037-2', TO_DATE('2026-01-22', 'YYYY-MM-DD'), 17, TO_DATE('2025-05-23', 'YYYY-MM-DD'), NULL, NULL, 'S', 'N');
INSERT INTO casj_calendario_reunion_mes (id_club, id_grupo, isbn, fecha_reunion, id_miembro_moderador, fecha_asignacion, conclusiones, valoracion_final, realizada, ultima_reunion) VALUES (2, 2, '978-0-14-241037-2', TO_DATE('2026-01-29', 'YYYY-MM-DD'), 17, TO_DATE('2025-05-23', 'YYYY-MM-DD'), 'Discusion completada satisfactoriamente', 3, 'S', 'S');
INSERT INTO casj_calendario_reunion_mes (id_club, id_grupo, isbn, fecha_reunion, id_miembro_moderador, fecha_asignacion, conclusiones, valoracion_final, realizada, ultima_reunion) VALUES (2, 2, '978-3-630-87214-1', TO_DATE('2026-02-05', 'YYYY-MM-DD'), 17, TO_DATE('2025-05-23', 'YYYY-MM-DD'), NULL, NULL, 'S', 'N');
INSERT INTO casj_calendario_reunion_mes (id_club, id_grupo, isbn, fecha_reunion, id_miembro_moderador, fecha_asignacion, conclusiones, valoracion_final, realizada, ultima_reunion) VALUES (2, 2, '978-3-630-87214-1', TO_DATE('2026-02-12', 'YYYY-MM-DD'), 17, TO_DATE('2025-05-23', 'YYYY-MM-DD'), NULL, NULL, 'S', 'N');
INSERT INTO casj_calendario_reunion_mes (id_club, id_grupo, isbn, fecha_reunion, id_miembro_moderador, fecha_asignacion, conclusiones, valoracion_final, realizada, ultima_reunion) VALUES (2, 2, '978-3-630-87214-1', TO_DATE('2026-02-19', 'YYYY-MM-DD'), 17, TO_DATE('2025-05-23', 'YYYY-MM-DD'), NULL, NULL, 'S', 'N');
INSERT INTO casj_calendario_reunion_mes (id_club, id_grupo, isbn, fecha_reunion, id_miembro_moderador, fecha_asignacion, conclusiones, valoracion_final, realizada, ultima_reunion) VALUES (2, 2, '978-3-630-87214-1', TO_DATE('2026-02-26', 'YYYY-MM-DD'), 17, TO_DATE('2025-05-23', 'YYYY-MM-DD'), 'Discusion completada satisfactoriamente', 5, 'S', 'S');
INSERT INTO casj_calendario_reunion_mes (id_club, id_grupo, isbn, fecha_reunion, id_miembro_moderador, fecha_asignacion, conclusiones, valoracion_final, realizada, ultima_reunion) VALUES (2, 2, '978-0-394-71772-1', TO_DATE('2026-03-05', 'YYYY-MM-DD'), 17, TO_DATE('2025-05-23', 'YYYY-MM-DD'), NULL, NULL, 'S', 'N');
INSERT INTO casj_calendario_reunion_mes (id_club, id_grupo, isbn, fecha_reunion, id_miembro_moderador, fecha_asignacion, conclusiones, valoracion_final, realizada, ultima_reunion) VALUES (2, 2, '978-0-394-71772-1', TO_DATE('2026-03-12', 'YYYY-MM-DD'), 17, TO_DATE('2025-05-23', 'YYYY-MM-DD'), NULL, NULL, 'S', 'N');
INSERT INTO casj_calendario_reunion_mes (id_club, id_grupo, isbn, fecha_reunion, id_miembro_moderador, fecha_asignacion, conclusiones, valoracion_final, realizada, ultima_reunion) VALUES (2, 2, '978-0-394-71772-1', TO_DATE('2026-03-19', 'YYYY-MM-DD'), 17, TO_DATE('2025-05-23', 'YYYY-MM-DD'), NULL, NULL, 'S', 'N');
INSERT INTO casj_calendario_reunion_mes (id_club, id_grupo, isbn, fecha_reunion, id_miembro_moderador, fecha_asignacion, conclusiones, valoracion_final, realizada, ultima_reunion) VALUES (2, 2, '978-0-394-71772-1', TO_DATE('2026-03-26', 'YYYY-MM-DD'), 17, TO_DATE('2025-05-23', 'YYYY-MM-DD'), 'Discusion completada satisfactoriamente', 4, 'S', 'S');
INSERT INTO casj_calendario_reunion_mes (id_club, id_grupo, isbn, fecha_reunion, id_miembro_moderador, fecha_asignacion, conclusiones, valoracion_final, realizada, ultima_reunion) VALUES (2, 2, '978-0-345-33569-5', TO_DATE('2026-04-02', 'YYYY-MM-DD'), 17, TO_DATE('2025-05-23', 'YYYY-MM-DD'), NULL, NULL, 'S', 'N');
INSERT INTO casj_calendario_reunion_mes (id_club, id_grupo, isbn, fecha_reunion, id_miembro_moderador, fecha_asignacion, conclusiones, valoracion_final, realizada, ultima_reunion) VALUES (2, 2, '978-0-345-33569-5', TO_DATE('2026-04-09', 'YYYY-MM-DD'), 17, TO_DATE('2025-05-23', 'YYYY-MM-DD'), NULL, NULL, 'S', 'N');
INSERT INTO casj_calendario_reunion_mes (id_club, id_grupo, isbn, fecha_reunion, id_miembro_moderador, fecha_asignacion, conclusiones, valoracion_final, realizada, ultima_reunion) VALUES (2, 2, '978-0-345-33569-5', TO_DATE('2026-04-16', 'YYYY-MM-DD'), 17, TO_DATE('2025-05-23', 'YYYY-MM-DD'), NULL, NULL, 'S', 'N');
INSERT INTO casj_calendario_reunion_mes (id_club, id_grupo, isbn, fecha_reunion, id_miembro_moderador, fecha_asignacion, conclusiones, valoracion_final, realizada, ultima_reunion) VALUES (2, 2, '978-0-345-33569-5', TO_DATE('2026-04-23', 'YYYY-MM-DD'), 17, TO_DATE('2025-05-23', 'YYYY-MM-DD'), 'Discusion completada satisfactoriamente', 4, 'S', 'S');
INSERT INTO casj_calendario_reunion_mes (id_club, id_grupo, isbn, fecha_reunion, id_miembro_moderador, fecha_asignacion, conclusiones, valoracion_final, realizada, ultima_reunion) VALUES (2, 2, '978-0-446-52080-1', TO_DATE('2026-04-30', 'YYYY-MM-DD'), 17, TO_DATE('2025-05-23', 'YYYY-MM-DD'), NULL, NULL, 'S', 'N');
INSERT INTO casj_calendario_reunion_mes (id_club, id_grupo, isbn, fecha_reunion, id_miembro_moderador, fecha_asignacion, conclusiones, valoracion_final, realizada, ultima_reunion) VALUES (2, 2, '978-0-446-52080-1', TO_DATE('2026-05-07', 'YYYY-MM-DD'), 17, TO_DATE('2025-05-23', 'YYYY-MM-DD'), NULL, NULL, 'S', 'N');
INSERT INTO casj_calendario_reunion_mes (id_club, id_grupo, isbn, fecha_reunion, id_miembro_moderador, fecha_asignacion, conclusiones, valoracion_final, realizada, ultima_reunion) VALUES (2, 2, '978-0-446-52080-1', TO_DATE('2026-05-14', 'YYYY-MM-DD'), 17, TO_DATE('2025-05-23', 'YYYY-MM-DD'), NULL, NULL, 'S', 'N');
INSERT INTO casj_calendario_reunion_mes (id_club, id_grupo, isbn, fecha_reunion, id_miembro_moderador, fecha_asignacion, conclusiones, valoracion_final, realizada, ultima_reunion) VALUES (2, 2, '978-0-446-52080-1', TO_DATE('2026-05-21', 'YYYY-MM-DD'), 17, TO_DATE('2025-05-23', 'YYYY-MM-DD'), 'Discusion completada satisfactoriamente', 4, 'S', 'S');
INSERT INTO casj_calendario_reunion_mes (id_club, id_grupo, isbn, fecha_reunion, id_miembro_moderador, fecha_asignacion, conclusiones, valoracion_final, realizada, ultima_reunion) VALUES (2, 2, '978-0-345-33568-8', TO_DATE('2026-05-28', 'YYYY-MM-DD'), 17, TO_DATE('2025-05-23', 'YYYY-MM-DD'), NULL, NULL, 'S', 'N');
INSERT INTO casj_calendario_reunion_mes (id_club, id_grupo, isbn, fecha_reunion, id_miembro_moderador, fecha_asignacion, conclusiones, valoracion_final, realizada, ultima_reunion) VALUES (2, 2, '978-0-345-33568-8', TO_DATE('2026-06-04', 'YYYY-MM-DD'), 17, TO_DATE('2025-05-23', 'YYYY-MM-DD'), NULL, NULL, 'S', 'N');
INSERT INTO casj_calendario_reunion_mes (id_club, id_grupo, isbn, fecha_reunion, id_miembro_moderador, fecha_asignacion, conclusiones, valoracion_final, realizada, ultima_reunion) VALUES (2, 3, '978-84-376-0189-8', TO_DATE('2026-01-15', 'YYYY-MM-DD'), 21, TO_DATE('2025-12-02', 'YYYY-MM-DD'), NULL, NULL, 'S', 'N');
INSERT INTO casj_calendario_reunion_mes (id_club, id_grupo, isbn, fecha_reunion, id_miembro_moderador, fecha_asignacion, conclusiones, valoracion_final, realizada, ultima_reunion) VALUES (2, 3, '978-84-376-0189-8', TO_DATE('2026-01-22', 'YYYY-MM-DD'), 21, TO_DATE('2025-12-02', 'YYYY-MM-DD'), NULL, NULL, 'S', 'N');
INSERT INTO casj_calendario_reunion_mes (id_club, id_grupo, isbn, fecha_reunion, id_miembro_moderador, fecha_asignacion, conclusiones, valoracion_final, realizada, ultima_reunion) VALUES (2, 3, '978-84-376-0189-8', TO_DATE('2026-01-29', 'YYYY-MM-DD'), 21, TO_DATE('2025-12-02', 'YYYY-MM-DD'), NULL, NULL, 'S', 'N');
INSERT INTO casj_calendario_reunion_mes (id_club, id_grupo, isbn, fecha_reunion, id_miembro_moderador, fecha_asignacion, conclusiones, valoracion_final, realizada, ultima_reunion) VALUES (2, 3, '978-84-376-0189-8', TO_DATE('2026-02-05', 'YYYY-MM-DD'), 21, TO_DATE('2025-12-02', 'YYYY-MM-DD'), 'Discusion completada satisfactoriamente', 3, 'S', 'S');
INSERT INTO casj_calendario_reunion_mes (id_club, id_grupo, isbn, fecha_reunion, id_miembro_moderador, fecha_asignacion, conclusiones, valoracion_final, realizada, ultima_reunion) VALUES (2, 3, '978-0-393-31283-7', TO_DATE('2026-02-12', 'YYYY-MM-DD'), 21, TO_DATE('2025-12-02', 'YYYY-MM-DD'), NULL, NULL, 'S', 'N');
INSERT INTO casj_calendario_reunion_mes (id_club, id_grupo, isbn, fecha_reunion, id_miembro_moderador, fecha_asignacion, conclusiones, valoracion_final, realizada, ultima_reunion) VALUES (2, 3, '978-0-393-31283-7', TO_DATE('2026-02-19', 'YYYY-MM-DD'), 21, TO_DATE('2025-12-02', 'YYYY-MM-DD'), NULL, NULL, 'S', 'N');
INSERT INTO casj_calendario_reunion_mes (id_club, id_grupo, isbn, fecha_reunion, id_miembro_moderador, fecha_asignacion, conclusiones, valoracion_final, realizada, ultima_reunion) VALUES (2, 3, '978-0-393-31283-7', TO_DATE('2026-02-26', 'YYYY-MM-DD'), 21, TO_DATE('2025-12-02', 'YYYY-MM-DD'), NULL, NULL, 'S', 'N');
INSERT INTO casj_calendario_reunion_mes (id_club, id_grupo, isbn, fecha_reunion, id_miembro_moderador, fecha_asignacion, conclusiones, valoracion_final, realizada, ultima_reunion) VALUES (2, 3, '978-0-393-31283-7', TO_DATE('2026-03-05', 'YYYY-MM-DD'), 21, TO_DATE('2025-12-02', 'YYYY-MM-DD'), 'Discusion completada satisfactoriamente', 3, 'S', 'S');
INSERT INTO casj_calendario_reunion_mes (id_club, id_grupo, isbn, fecha_reunion, id_miembro_moderador, fecha_asignacion, conclusiones, valoracion_final, realizada, ultima_reunion) VALUES (2, 3, '978-0-446-52080-1', TO_DATE('2026-03-12', 'YYYY-MM-DD'), 21, TO_DATE('2025-12-02', 'YYYY-MM-DD'), NULL, NULL, 'S', 'N');
INSERT INTO casj_calendario_reunion_mes (id_club, id_grupo, isbn, fecha_reunion, id_miembro_moderador, fecha_asignacion, conclusiones, valoracion_final, realizada, ultima_reunion) VALUES (2, 3, '978-0-446-52080-1', TO_DATE('2026-03-19', 'YYYY-MM-DD'), 21, TO_DATE('2025-12-02', 'YYYY-MM-DD'), NULL, NULL, 'S', 'N');
INSERT INTO casj_calendario_reunion_mes (id_club, id_grupo, isbn, fecha_reunion, id_miembro_moderador, fecha_asignacion, conclusiones, valoracion_final, realizada, ultima_reunion) VALUES (2, 3, '978-0-446-52080-1', TO_DATE('2026-03-26', 'YYYY-MM-DD'), 21, TO_DATE('2025-12-02', 'YYYY-MM-DD'), NULL, NULL, 'S', 'N');
INSERT INTO casj_calendario_reunion_mes (id_club, id_grupo, isbn, fecha_reunion, id_miembro_moderador, fecha_asignacion, conclusiones, valoracion_final, realizada, ultima_reunion) VALUES (2, 3, '978-0-446-52080-1', TO_DATE('2026-04-02', 'YYYY-MM-DD'), 21, TO_DATE('2025-12-02', 'YYYY-MM-DD'), 'Discusion completada satisfactoriamente', 5, 'S', 'S');
INSERT INTO casj_calendario_reunion_mes (id_club, id_grupo, isbn, fecha_reunion, id_miembro_moderador, fecha_asignacion, conclusiones, valoracion_final, realizada, ultima_reunion) VALUES (2, 3, '978-0-394-71772-1', TO_DATE('2026-04-09', 'YYYY-MM-DD'), 21, TO_DATE('2025-12-02', 'YYYY-MM-DD'), NULL, NULL, 'S', 'N');
INSERT INTO casj_calendario_reunion_mes (id_club, id_grupo, isbn, fecha_reunion, id_miembro_moderador, fecha_asignacion, conclusiones, valoracion_final, realizada, ultima_reunion) VALUES (2, 3, '978-0-394-71772-1', TO_DATE('2026-04-16', 'YYYY-MM-DD'), 21, TO_DATE('2025-12-02', 'YYYY-MM-DD'), NULL, NULL, 'S', 'N');
INSERT INTO casj_calendario_reunion_mes (id_club, id_grupo, isbn, fecha_reunion, id_miembro_moderador, fecha_asignacion, conclusiones, valoracion_final, realizada, ultima_reunion) VALUES (2, 3, '978-0-394-71772-1', TO_DATE('2026-04-23', 'YYYY-MM-DD'), 21, TO_DATE('2025-12-02', 'YYYY-MM-DD'), NULL, NULL, 'S', 'N');
INSERT INTO casj_calendario_reunion_mes (id_club, id_grupo, isbn, fecha_reunion, id_miembro_moderador, fecha_asignacion, conclusiones, valoracion_final, realizada, ultima_reunion) VALUES (2, 3, '978-0-394-71772-1', TO_DATE('2026-04-30', 'YYYY-MM-DD'), 21, TO_DATE('2025-12-02', 'YYYY-MM-DD'), 'Discusion completada satisfactoriamente', 5, 'S', 'S');
INSERT INTO casj_calendario_reunion_mes (id_club, id_grupo, isbn, fecha_reunion, id_miembro_moderador, fecha_asignacion, conclusiones, valoracion_final, realizada, ultima_reunion) VALUES (2, 3, '978-0-19-283477-8', TO_DATE('2026-05-07', 'YYYY-MM-DD'), 21, TO_DATE('2025-12-02', 'YYYY-MM-DD'), NULL, NULL, 'S', 'N');
INSERT INTO casj_calendario_reunion_mes (id_club, id_grupo, isbn, fecha_reunion, id_miembro_moderador, fecha_asignacion, conclusiones, valoracion_final, realizada, ultima_reunion) VALUES (2, 3, '978-0-19-283477-8', TO_DATE('2026-05-14', 'YYYY-MM-DD'), 21, TO_DATE('2025-12-02', 'YYYY-MM-DD'), NULL, NULL, 'S', 'N');
INSERT INTO casj_calendario_reunion_mes (id_club, id_grupo, isbn, fecha_reunion, id_miembro_moderador, fecha_asignacion, conclusiones, valoracion_final, realizada, ultima_reunion) VALUES (2, 3, '978-0-19-283477-8', TO_DATE('2026-05-21', 'YYYY-MM-DD'), 21, TO_DATE('2025-12-02', 'YYYY-MM-DD'), NULL, NULL, 'S', 'N');
INSERT INTO casj_calendario_reunion_mes (id_club, id_grupo, isbn, fecha_reunion, id_miembro_moderador, fecha_asignacion, conclusiones, valoracion_final, realizada, ultima_reunion) VALUES (2, 3, '978-0-19-283477-8', TO_DATE('2026-05-28', 'YYYY-MM-DD'), 21, TO_DATE('2025-12-02', 'YYYY-MM-DD'), 'Discusion completada satisfactoriamente', 4, 'S', 'S');
INSERT INTO casj_calendario_reunion_mes (id_club, id_grupo, isbn, fecha_reunion, id_miembro_moderador, fecha_asignacion, conclusiones, valoracion_final, realizada, ultima_reunion) VALUES (2, 3, '978-0-345-33568-8', TO_DATE('2026-06-04', 'YYYY-MM-DD'), 21, TO_DATE('2025-12-02', 'YYYY-MM-DD'), NULL, NULL, 'S', 'N');
INSERT INTO casj_calendario_reunion_mes (id_club, id_grupo, isbn, fecha_reunion, id_miembro_moderador, fecha_asignacion, conclusiones, valoracion_final, realizada, ultima_reunion) VALUES (3, 1, '978-0-394-71772-1', TO_DATE('2024-10-05', 'YYYY-MM-DD'), 25, TO_DATE('2023-10-09', 'YYYY-MM-DD'), NULL, NULL, 'S', 'N');
INSERT INTO casj_calendario_reunion_mes (id_club, id_grupo, isbn, fecha_reunion, id_miembro_moderador, fecha_asignacion, conclusiones, valoracion_final, realizada, ultima_reunion) VALUES (3, 1, '978-0-394-71772-1', TO_DATE('2024-11-04', 'YYYY-MM-DD'), 25, TO_DATE('2023-10-09', 'YYYY-MM-DD'), 'Discusion completada satisfactoriamente', 4, 'S', 'S');
INSERT INTO casj_calendario_reunion_mes (id_club, id_grupo, isbn, fecha_reunion, id_miembro_moderador, fecha_asignacion, conclusiones, valoracion_final, realizada, ultima_reunion) VALUES (3, 1, '978-0-345-33569-5', TO_DATE('2024-11-29', 'YYYY-MM-DD'), 25, TO_DATE('2023-10-09', 'YYYY-MM-DD'), NULL, NULL, 'S', 'N');
INSERT INTO casj_calendario_reunion_mes (id_club, id_grupo, isbn, fecha_reunion, id_miembro_moderador, fecha_asignacion, conclusiones, valoracion_final, realizada, ultima_reunion) VALUES (3, 1, '978-0-345-33569-5', TO_DATE('2024-12-24', 'YYYY-MM-DD'), 25, TO_DATE('2023-10-09', 'YYYY-MM-DD'), 'Discusion completada satisfactoriamente', 4, 'S', 'S');
INSERT INTO casj_calendario_reunion_mes (id_club, id_grupo, isbn, fecha_reunion, id_miembro_moderador, fecha_asignacion, conclusiones, valoracion_final, realizada, ultima_reunion) VALUES (3, 1, '978-83-7506-289-7', TO_DATE('2025-01-14', 'YYYY-MM-DD'), 25, TO_DATE('2023-10-09', 'YYYY-MM-DD'), NULL, NULL, 'S', 'N');
INSERT INTO casj_calendario_reunion_mes (id_club, id_grupo, isbn, fecha_reunion, id_miembro_moderador, fecha_asignacion, conclusiones, valoracion_final, realizada, ultima_reunion) VALUES (3, 1, '978-83-7506-289-7', TO_DATE('2025-02-12', 'YYYY-MM-DD'), 25, TO_DATE('2023-10-09', 'YYYY-MM-DD'), 'Discusion completada satisfactoriamente', 3, 'S', 'S');
INSERT INTO casj_calendario_reunion_mes (id_club, id_grupo, isbn, fecha_reunion, id_miembro_moderador, fecha_asignacion, conclusiones, valoracion_final, realizada, ultima_reunion) VALUES (3, 1, '978-84-206-3524-3', TO_DATE('2025-03-12', 'YYYY-MM-DD'), 25, TO_DATE('2023-10-09', 'YYYY-MM-DD'), NULL, NULL, 'S', 'N');
INSERT INTO casj_calendario_reunion_mes (id_club, id_grupo, isbn, fecha_reunion, id_miembro_moderador, fecha_asignacion, conclusiones, valoracion_final, realizada, ultima_reunion) VALUES (3, 1, '978-84-206-3524-3', TO_DATE('2025-04-06', 'YYYY-MM-DD'), 25, TO_DATE('2023-10-09', 'YYYY-MM-DD'), 'Discusion completada satisfactoriamente', 4, 'S', 'S');
INSERT INTO casj_calendario_reunion_mes (id_club, id_grupo, isbn, fecha_reunion, id_miembro_moderador, fecha_asignacion, conclusiones, valoracion_final, realizada, ultima_reunion) VALUES (3, 1, '978-0-19-283477-8', TO_DATE('2025-05-01', 'YYYY-MM-DD'), 25, TO_DATE('2023-10-09', 'YYYY-MM-DD'), NULL, NULL, 'S', 'N');
INSERT INTO casj_calendario_reunion_mes (id_club, id_grupo, isbn, fecha_reunion, id_miembro_moderador, fecha_asignacion, conclusiones, valoracion_final, realizada, ultima_reunion) VALUES (3, 1, '978-0-19-283477-8', TO_DATE('2025-05-31', 'YYYY-MM-DD'), 25, TO_DATE('2023-10-09', 'YYYY-MM-DD'), 'Discusion completada satisfactoriamente', 4, 'S', 'S');
INSERT INTO casj_calendario_reunion_mes (id_club, id_grupo, isbn, fecha_reunion, id_miembro_moderador, fecha_asignacion, conclusiones, valoracion_final, realizada, ultima_reunion) VALUES (3, 1, '978-84-376-0310-6', TO_DATE('2025-06-23', 'YYYY-MM-DD'), 25, TO_DATE('2023-10-09', 'YYYY-MM-DD'), NULL, NULL, 'S', 'N');
INSERT INTO casj_calendario_reunion_mes (id_club, id_grupo, isbn, fecha_reunion, id_miembro_moderador, fecha_asignacion, conclusiones, valoracion_final, realizada, ultima_reunion) VALUES (3, 1, '978-84-376-0310-6', TO_DATE('2025-07-14', 'YYYY-MM-DD'), 25, TO_DATE('2023-10-09', 'YYYY-MM-DD'), 'Discusion completada satisfactoriamente', 3, 'S', 'S');
INSERT INTO casj_calendario_reunion_mes (id_club, id_grupo, isbn, fecha_reunion, id_miembro_moderador, fecha_asignacion, conclusiones, valoracion_final, realizada, ultima_reunion) VALUES (3, 1, '978-84-376-0189-8', TO_DATE('2025-08-05', 'YYYY-MM-DD'), 25, TO_DATE('2023-10-09', 'YYYY-MM-DD'), NULL, NULL, 'S', 'N');
INSERT INTO casj_calendario_reunion_mes (id_club, id_grupo, isbn, fecha_reunion, id_miembro_moderador, fecha_asignacion, conclusiones, valoracion_final, realizada, ultima_reunion) VALUES (3, 1, '978-84-376-0189-8', TO_DATE('2025-09-01', 'YYYY-MM-DD'), 25, TO_DATE('2023-10-09', 'YYYY-MM-DD'), 'Discusion completada satisfactoriamente', 5, 'S', 'S');
INSERT INTO casj_calendario_reunion_mes (id_club, id_grupo, isbn, fecha_reunion, id_miembro_moderador, fecha_asignacion, conclusiones, valoracion_final, realizada, ultima_reunion) VALUES (3, 1, '978-0-446-52080-1', TO_DATE('2025-09-27', 'YYYY-MM-DD'), 25, TO_DATE('2023-10-09', 'YYYY-MM-DD'), NULL, NULL, 'S', 'N');
INSERT INTO casj_calendario_reunion_mes (id_club, id_grupo, isbn, fecha_reunion, id_miembro_moderador, fecha_asignacion, conclusiones, valoracion_final, realizada, ultima_reunion) VALUES (3, 1, '978-0-446-52080-1', TO_DATE('2025-10-25', 'YYYY-MM-DD'), 25, TO_DATE('2023-10-09', 'YYYY-MM-DD'), 'Discusion completada satisfactoriamente', 3, 'S', 'S');
INSERT INTO casj_calendario_reunion_mes (id_club, id_grupo, isbn, fecha_reunion, id_miembro_moderador, fecha_asignacion, conclusiones, valoracion_final, realizada, ultima_reunion) VALUES (3, 1, '978-0-345-33568-8', TO_DATE('2025-11-18', 'YYYY-MM-DD'), 25, TO_DATE('2023-10-09', 'YYYY-MM-DD'), NULL, NULL, 'S', 'N');
INSERT INTO casj_calendario_reunion_mes (id_club, id_grupo, isbn, fecha_reunion, id_miembro_moderador, fecha_asignacion, conclusiones, valoracion_final, realizada, ultima_reunion) VALUES (3, 1, '978-0-345-33568-8', TO_DATE('2025-12-12', 'YYYY-MM-DD'), 25, TO_DATE('2023-10-09', 'YYYY-MM-DD'), 'Discusion completada satisfactoriamente', 5, 'S', 'S');
INSERT INTO casj_calendario_reunion_mes (id_club, id_grupo, isbn, fecha_reunion, id_miembro_moderador, fecha_asignacion, conclusiones, valoracion_final, realizada, ultima_reunion) VALUES (3, 1, '978-0-14-241037-2', TO_DATE('2026-01-08', 'YYYY-MM-DD'), 25, TO_DATE('2023-10-09', 'YYYY-MM-DD'), NULL, NULL, 'S', 'N');
INSERT INTO casj_calendario_reunion_mes (id_club, id_grupo, isbn, fecha_reunion, id_miembro_moderador, fecha_asignacion, conclusiones, valoracion_final, realizada, ultima_reunion) VALUES (3, 1, '978-0-14-241037-2', TO_DATE('2026-01-15', 'YYYY-MM-DD'), 25, TO_DATE('2023-10-09', 'YYYY-MM-DD'), NULL, NULL, 'S', 'N');
INSERT INTO casj_calendario_reunion_mes (id_club, id_grupo, isbn, fecha_reunion, id_miembro_moderador, fecha_asignacion, conclusiones, valoracion_final, realizada, ultima_reunion) VALUES (3, 1, '978-0-14-241037-2', TO_DATE('2026-01-22', 'YYYY-MM-DD'), 25, TO_DATE('2023-10-09', 'YYYY-MM-DD'), NULL, NULL, 'S', 'N');
INSERT INTO casj_calendario_reunion_mes (id_club, id_grupo, isbn, fecha_reunion, id_miembro_moderador, fecha_asignacion, conclusiones, valoracion_final, realizada, ultima_reunion) VALUES (3, 1, '978-0-14-241037-2', TO_DATE('2026-01-29', 'YYYY-MM-DD'), 25, TO_DATE('2023-10-09', 'YYYY-MM-DD'), 'Discusion completada satisfactoriamente', 3, 'S', 'S');
INSERT INTO casj_calendario_reunion_mes (id_club, id_grupo, isbn, fecha_reunion, id_miembro_moderador, fecha_asignacion, conclusiones, valoracion_final, realizada, ultima_reunion) VALUES (3, 2, '978-0-393-31283-7', TO_DATE('2025-11-29', 'YYYY-MM-DD'), 29, TO_DATE('2025-11-02', 'YYYY-MM-DD'), NULL, NULL, 'S', 'N');
INSERT INTO casj_calendario_reunion_mes (id_club, id_grupo, isbn, fecha_reunion, id_miembro_moderador, fecha_asignacion, conclusiones, valoracion_final, realizada, ultima_reunion) VALUES (3, 2, '978-0-393-31283-7', TO_DATE('2025-12-27', 'YYYY-MM-DD'), 29, TO_DATE('2025-11-02', 'YYYY-MM-DD'), 'Discusion completada satisfactoriamente', 5, 'S', 'S');
INSERT INTO casj_calendario_reunion_mes (id_club, id_grupo, isbn, fecha_reunion, id_miembro_moderador, fecha_asignacion, conclusiones, valoracion_final, realizada, ultima_reunion) VALUES (3, 2, '978-84-376-0189-8', TO_DATE('2026-01-20', 'YYYY-MM-DD'), 29, TO_DATE('2025-11-02', 'YYYY-MM-DD'), NULL, NULL, 'S', 'N');
INSERT INTO casj_calendario_reunion_mes (id_club, id_grupo, isbn, fecha_reunion, id_miembro_moderador, fecha_asignacion, conclusiones, valoracion_final, realizada, ultima_reunion) VALUES (3, 2, '978-84-376-0189-8', TO_DATE('2026-01-27', 'YYYY-MM-DD'), 29, TO_DATE('2025-11-02', 'YYYY-MM-DD'), NULL, NULL, 'S', 'N');
INSERT INTO casj_calendario_reunion_mes (id_club, id_grupo, isbn, fecha_reunion, id_miembro_moderador, fecha_asignacion, conclusiones, valoracion_final, realizada, ultima_reunion) VALUES (3, 2, '978-84-376-0189-8', TO_DATE('2026-02-03', 'YYYY-MM-DD'), 29, TO_DATE('2025-11-02', 'YYYY-MM-DD'), NULL, NULL, 'S', 'N');
INSERT INTO casj_calendario_reunion_mes (id_club, id_grupo, isbn, fecha_reunion, id_miembro_moderador, fecha_asignacion, conclusiones, valoracion_final, realizada, ultima_reunion) VALUES (3, 2, '978-84-376-0189-8', TO_DATE('2026-02-10', 'YYYY-MM-DD'), 29, TO_DATE('2025-11-02', 'YYYY-MM-DD'), 'Discusion completada satisfactoriamente', 4, 'S', 'S');
INSERT INTO casj_calendario_reunion_mes (id_club, id_grupo, isbn, fecha_reunion, id_miembro_moderador, fecha_asignacion, conclusiones, valoracion_final, realizada, ultima_reunion) VALUES (3, 2, '978-2-07-040850-4', TO_DATE('2026-02-17', 'YYYY-MM-DD'), 29, TO_DATE('2025-11-02', 'YYYY-MM-DD'), NULL, NULL, 'S', 'N');
INSERT INTO casj_calendario_reunion_mes (id_club, id_grupo, isbn, fecha_reunion, id_miembro_moderador, fecha_asignacion, conclusiones, valoracion_final, realizada, ultima_reunion) VALUES (3, 2, '978-2-07-040850-4', TO_DATE('2026-02-24', 'YYYY-MM-DD'), 29, TO_DATE('2025-11-02', 'YYYY-MM-DD'), NULL, NULL, 'S', 'N');
INSERT INTO casj_calendario_reunion_mes (id_club, id_grupo, isbn, fecha_reunion, id_miembro_moderador, fecha_asignacion, conclusiones, valoracion_final, realizada, ultima_reunion) VALUES (3, 2, '978-2-07-040850-4', TO_DATE('2026-03-03', 'YYYY-MM-DD'), 29, TO_DATE('2025-11-02', 'YYYY-MM-DD'), NULL, NULL, 'S', 'N');
INSERT INTO casj_calendario_reunion_mes (id_club, id_grupo, isbn, fecha_reunion, id_miembro_moderador, fecha_asignacion, conclusiones, valoracion_final, realizada, ultima_reunion) VALUES (3, 2, '978-2-07-040850-4', TO_DATE('2026-03-10', 'YYYY-MM-DD'), 29, TO_DATE('2025-11-02', 'YYYY-MM-DD'), 'Discusion completada satisfactoriamente', 3, 'S', 'S');
INSERT INTO casj_calendario_reunion_mes (id_club, id_grupo, isbn, fecha_reunion, id_miembro_moderador, fecha_asignacion, conclusiones, valoracion_final, realizada, ultima_reunion) VALUES (3, 2, '978-83-7506-289-7', TO_DATE('2026-03-17', 'YYYY-MM-DD'), 29, TO_DATE('2025-11-02', 'YYYY-MM-DD'), NULL, NULL, 'S', 'N');
INSERT INTO casj_calendario_reunion_mes (id_club, id_grupo, isbn, fecha_reunion, id_miembro_moderador, fecha_asignacion, conclusiones, valoracion_final, realizada, ultima_reunion) VALUES (3, 2, '978-83-7506-289-7', TO_DATE('2026-03-24', 'YYYY-MM-DD'), 29, TO_DATE('2025-11-02', 'YYYY-MM-DD'), NULL, NULL, 'S', 'N');
INSERT INTO casj_calendario_reunion_mes (id_club, id_grupo, isbn, fecha_reunion, id_miembro_moderador, fecha_asignacion, conclusiones, valoracion_final, realizada, ultima_reunion) VALUES (3, 2, '978-83-7506-289-7', TO_DATE('2026-03-31', 'YYYY-MM-DD'), 29, TO_DATE('2025-11-02', 'YYYY-MM-DD'), NULL, NULL, 'S', 'N');
INSERT INTO casj_calendario_reunion_mes (id_club, id_grupo, isbn, fecha_reunion, id_miembro_moderador, fecha_asignacion, conclusiones, valoracion_final, realizada, ultima_reunion) VALUES (3, 2, '978-83-7506-289-7', TO_DATE('2026-04-07', 'YYYY-MM-DD'), 29, TO_DATE('2025-11-02', 'YYYY-MM-DD'), 'Discusion completada satisfactoriamente', 5, 'S', 'S');
INSERT INTO casj_calendario_reunion_mes (id_club, id_grupo, isbn, fecha_reunion, id_miembro_moderador, fecha_asignacion, conclusiones, valoracion_final, realizada, ultima_reunion) VALUES (3, 2, '978-0-345-33569-5', TO_DATE('2026-04-14', 'YYYY-MM-DD'), 29, TO_DATE('2025-11-02', 'YYYY-MM-DD'), NULL, NULL, 'S', 'N');
INSERT INTO casj_calendario_reunion_mes (id_club, id_grupo, isbn, fecha_reunion, id_miembro_moderador, fecha_asignacion, conclusiones, valoracion_final, realizada, ultima_reunion) VALUES (3, 2, '978-0-345-33569-5', TO_DATE('2026-04-21', 'YYYY-MM-DD'), 29, TO_DATE('2025-11-02', 'YYYY-MM-DD'), NULL, NULL, 'S', 'N');
INSERT INTO casj_calendario_reunion_mes (id_club, id_grupo, isbn, fecha_reunion, id_miembro_moderador, fecha_asignacion, conclusiones, valoracion_final, realizada, ultima_reunion) VALUES (3, 2, '978-0-345-33569-5', TO_DATE('2026-04-28', 'YYYY-MM-DD'), 29, TO_DATE('2025-11-02', 'YYYY-MM-DD'), NULL, NULL, 'S', 'N');
INSERT INTO casj_calendario_reunion_mes (id_club, id_grupo, isbn, fecha_reunion, id_miembro_moderador, fecha_asignacion, conclusiones, valoracion_final, realizada, ultima_reunion) VALUES (3, 2, '978-0-345-33569-5', TO_DATE('2026-05-05', 'YYYY-MM-DD'), 29, TO_DATE('2025-11-02', 'YYYY-MM-DD'), 'Discusion completada satisfactoriamente', 5, 'S', 'S');
INSERT INTO casj_calendario_reunion_mes (id_club, id_grupo, isbn, fecha_reunion, id_miembro_moderador, fecha_asignacion, conclusiones, valoracion_final, realizada, ultima_reunion) VALUES (3, 2, '978-0-345-33570-1', TO_DATE('2026-05-12', 'YYYY-MM-DD'), 29, TO_DATE('2025-11-02', 'YYYY-MM-DD'), NULL, NULL, 'S', 'N');
INSERT INTO casj_calendario_reunion_mes (id_club, id_grupo, isbn, fecha_reunion, id_miembro_moderador, fecha_asignacion, conclusiones, valoracion_final, realizada, ultima_reunion) VALUES (3, 2, '978-0-345-33570-1', TO_DATE('2026-05-19', 'YYYY-MM-DD'), 29, TO_DATE('2025-11-02', 'YYYY-MM-DD'), NULL, NULL, 'S', 'N');
INSERT INTO casj_calendario_reunion_mes (id_club, id_grupo, isbn, fecha_reunion, id_miembro_moderador, fecha_asignacion, conclusiones, valoracion_final, realizada, ultima_reunion) VALUES (3, 2, '978-0-345-33570-1', TO_DATE('2026-05-26', 'YYYY-MM-DD'), 29, TO_DATE('2025-11-02', 'YYYY-MM-DD'), NULL, NULL, 'S', 'N');
INSERT INTO casj_calendario_reunion_mes (id_club, id_grupo, isbn, fecha_reunion, id_miembro_moderador, fecha_asignacion, conclusiones, valoracion_final, realizada, ultima_reunion) VALUES (3, 2, '978-0-345-33570-1', TO_DATE('2026-06-02', 'YYYY-MM-DD'), 29, TO_DATE('2025-11-02', 'YYYY-MM-DD'), 'Discusion completada satisfactoriamente', 5, 'S', 'S');
INSERT INTO casj_calendario_reunion_mes (id_club, id_grupo, isbn, fecha_reunion, id_miembro_moderador, fecha_asignacion, conclusiones, valoracion_final, realizada, ultima_reunion) VALUES (3, 2, '978-84-206-3532-8', TO_DATE('2026-06-09', 'YYYY-MM-DD'), 29, TO_DATE('2025-11-02', 'YYYY-MM-DD'), NULL, NULL, 'S', 'N');
INSERT INTO casj_calendario_reunion_mes (id_club, id_grupo, isbn, fecha_reunion, id_miembro_moderador, fecha_asignacion, conclusiones, valoracion_final, realizada, ultima_reunion) VALUES (3, 3, '978-84-376-0189-8', TO_DATE('2025-01-14', 'YYYY-MM-DD'), 33, TO_DATE('2024-12-14', 'YYYY-MM-DD'), NULL, NULL, 'S', 'N');
INSERT INTO casj_calendario_reunion_mes (id_club, id_grupo, isbn, fecha_reunion, id_miembro_moderador, fecha_asignacion, conclusiones, valoracion_final, realizada, ultima_reunion) VALUES (3, 3, '978-84-376-0189-8', TO_DATE('2025-02-10', 'YYYY-MM-DD'), 33, TO_DATE('2024-12-14', 'YYYY-MM-DD'), 'Discusion completada satisfactoriamente', 5, 'S', 'S');
INSERT INTO casj_calendario_reunion_mes (id_club, id_grupo, isbn, fecha_reunion, id_miembro_moderador, fecha_asignacion, conclusiones, valoracion_final, realizada, ultima_reunion) VALUES (3, 3, '978-3-630-87214-1', TO_DATE('2025-03-04', 'YYYY-MM-DD'), 33, TO_DATE('2024-12-14', 'YYYY-MM-DD'), NULL, NULL, 'S', 'N');
INSERT INTO casj_calendario_reunion_mes (id_club, id_grupo, isbn, fecha_reunion, id_miembro_moderador, fecha_asignacion, conclusiones, valoracion_final, realizada, ultima_reunion) VALUES (3, 3, '978-3-630-87214-1', TO_DATE('2025-04-02', 'YYYY-MM-DD'), 33, TO_DATE('2024-12-14', 'YYYY-MM-DD'), 'Discusion completada satisfactoriamente', 3, 'S', 'S');
INSERT INTO casj_calendario_reunion_mes (id_club, id_grupo, isbn, fecha_reunion, id_miembro_moderador, fecha_asignacion, conclusiones, valoracion_final, realizada, ultima_reunion) VALUES (3, 3, '978-83-7506-289-7', TO_DATE('2025-04-23', 'YYYY-MM-DD'), 33, TO_DATE('2024-12-14', 'YYYY-MM-DD'), NULL, NULL, 'S', 'N');
INSERT INTO casj_calendario_reunion_mes (id_club, id_grupo, isbn, fecha_reunion, id_miembro_moderador, fecha_asignacion, conclusiones, valoracion_final, realizada, ultima_reunion) VALUES (3, 3, '978-83-7506-289-7', TO_DATE('2025-05-17', 'YYYY-MM-DD'), 33, TO_DATE('2024-12-14', 'YYYY-MM-DD'), 'Discusion completada satisfactoriamente', 4, 'S', 'S');
INSERT INTO casj_calendario_reunion_mes (id_club, id_grupo, isbn, fecha_reunion, id_miembro_moderador, fecha_asignacion, conclusiones, valoracion_final, realizada, ultima_reunion) VALUES (3, 3, '978-0-345-33569-5', TO_DATE('2025-06-13', 'YYYY-MM-DD'), 33, TO_DATE('2024-12-14', 'YYYY-MM-DD'), NULL, NULL, 'S', 'N');
INSERT INTO casj_calendario_reunion_mes (id_club, id_grupo, isbn, fecha_reunion, id_miembro_moderador, fecha_asignacion, conclusiones, valoracion_final, realizada, ultima_reunion) VALUES (3, 3, '978-0-345-33569-5', TO_DATE('2025-07-11', 'YYYY-MM-DD'), 33, TO_DATE('2024-12-14', 'YYYY-MM-DD'), 'Discusion completada satisfactoriamente', 4, 'S', 'S');
INSERT INTO casj_calendario_reunion_mes (id_club, id_grupo, isbn, fecha_reunion, id_miembro_moderador, fecha_asignacion, conclusiones, valoracion_final, realizada, ultima_reunion) VALUES (3, 3, '978-968-16-0474-3', TO_DATE('2025-08-06', 'YYYY-MM-DD'), 33, TO_DATE('2024-12-14', 'YYYY-MM-DD'), NULL, NULL, 'S', 'N');
INSERT INTO casj_calendario_reunion_mes (id_club, id_grupo, isbn, fecha_reunion, id_miembro_moderador, fecha_asignacion, conclusiones, valoracion_final, realizada, ultima_reunion) VALUES (3, 3, '978-968-16-0474-3', TO_DATE('2025-09-04', 'YYYY-MM-DD'), 33, TO_DATE('2024-12-14', 'YYYY-MM-DD'), 'Discusion completada satisfactoriamente', 3, 'S', 'S');
INSERT INTO casj_calendario_reunion_mes (id_club, id_grupo, isbn, fecha_reunion, id_miembro_moderador, fecha_asignacion, conclusiones, valoracion_final, realizada, ultima_reunion) VALUES (3, 3, '978-0-345-33570-1', TO_DATE('2025-09-26', 'YYYY-MM-DD'), 33, TO_DATE('2024-12-14', 'YYYY-MM-DD'), NULL, NULL, 'S', 'N');
INSERT INTO casj_calendario_reunion_mes (id_club, id_grupo, isbn, fecha_reunion, id_miembro_moderador, fecha_asignacion, conclusiones, valoracion_final, realizada, ultima_reunion) VALUES (3, 3, '978-0-345-33570-1', TO_DATE('2025-10-21', 'YYYY-MM-DD'), 33, TO_DATE('2024-12-14', 'YYYY-MM-DD'), 'Discusion completada satisfactoriamente', 5, 'S', 'S');
INSERT INTO casj_calendario_reunion_mes (id_club, id_grupo, isbn, fecha_reunion, id_miembro_moderador, fecha_asignacion, conclusiones, valoracion_final, realizada, ultima_reunion) VALUES (3, 3, '978-0-14-241037-2', TO_DATE('2025-11-11', 'YYYY-MM-DD'), 33, TO_DATE('2024-12-14', 'YYYY-MM-DD'), NULL, NULL, 'S', 'N');
INSERT INTO casj_calendario_reunion_mes (id_club, id_grupo, isbn, fecha_reunion, id_miembro_moderador, fecha_asignacion, conclusiones, valoracion_final, realizada, ultima_reunion) VALUES (3, 3, '978-0-14-241037-2', TO_DATE('2025-12-08', 'YYYY-MM-DD'), 33, TO_DATE('2024-12-14', 'YYYY-MM-DD'), 'Discusion completada satisfactoriamente', 4, 'S', 'S');
INSERT INTO casj_calendario_reunion_mes (id_club, id_grupo, isbn, fecha_reunion, id_miembro_moderador, fecha_asignacion, conclusiones, valoracion_final, realizada, ultima_reunion) VALUES (3, 3, '978-2-07-040850-4', TO_DATE('2026-01-07', 'YYYY-MM-DD'), 33, TO_DATE('2024-12-14', 'YYYY-MM-DD'), NULL, NULL, 'S', 'N');
INSERT INTO casj_calendario_reunion_mes (id_club, id_grupo, isbn, fecha_reunion, id_miembro_moderador, fecha_asignacion, conclusiones, valoracion_final, realizada, ultima_reunion) VALUES (3, 3, '978-2-07-040850-4', TO_DATE('2026-01-14', 'YYYY-MM-DD'), 33, TO_DATE('2024-12-14', 'YYYY-MM-DD'), NULL, NULL, 'S', 'N');
INSERT INTO casj_calendario_reunion_mes (id_club, id_grupo, isbn, fecha_reunion, id_miembro_moderador, fecha_asignacion, conclusiones, valoracion_final, realizada, ultima_reunion) VALUES (3, 3, '978-2-07-040850-4', TO_DATE('2026-01-21', 'YYYY-MM-DD'), 33, TO_DATE('2024-12-14', 'YYYY-MM-DD'), NULL, NULL, 'S', 'N');
INSERT INTO casj_calendario_reunion_mes (id_club, id_grupo, isbn, fecha_reunion, id_miembro_moderador, fecha_asignacion, conclusiones, valoracion_final, realizada, ultima_reunion) VALUES (3, 3, '978-2-07-040850-4', TO_DATE('2026-01-28', 'YYYY-MM-DD'), 33, TO_DATE('2024-12-14', 'YYYY-MM-DD'), 'Discusion completada satisfactoriamente', 5, 'S', 'S');
INSERT INTO casj_calendario_reunion_mes (id_club, id_grupo, isbn, fecha_reunion, id_miembro_moderador, fecha_asignacion, conclusiones, valoracion_final, realizada, ultima_reunion) VALUES (3, 3, '978-0-345-33568-8', TO_DATE('2026-02-04', 'YYYY-MM-DD'), 33, TO_DATE('2024-12-14', 'YYYY-MM-DD'), NULL, NULL, 'S', 'N');
INSERT INTO casj_calendario_reunion_mes (id_club, id_grupo, isbn, fecha_reunion, id_miembro_moderador, fecha_asignacion, conclusiones, valoracion_final, realizada, ultima_reunion) VALUES (3, 3, '978-0-345-33568-8', TO_DATE('2026-02-11', 'YYYY-MM-DD'), 33, TO_DATE('2024-12-14', 'YYYY-MM-DD'), NULL, NULL, 'S', 'N');
INSERT INTO casj_calendario_reunion_mes (id_club, id_grupo, isbn, fecha_reunion, id_miembro_moderador, fecha_asignacion, conclusiones, valoracion_final, realizada, ultima_reunion) VALUES (3, 3, '978-0-345-33568-8', TO_DATE('2026-02-18', 'YYYY-MM-DD'), 33, TO_DATE('2024-12-14', 'YYYY-MM-DD'), NULL, NULL, 'S', 'N');
INSERT INTO casj_calendario_reunion_mes (id_club, id_grupo, isbn, fecha_reunion, id_miembro_moderador, fecha_asignacion, conclusiones, valoracion_final, realizada, ultima_reunion) VALUES (3, 3, '978-0-345-33568-8', TO_DATE('2026-02-25', 'YYYY-MM-DD'), 33, TO_DATE('2024-12-14', 'YYYY-MM-DD'), 'Discusion completada satisfactoriamente', 4, 'S', 'S');
INSERT INTO casj_calendario_reunion_mes (id_club, id_grupo, isbn, fecha_reunion, id_miembro_moderador, fecha_asignacion, conclusiones, valoracion_final, realizada, ultima_reunion) VALUES (3, 3, '978-0-19-283477-8', TO_DATE('2026-03-04', 'YYYY-MM-DD'), 33, TO_DATE('2024-12-14', 'YYYY-MM-DD'), NULL, NULL, 'S', 'N');
INSERT INTO casj_calendario_reunion_mes (id_club, id_grupo, isbn, fecha_reunion, id_miembro_moderador, fecha_asignacion, conclusiones, valoracion_final, realizada, ultima_reunion) VALUES (3, 3, '978-0-19-283477-8', TO_DATE('2026-03-11', 'YYYY-MM-DD'), 33, TO_DATE('2024-12-14', 'YYYY-MM-DD'), NULL, NULL, 'S', 'N');
INSERT INTO casj_calendario_reunion_mes (id_club, id_grupo, isbn, fecha_reunion, id_miembro_moderador, fecha_asignacion, conclusiones, valoracion_final, realizada, ultima_reunion) VALUES (3, 3, '978-0-19-283477-8', TO_DATE('2026-03-18', 'YYYY-MM-DD'), 33, TO_DATE('2024-12-14', 'YYYY-MM-DD'), NULL, NULL, 'S', 'N');
INSERT INTO casj_calendario_reunion_mes (id_club, id_grupo, isbn, fecha_reunion, id_miembro_moderador, fecha_asignacion, conclusiones, valoracion_final, realizada, ultima_reunion) VALUES (3, 3, '978-0-19-283477-8', TO_DATE('2026-03-25', 'YYYY-MM-DD'), 33, TO_DATE('2024-12-14', 'YYYY-MM-DD'), 'Discusion completada satisfactoriamente', 3, 'S', 'S');
INSERT INTO casj_calendario_reunion_mes (id_club, id_grupo, isbn, fecha_reunion, id_miembro_moderador, fecha_asignacion, conclusiones, valoracion_final, realizada, ultima_reunion) VALUES (3, 3, '978-0-394-71772-1', TO_DATE('2026-04-01', 'YYYY-MM-DD'), 33, TO_DATE('2024-12-14', 'YYYY-MM-DD'), NULL, NULL, 'S', 'N');
INSERT INTO casj_calendario_reunion_mes (id_club, id_grupo, isbn, fecha_reunion, id_miembro_moderador, fecha_asignacion, conclusiones, valoracion_final, realizada, ultima_reunion) VALUES (3, 3, '978-0-394-71772-1', TO_DATE('2026-04-08', 'YYYY-MM-DD'), 33, TO_DATE('2024-12-14', 'YYYY-MM-DD'), NULL, NULL, 'S', 'N');
INSERT INTO casj_calendario_reunion_mes (id_club, id_grupo, isbn, fecha_reunion, id_miembro_moderador, fecha_asignacion, conclusiones, valoracion_final, realizada, ultima_reunion) VALUES (3, 3, '978-0-394-71772-1', TO_DATE('2026-04-15', 'YYYY-MM-DD'), 33, TO_DATE('2024-12-14', 'YYYY-MM-DD'), NULL, NULL, 'S', 'N');
INSERT INTO casj_calendario_reunion_mes (id_club, id_grupo, isbn, fecha_reunion, id_miembro_moderador, fecha_asignacion, conclusiones, valoracion_final, realizada, ultima_reunion) VALUES (3, 3, '978-0-394-71772-1', TO_DATE('2026-04-22', 'YYYY-MM-DD'), 33, TO_DATE('2024-12-14', 'YYYY-MM-DD'), 'Discusion completada satisfactoriamente', 5, 'S', 'S');
INSERT INTO casj_calendario_reunion_mes (id_club, id_grupo, isbn, fecha_reunion, id_miembro_moderador, fecha_asignacion, conclusiones, valoracion_final, realizada, ultima_reunion) VALUES (4, 1, '978-84-376-0310-6', TO_DATE('2024-05-08', 'YYYY-MM-DD'), 37, TO_DATE('2023-05-27', 'YYYY-MM-DD'), NULL, NULL, 'S', 'N');
INSERT INTO casj_calendario_reunion_mes (id_club, id_grupo, isbn, fecha_reunion, id_miembro_moderador, fecha_asignacion, conclusiones, valoracion_final, realizada, ultima_reunion) VALUES (4, 1, '978-84-376-0310-6', TO_DATE('2024-06-02', 'YYYY-MM-DD'), 37, TO_DATE('2023-05-27', 'YYYY-MM-DD'), 'Discusion completada satisfactoriamente', 5, 'S', 'S');
INSERT INTO casj_calendario_reunion_mes (id_club, id_grupo, isbn, fecha_reunion, id_miembro_moderador, fecha_asignacion, conclusiones, valoracion_final, realizada, ultima_reunion) VALUES (4, 1, '978-84-206-3524-3', TO_DATE('2024-06-26', 'YYYY-MM-DD'), 37, TO_DATE('2023-05-27', 'YYYY-MM-DD'), NULL, NULL, 'S', 'N');
INSERT INTO casj_calendario_reunion_mes (id_club, id_grupo, isbn, fecha_reunion, id_miembro_moderador, fecha_asignacion, conclusiones, valoracion_final, realizada, ultima_reunion) VALUES (4, 1, '978-84-206-3524-3', TO_DATE('2024-07-17', 'YYYY-MM-DD'), 37, TO_DATE('2023-05-27', 'YYYY-MM-DD'), 'Discusion completada satisfactoriamente', 4, 'S', 'S');
INSERT INTO casj_calendario_reunion_mes (id_club, id_grupo, isbn, fecha_reunion, id_miembro_moderador, fecha_asignacion, conclusiones, valoracion_final, realizada, ultima_reunion) VALUES (4, 1, '978-0-345-33570-1', TO_DATE('2024-08-09', 'YYYY-MM-DD'), 37, TO_DATE('2023-05-27', 'YYYY-MM-DD'), NULL, NULL, 'S', 'N');
INSERT INTO casj_calendario_reunion_mes (id_club, id_grupo, isbn, fecha_reunion, id_miembro_moderador, fecha_asignacion, conclusiones, valoracion_final, realizada, ultima_reunion) VALUES (4, 1, '978-0-345-33570-1', TO_DATE('2024-09-08', 'YYYY-MM-DD'), 37, TO_DATE('2023-05-27', 'YYYY-MM-DD'), 'Discusion completada satisfactoriamente', 5, 'S', 'S');
INSERT INTO casj_calendario_reunion_mes (id_club, id_grupo, isbn, fecha_reunion, id_miembro_moderador, fecha_asignacion, conclusiones, valoracion_final, realizada, ultima_reunion) VALUES (4, 1, '978-0-446-52080-1', TO_DATE('2024-10-02', 'YYYY-MM-DD'), 37, TO_DATE('2023-05-27', 'YYYY-MM-DD'), NULL, NULL, 'S', 'N');
INSERT INTO casj_calendario_reunion_mes (id_club, id_grupo, isbn, fecha_reunion, id_miembro_moderador, fecha_asignacion, conclusiones, valoracion_final, realizada, ultima_reunion) VALUES (4, 1, '978-0-446-52080-1', TO_DATE('2024-10-24', 'YYYY-MM-DD'), 37, TO_DATE('2023-05-27', 'YYYY-MM-DD'), 'Discusion completada satisfactoriamente', 5, 'S', 'S');
INSERT INTO casj_calendario_reunion_mes (id_club, id_grupo, isbn, fecha_reunion, id_miembro_moderador, fecha_asignacion, conclusiones, valoracion_final, realizada, ultima_reunion) VALUES (4, 1, '978-3-630-87214-1', TO_DATE('2024-11-17', 'YYYY-MM-DD'), 37, TO_DATE('2023-05-27', 'YYYY-MM-DD'), NULL, NULL, 'S', 'N');
INSERT INTO casj_calendario_reunion_mes (id_club, id_grupo, isbn, fecha_reunion, id_miembro_moderador, fecha_asignacion, conclusiones, valoracion_final, realizada, ultima_reunion) VALUES (4, 1, '978-3-630-87214-1', TO_DATE('2024-12-16', 'YYYY-MM-DD'), 37, TO_DATE('2023-05-27', 'YYYY-MM-DD'), 'Discusion completada satisfactoriamente', 5, 'S', 'S');
INSERT INTO casj_calendario_reunion_mes (id_club, id_grupo, isbn, fecha_reunion, id_miembro_moderador, fecha_asignacion, conclusiones, valoracion_final, realizada, ultima_reunion) VALUES (4, 1, '978-0-345-33568-8', TO_DATE('2025-01-06', 'YYYY-MM-DD'), 37, TO_DATE('2023-05-27', 'YYYY-MM-DD'), NULL, NULL, 'S', 'N');
INSERT INTO casj_calendario_reunion_mes (id_club, id_grupo, isbn, fecha_reunion, id_miembro_moderador, fecha_asignacion, conclusiones, valoracion_final, realizada, ultima_reunion) VALUES (4, 1, '978-0-345-33568-8', TO_DATE('2025-02-03', 'YYYY-MM-DD'), 37, TO_DATE('2023-05-27', 'YYYY-MM-DD'), 'Discusion completada satisfactoriamente', 5, 'S', 'S');
INSERT INTO casj_calendario_reunion_mes (id_club, id_grupo, isbn, fecha_reunion, id_miembro_moderador, fecha_asignacion, conclusiones, valoracion_final, realizada, ultima_reunion) VALUES (4, 1, '978-0-345-33569-5', TO_DATE('2025-02-25', 'YYYY-MM-DD'), 37, TO_DATE('2023-05-27', 'YYYY-MM-DD'), NULL, NULL, 'S', 'N');
INSERT INTO casj_calendario_reunion_mes (id_club, id_grupo, isbn, fecha_reunion, id_miembro_moderador, fecha_asignacion, conclusiones, valoracion_final, realizada, ultima_reunion) VALUES (4, 1, '978-0-345-33569-5', TO_DATE('2025-03-26', 'YYYY-MM-DD'), 37, TO_DATE('2023-05-27', 'YYYY-MM-DD'), 'Discusion completada satisfactoriamente', 5, 'S', 'S');
INSERT INTO casj_calendario_reunion_mes (id_club, id_grupo, isbn, fecha_reunion, id_miembro_moderador, fecha_asignacion, conclusiones, valoracion_final, realizada, ultima_reunion) VALUES (4, 1, '978-84-376-0189-8', TO_DATE('2025-04-17', 'YYYY-MM-DD'), 37, TO_DATE('2023-05-27', 'YYYY-MM-DD'), NULL, NULL, 'S', 'N');
INSERT INTO casj_calendario_reunion_mes (id_club, id_grupo, isbn, fecha_reunion, id_miembro_moderador, fecha_asignacion, conclusiones, valoracion_final, realizada, ultima_reunion) VALUES (4, 1, '978-84-376-0189-8', TO_DATE('2025-05-09', 'YYYY-MM-DD'), 37, TO_DATE('2023-05-27', 'YYYY-MM-DD'), 'Discusion completada satisfactoriamente', 5, 'S', 'S');
INSERT INTO casj_calendario_reunion_mes (id_club, id_grupo, isbn, fecha_reunion, id_miembro_moderador, fecha_asignacion, conclusiones, valoracion_final, realizada, ultima_reunion) VALUES (4, 1, '978-968-16-0474-3', TO_DATE('2025-06-07', 'YYYY-MM-DD'), 37, TO_DATE('2023-05-27', 'YYYY-MM-DD'), NULL, NULL, 'S', 'N');
INSERT INTO casj_calendario_reunion_mes (id_club, id_grupo, isbn, fecha_reunion, id_miembro_moderador, fecha_asignacion, conclusiones, valoracion_final, realizada, ultima_reunion) VALUES (4, 1, '978-968-16-0474-3', TO_DATE('2025-07-06', 'YYYY-MM-DD'), 37, TO_DATE('2023-05-27', 'YYYY-MM-DD'), 'Discusion completada satisfactoriamente', 4, 'S', 'S');
INSERT INTO casj_calendario_reunion_mes (id_club, id_grupo, isbn, fecha_reunion, id_miembro_moderador, fecha_asignacion, conclusiones, valoracion_final, realizada, ultima_reunion) VALUES (4, 1, '978-2-07-040850-4', TO_DATE('2025-08-04', 'YYYY-MM-DD'), 37, TO_DATE('2023-05-27', 'YYYY-MM-DD'), NULL, NULL, 'S', 'N');
INSERT INTO casj_calendario_reunion_mes (id_club, id_grupo, isbn, fecha_reunion, id_miembro_moderador, fecha_asignacion, conclusiones, valoracion_final, realizada, ultima_reunion) VALUES (4, 1, '978-2-07-040850-4', TO_DATE('2025-08-24', 'YYYY-MM-DD'), 37, TO_DATE('2023-05-27', 'YYYY-MM-DD'), 'Discusion completada satisfactoriamente', 3, 'S', 'S');
INSERT INTO casj_calendario_reunion_mes (id_club, id_grupo, isbn, fecha_reunion, id_miembro_moderador, fecha_asignacion, conclusiones, valoracion_final, realizada, ultima_reunion) VALUES (4, 1, '978-0-393-31283-7', TO_DATE('2025-09-14', 'YYYY-MM-DD'), 37, TO_DATE('2023-05-27', 'YYYY-MM-DD'), NULL, NULL, 'S', 'N');
INSERT INTO casj_calendario_reunion_mes (id_club, id_grupo, isbn, fecha_reunion, id_miembro_moderador, fecha_asignacion, conclusiones, valoracion_final, realizada, ultima_reunion) VALUES (4, 1, '978-0-393-31283-7', TO_DATE('2025-10-04', 'YYYY-MM-DD'), 37, TO_DATE('2023-05-27', 'YYYY-MM-DD'), 'Discusion completada satisfactoriamente', 5, 'S', 'S');
INSERT INTO casj_calendario_reunion_mes (id_club, id_grupo, isbn, fecha_reunion, id_miembro_moderador, fecha_asignacion, conclusiones, valoracion_final, realizada, ultima_reunion) VALUES (4, 1, '978-0-14-241037-2', TO_DATE('2025-11-02', 'YYYY-MM-DD'), 37, TO_DATE('2023-05-27', 'YYYY-MM-DD'), NULL, NULL, 'S', 'N');
INSERT INTO casj_calendario_reunion_mes (id_club, id_grupo, isbn, fecha_reunion, id_miembro_moderador, fecha_asignacion, conclusiones, valoracion_final, realizada, ultima_reunion) VALUES (4, 1, '978-0-14-241037-2', TO_DATE('2025-11-26', 'YYYY-MM-DD'), 37, TO_DATE('2023-05-27', 'YYYY-MM-DD'), 'Discusion completada satisfactoriamente', 5, 'S', 'S');
INSERT INTO casj_calendario_reunion_mes (id_club, id_grupo, isbn, fecha_reunion, id_miembro_moderador, fecha_asignacion, conclusiones, valoracion_final, realizada, ultima_reunion) VALUES (4, 1, '978-84-206-3532-8', TO_DATE('2025-12-19', 'YYYY-MM-DD'), 37, TO_DATE('2023-05-27', 'YYYY-MM-DD'), NULL, NULL, 'S', 'N');
INSERT INTO casj_calendario_reunion_mes (id_club, id_grupo, isbn, fecha_reunion, id_miembro_moderador, fecha_asignacion, conclusiones, valoracion_final, realizada, ultima_reunion) VALUES (4, 1, '978-84-206-3532-8', TO_DATE('2026-01-17', 'YYYY-MM-DD'), 37, TO_DATE('2023-05-27', 'YYYY-MM-DD'), 'Discusion completada satisfactoriamente', 4, 'S', 'S');
INSERT INTO casj_calendario_reunion_mes (id_club, id_grupo, isbn, fecha_reunion, id_miembro_moderador, fecha_asignacion, conclusiones, valoracion_final, realizada, ultima_reunion) VALUES (4, 1, '978-83-7506-289-7', TO_DATE('2026-01-24', 'YYYY-MM-DD'), 37, TO_DATE('2023-05-27', 'YYYY-MM-DD'), NULL, NULL, 'S', 'N');
INSERT INTO casj_calendario_reunion_mes (id_club, id_grupo, isbn, fecha_reunion, id_miembro_moderador, fecha_asignacion, conclusiones, valoracion_final, realizada, ultima_reunion) VALUES (4, 1, '978-83-7506-289-7', TO_DATE('2026-01-31', 'YYYY-MM-DD'), 37, TO_DATE('2023-05-27', 'YYYY-MM-DD'), NULL, NULL, 'S', 'N');
INSERT INTO casj_calendario_reunion_mes (id_club, id_grupo, isbn, fecha_reunion, id_miembro_moderador, fecha_asignacion, conclusiones, valoracion_final, realizada, ultima_reunion) VALUES (4, 1, '978-83-7506-289-7', TO_DATE('2026-02-07', 'YYYY-MM-DD'), 37, TO_DATE('2023-05-27', 'YYYY-MM-DD'), NULL, NULL, 'S', 'N');
INSERT INTO casj_calendario_reunion_mes (id_club, id_grupo, isbn, fecha_reunion, id_miembro_moderador, fecha_asignacion, conclusiones, valoracion_final, realizada, ultima_reunion) VALUES (4, 1, '978-83-7506-289-7', TO_DATE('2026-02-14', 'YYYY-MM-DD'), 37, TO_DATE('2023-05-27', 'YYYY-MM-DD'), 'Discusion completada satisfactoriamente', 5, 'S', 'S');
INSERT INTO casj_calendario_reunion_mes (id_club, id_grupo, isbn, fecha_reunion, id_miembro_moderador, fecha_asignacion, conclusiones, valoracion_final, realizada, ultima_reunion) VALUES (4, 2, '978-0-14-241037-2', TO_DATE('2024-11-26', 'YYYY-MM-DD'), 41, TO_DATE('2023-11-24', 'YYYY-MM-DD'), NULL, NULL, 'S', 'N');
INSERT INTO casj_calendario_reunion_mes (id_club, id_grupo, isbn, fecha_reunion, id_miembro_moderador, fecha_asignacion, conclusiones, valoracion_final, realizada, ultima_reunion) VALUES (4, 2, '978-0-14-241037-2', TO_DATE('2024-12-26', 'YYYY-MM-DD'), 41, TO_DATE('2023-11-24', 'YYYY-MM-DD'), 'Discusion completada satisfactoriamente', 4, 'S', 'S');
INSERT INTO casj_calendario_reunion_mes (id_club, id_grupo, isbn, fecha_reunion, id_miembro_moderador, fecha_asignacion, conclusiones, valoracion_final, realizada, ultima_reunion) VALUES (4, 2, '978-84-206-3532-8', TO_DATE('2025-01-19', 'YYYY-MM-DD'), 41, TO_DATE('2023-11-24', 'YYYY-MM-DD'), NULL, NULL, 'S', 'N');
INSERT INTO casj_calendario_reunion_mes (id_club, id_grupo, isbn, fecha_reunion, id_miembro_moderador, fecha_asignacion, conclusiones, valoracion_final, realizada, ultima_reunion) VALUES (4, 2, '978-84-206-3532-8', TO_DATE('2025-02-15', 'YYYY-MM-DD'), 41, TO_DATE('2023-11-24', 'YYYY-MM-DD'), 'Discusion completada satisfactoriamente', 3, 'S', 'S');
INSERT INTO casj_calendario_reunion_mes (id_club, id_grupo, isbn, fecha_reunion, id_miembro_moderador, fecha_asignacion, conclusiones, valoracion_final, realizada, ultima_reunion) VALUES (4, 2, '978-0-19-283477-8', TO_DATE('2025-03-07', 'YYYY-MM-DD'), 41, TO_DATE('2023-11-24', 'YYYY-MM-DD'), NULL, NULL, 'S', 'N');
INSERT INTO casj_calendario_reunion_mes (id_club, id_grupo, isbn, fecha_reunion, id_miembro_moderador, fecha_asignacion, conclusiones, valoracion_final, realizada, ultima_reunion) VALUES (4, 2, '978-0-19-283477-8', TO_DATE('2025-03-29', 'YYYY-MM-DD'), 41, TO_DATE('2023-11-24', 'YYYY-MM-DD'), 'Discusion completada satisfactoriamente', 4, 'S', 'S');
INSERT INTO casj_calendario_reunion_mes (id_club, id_grupo, isbn, fecha_reunion, id_miembro_moderador, fecha_asignacion, conclusiones, valoracion_final, realizada, ultima_reunion) VALUES (4, 2, '978-3-630-87214-1', TO_DATE('2025-04-24', 'YYYY-MM-DD'), 41, TO_DATE('2023-11-24', 'YYYY-MM-DD'), NULL, NULL, 'S', 'N');
INSERT INTO casj_calendario_reunion_mes (id_club, id_grupo, isbn, fecha_reunion, id_miembro_moderador, fecha_asignacion, conclusiones, valoracion_final, realizada, ultima_reunion) VALUES (4, 2, '978-3-630-87214-1', TO_DATE('2025-05-21', 'YYYY-MM-DD'), 41, TO_DATE('2023-11-24', 'YYYY-MM-DD'), 'Discusion completada satisfactoriamente', 4, 'S', 'S');
INSERT INTO casj_calendario_reunion_mes (id_club, id_grupo, isbn, fecha_reunion, id_miembro_moderador, fecha_asignacion, conclusiones, valoracion_final, realizada, ultima_reunion) VALUES (4, 2, '978-0-394-71772-1', TO_DATE('2025-06-13', 'YYYY-MM-DD'), 41, TO_DATE('2023-11-24', 'YYYY-MM-DD'), NULL, NULL, 'S', 'N');
INSERT INTO casj_calendario_reunion_mes (id_club, id_grupo, isbn, fecha_reunion, id_miembro_moderador, fecha_asignacion, conclusiones, valoracion_final, realizada, ultima_reunion) VALUES (4, 2, '978-0-394-71772-1', TO_DATE('2025-07-08', 'YYYY-MM-DD'), 41, TO_DATE('2023-11-24', 'YYYY-MM-DD'), 'Discusion completada satisfactoriamente', 5, 'S', 'S');
INSERT INTO casj_calendario_reunion_mes (id_club, id_grupo, isbn, fecha_reunion, id_miembro_moderador, fecha_asignacion, conclusiones, valoracion_final, realizada, ultima_reunion) VALUES (4, 2, '978-968-16-0474-3', TO_DATE('2025-07-30', 'YYYY-MM-DD'), 41, TO_DATE('2023-11-24', 'YYYY-MM-DD'), NULL, NULL, 'S', 'N');
INSERT INTO casj_calendario_reunion_mes (id_club, id_grupo, isbn, fecha_reunion, id_miembro_moderador, fecha_asignacion, conclusiones, valoracion_final, realizada, ultima_reunion) VALUES (4, 2, '978-968-16-0474-3', TO_DATE('2025-08-24', 'YYYY-MM-DD'), 41, TO_DATE('2023-11-24', 'YYYY-MM-DD'), 'Discusion completada satisfactoriamente', 5, 'S', 'S');
INSERT INTO casj_calendario_reunion_mes (id_club, id_grupo, isbn, fecha_reunion, id_miembro_moderador, fecha_asignacion, conclusiones, valoracion_final, realizada, ultima_reunion) VALUES (4, 2, '978-84-376-0189-8', TO_DATE('2025-09-18', 'YYYY-MM-DD'), 41, TO_DATE('2023-11-24', 'YYYY-MM-DD'), NULL, NULL, 'S', 'N');
INSERT INTO casj_calendario_reunion_mes (id_club, id_grupo, isbn, fecha_reunion, id_miembro_moderador, fecha_asignacion, conclusiones, valoracion_final, realizada, ultima_reunion) VALUES (4, 2, '978-84-376-0189-8', TO_DATE('2025-10-13', 'YYYY-MM-DD'), 41, TO_DATE('2023-11-24', 'YYYY-MM-DD'), 'Discusion completada satisfactoriamente', 4, 'S', 'S');
INSERT INTO casj_calendario_reunion_mes (id_club, id_grupo, isbn, fecha_reunion, id_miembro_moderador, fecha_asignacion, conclusiones, valoracion_final, realizada, ultima_reunion) VALUES (4, 2, '978-2-07-040850-4', TO_DATE('2025-11-04', 'YYYY-MM-DD'), 41, TO_DATE('2023-11-24', 'YYYY-MM-DD'), NULL, NULL, 'S', 'N');
INSERT INTO casj_calendario_reunion_mes (id_club, id_grupo, isbn, fecha_reunion, id_miembro_moderador, fecha_asignacion, conclusiones, valoracion_final, realizada, ultima_reunion) VALUES (4, 2, '978-2-07-040850-4', TO_DATE('2025-11-29', 'YYYY-MM-DD'), 41, TO_DATE('2023-11-24', 'YYYY-MM-DD'), 'Discusion completada satisfactoriamente', 5, 'S', 'S');
INSERT INTO casj_calendario_reunion_mes (id_club, id_grupo, isbn, fecha_reunion, id_miembro_moderador, fecha_asignacion, conclusiones, valoracion_final, realizada, ultima_reunion) VALUES (4, 2, '978-83-7506-289-7', TO_DATE('2025-12-27', 'YYYY-MM-DD'), 41, TO_DATE('2023-11-24', 'YYYY-MM-DD'), NULL, NULL, 'S', 'N');
INSERT INTO casj_calendario_reunion_mes (id_club, id_grupo, isbn, fecha_reunion, id_miembro_moderador, fecha_asignacion, conclusiones, valoracion_final, realizada, ultima_reunion) VALUES (4, 2, '978-83-7506-289-7', TO_DATE('2026-01-17', 'YYYY-MM-DD'), 41, TO_DATE('2023-11-24', 'YYYY-MM-DD'), 'Discusion completada satisfactoriamente', 4, 'S', 'S');
INSERT INTO casj_calendario_reunion_mes (id_club, id_grupo, isbn, fecha_reunion, id_miembro_moderador, fecha_asignacion, conclusiones, valoracion_final, realizada, ultima_reunion) VALUES (4, 2, '978-0-446-52080-1', TO_DATE('2026-01-24', 'YYYY-MM-DD'), 41, TO_DATE('2023-11-24', 'YYYY-MM-DD'), NULL, NULL, 'S', 'N');
INSERT INTO casj_calendario_reunion_mes (id_club, id_grupo, isbn, fecha_reunion, id_miembro_moderador, fecha_asignacion, conclusiones, valoracion_final, realizada, ultima_reunion) VALUES (4, 2, '978-0-446-52080-1', TO_DATE('2026-01-31', 'YYYY-MM-DD'), 41, TO_DATE('2023-11-24', 'YYYY-MM-DD'), NULL, NULL, 'S', 'N');
INSERT INTO casj_calendario_reunion_mes (id_club, id_grupo, isbn, fecha_reunion, id_miembro_moderador, fecha_asignacion, conclusiones, valoracion_final, realizada, ultima_reunion) VALUES (4, 2, '978-0-446-52080-1', TO_DATE('2026-02-07', 'YYYY-MM-DD'), 41, TO_DATE('2023-11-24', 'YYYY-MM-DD'), NULL, NULL, 'S', 'N');
INSERT INTO casj_calendario_reunion_mes (id_club, id_grupo, isbn, fecha_reunion, id_miembro_moderador, fecha_asignacion, conclusiones, valoracion_final, realizada, ultima_reunion) VALUES (4, 2, '978-0-446-52080-1', TO_DATE('2026-02-14', 'YYYY-MM-DD'), 41, TO_DATE('2023-11-24', 'YYYY-MM-DD'), 'Discusion completada satisfactoriamente', 3, 'S', 'S');
INSERT INTO casj_calendario_reunion_mes (id_club, id_grupo, isbn, fecha_reunion, id_miembro_moderador, fecha_asignacion, conclusiones, valoracion_final, realizada, ultima_reunion) VALUES (4, 3, '978-83-7506-289-7', TO_DATE('2025-03-20', 'YYYY-MM-DD'), 45, TO_DATE('2025-02-15', 'YYYY-MM-DD'), NULL, NULL, 'S', 'N');
INSERT INTO casj_calendario_reunion_mes (id_club, id_grupo, isbn, fecha_reunion, id_miembro_moderador, fecha_asignacion, conclusiones, valoracion_final, realizada, ultima_reunion) VALUES (4, 3, '978-83-7506-289-7', TO_DATE('2025-04-14', 'YYYY-MM-DD'), 45, TO_DATE('2025-02-15', 'YYYY-MM-DD'), 'Discusion completada satisfactoriamente', 5, 'S', 'S');
INSERT INTO casj_calendario_reunion_mes (id_club, id_grupo, isbn, fecha_reunion, id_miembro_moderador, fecha_asignacion, conclusiones, valoracion_final, realizada, ultima_reunion) VALUES (4, 3, '978-0-394-71772-1', TO_DATE('2025-05-09', 'YYYY-MM-DD'), 45, TO_DATE('2025-02-15', 'YYYY-MM-DD'), NULL, NULL, 'S', 'N');
INSERT INTO casj_calendario_reunion_mes (id_club, id_grupo, isbn, fecha_reunion, id_miembro_moderador, fecha_asignacion, conclusiones, valoracion_final, realizada, ultima_reunion) VALUES (4, 3, '978-0-394-71772-1', TO_DATE('2025-06-01', 'YYYY-MM-DD'), 45, TO_DATE('2025-02-15', 'YYYY-MM-DD'), 'Discusion completada satisfactoriamente', 3, 'S', 'S');
INSERT INTO casj_calendario_reunion_mes (id_club, id_grupo, isbn, fecha_reunion, id_miembro_moderador, fecha_asignacion, conclusiones, valoracion_final, realizada, ultima_reunion) VALUES (4, 3, '978-2-07-040850-4', TO_DATE('2025-06-28', 'YYYY-MM-DD'), 45, TO_DATE('2025-02-15', 'YYYY-MM-DD'), NULL, NULL, 'S', 'N');
INSERT INTO casj_calendario_reunion_mes (id_club, id_grupo, isbn, fecha_reunion, id_miembro_moderador, fecha_asignacion, conclusiones, valoracion_final, realizada, ultima_reunion) VALUES (4, 3, '978-2-07-040850-4', TO_DATE('2025-07-26', 'YYYY-MM-DD'), 45, TO_DATE('2025-02-15', 'YYYY-MM-DD'), 'Discusion completada satisfactoriamente', 4, 'S', 'S');
INSERT INTO casj_calendario_reunion_mes (id_club, id_grupo, isbn, fecha_reunion, id_miembro_moderador, fecha_asignacion, conclusiones, valoracion_final, realizada, ultima_reunion) VALUES (4, 3, '978-0-14-241037-2', TO_DATE('2025-08-22', 'YYYY-MM-DD'), 45, TO_DATE('2025-02-15', 'YYYY-MM-DD'), NULL, NULL, 'S', 'N');
INSERT INTO casj_calendario_reunion_mes (id_club, id_grupo, isbn, fecha_reunion, id_miembro_moderador, fecha_asignacion, conclusiones, valoracion_final, realizada, ultima_reunion) VALUES (4, 3, '978-0-14-241037-2', TO_DATE('2025-09-15', 'YYYY-MM-DD'), 45, TO_DATE('2025-02-15', 'YYYY-MM-DD'), 'Discusion completada satisfactoriamente', 4, 'S', 'S');
INSERT INTO casj_calendario_reunion_mes (id_club, id_grupo, isbn, fecha_reunion, id_miembro_moderador, fecha_asignacion, conclusiones, valoracion_final, realizada, ultima_reunion) VALUES (4, 3, '978-0-345-33570-1', TO_DATE('2025-10-05', 'YYYY-MM-DD'), 45, TO_DATE('2025-02-15', 'YYYY-MM-DD'), NULL, NULL, 'S', 'N');
INSERT INTO casj_calendario_reunion_mes (id_club, id_grupo, isbn, fecha_reunion, id_miembro_moderador, fecha_asignacion, conclusiones, valoracion_final, realizada, ultima_reunion) VALUES (4, 3, '978-0-345-33570-1', TO_DATE('2025-10-26', 'YYYY-MM-DD'), 45, TO_DATE('2025-02-15', 'YYYY-MM-DD'), 'Discusion completada satisfactoriamente', 4, 'S', 'S');
INSERT INTO casj_calendario_reunion_mes (id_club, id_grupo, isbn, fecha_reunion, id_miembro_moderador, fecha_asignacion, conclusiones, valoracion_final, realizada, ultima_reunion) VALUES (4, 3, '978-0-345-33569-5', TO_DATE('2025-11-23', 'YYYY-MM-DD'), 45, TO_DATE('2025-02-15', 'YYYY-MM-DD'), NULL, NULL, 'S', 'N');
INSERT INTO casj_calendario_reunion_mes (id_club, id_grupo, isbn, fecha_reunion, id_miembro_moderador, fecha_asignacion, conclusiones, valoracion_final, realizada, ultima_reunion) VALUES (4, 3, '978-0-345-33569-5', TO_DATE('2025-12-20', 'YYYY-MM-DD'), 45, TO_DATE('2025-02-15', 'YYYY-MM-DD'), 'Discusion completada satisfactoriamente', 3, 'S', 'S');
INSERT INTO casj_calendario_reunion_mes (id_club, id_grupo, isbn, fecha_reunion, id_miembro_moderador, fecha_asignacion, conclusiones, valoracion_final, realizada, ultima_reunion) VALUES (4, 3, '978-0-345-33568-8', TO_DATE('2026-01-12', 'YYYY-MM-DD'), 45, TO_DATE('2025-02-15', 'YYYY-MM-DD'), NULL, NULL, 'S', 'N');
INSERT INTO casj_calendario_reunion_mes (id_club, id_grupo, isbn, fecha_reunion, id_miembro_moderador, fecha_asignacion, conclusiones, valoracion_final, realizada, ultima_reunion) VALUES (4, 3, '978-0-345-33568-8', TO_DATE('2026-01-19', 'YYYY-MM-DD'), 45, TO_DATE('2025-02-15', 'YYYY-MM-DD'), NULL, NULL, 'S', 'N');
INSERT INTO casj_calendario_reunion_mes (id_club, id_grupo, isbn, fecha_reunion, id_miembro_moderador, fecha_asignacion, conclusiones, valoracion_final, realizada, ultima_reunion) VALUES (4, 3, '978-0-345-33568-8', TO_DATE('2026-01-26', 'YYYY-MM-DD'), 45, TO_DATE('2025-02-15', 'YYYY-MM-DD'), NULL, NULL, 'S', 'N');
INSERT INTO casj_calendario_reunion_mes (id_club, id_grupo, isbn, fecha_reunion, id_miembro_moderador, fecha_asignacion, conclusiones, valoracion_final, realizada, ultima_reunion) VALUES (4, 3, '978-0-345-33568-8', TO_DATE('2026-02-02', 'YYYY-MM-DD'), 45, TO_DATE('2025-02-15', 'YYYY-MM-DD'), 'Discusion completada satisfactoriamente', 5, 'S', 'S');
INSERT INTO casj_calendario_reunion_mes (id_club, id_grupo, isbn, fecha_reunion, id_miembro_moderador, fecha_asignacion, conclusiones, valoracion_final, realizada, ultima_reunion) VALUES (4, 3, '978-84-206-3532-8', TO_DATE('2026-02-09', 'YYYY-MM-DD'), 45, TO_DATE('2025-02-15', 'YYYY-MM-DD'), NULL, NULL, 'S', 'N');
INSERT INTO casj_calendario_reunion_mes (id_club, id_grupo, isbn, fecha_reunion, id_miembro_moderador, fecha_asignacion, conclusiones, valoracion_final, realizada, ultima_reunion) VALUES (4, 3, '978-84-206-3532-8', TO_DATE('2026-02-16', 'YYYY-MM-DD'), 45, TO_DATE('2025-02-15', 'YYYY-MM-DD'), NULL, NULL, 'S', 'N');
INSERT INTO casj_calendario_reunion_mes (id_club, id_grupo, isbn, fecha_reunion, id_miembro_moderador, fecha_asignacion, conclusiones, valoracion_final, realizada, ultima_reunion) VALUES (4, 3, '978-84-206-3532-8', TO_DATE('2026-02-23', 'YYYY-MM-DD'), 45, TO_DATE('2025-02-15', 'YYYY-MM-DD'), NULL, NULL, 'S', 'N');
INSERT INTO casj_calendario_reunion_mes (id_club, id_grupo, isbn, fecha_reunion, id_miembro_moderador, fecha_asignacion, conclusiones, valoracion_final, realizada, ultima_reunion) VALUES (4, 3, '978-84-206-3532-8', TO_DATE('2026-03-02', 'YYYY-MM-DD'), 45, TO_DATE('2025-02-15', 'YYYY-MM-DD'), 'Discusion completada satisfactoriamente', 4, 'S', 'S');
INSERT INTO casj_calendario_reunion_mes (id_club, id_grupo, isbn, fecha_reunion, id_miembro_moderador, fecha_asignacion, conclusiones, valoracion_final, realizada, ultima_reunion) VALUES (4, 3, '978-0-446-52080-1', TO_DATE('2026-03-09', 'YYYY-MM-DD'), 45, TO_DATE('2025-02-15', 'YYYY-MM-DD'), NULL, NULL, 'S', 'N');
INSERT INTO casj_calendario_reunion_mes (id_club, id_grupo, isbn, fecha_reunion, id_miembro_moderador, fecha_asignacion, conclusiones, valoracion_final, realizada, ultima_reunion) VALUES (4, 3, '978-0-446-52080-1', TO_DATE('2026-03-16', 'YYYY-MM-DD'), 45, TO_DATE('2025-02-15', 'YYYY-MM-DD'), NULL, NULL, 'S', 'N');
INSERT INTO casj_calendario_reunion_mes (id_club, id_grupo, isbn, fecha_reunion, id_miembro_moderador, fecha_asignacion, conclusiones, valoracion_final, realizada, ultima_reunion) VALUES (4, 3, '978-0-446-52080-1', TO_DATE('2026-03-23', 'YYYY-MM-DD'), 45, TO_DATE('2025-02-15', 'YYYY-MM-DD'), NULL, NULL, 'S', 'N');
INSERT INTO casj_calendario_reunion_mes (id_club, id_grupo, isbn, fecha_reunion, id_miembro_moderador, fecha_asignacion, conclusiones, valoracion_final, realizada, ultima_reunion) VALUES (4, 3, '978-0-446-52080-1', TO_DATE('2026-03-30', 'YYYY-MM-DD'), 45, TO_DATE('2025-02-15', 'YYYY-MM-DD'), 'Discusion completada satisfactoriamente', 3, 'S', 'S');
INSERT INTO casj_calendario_reunion_mes (id_club, id_grupo, isbn, fecha_reunion, id_miembro_moderador, fecha_asignacion, conclusiones, valoracion_final, realizada, ultima_reunion) VALUES (4, 3, '978-968-16-0474-3', TO_DATE('2026-04-06', 'YYYY-MM-DD'), 45, TO_DATE('2025-02-15', 'YYYY-MM-DD'), NULL, NULL, 'S', 'N');
INSERT INTO casj_calendario_reunion_mes (id_club, id_grupo, isbn, fecha_reunion, id_miembro_moderador, fecha_asignacion, conclusiones, valoracion_final, realizada, ultima_reunion) VALUES (4, 3, '978-968-16-0474-3', TO_DATE('2026-04-13', 'YYYY-MM-DD'), 45, TO_DATE('2025-02-15', 'YYYY-MM-DD'), NULL, NULL, 'S', 'N');
INSERT INTO casj_calendario_reunion_mes (id_club, id_grupo, isbn, fecha_reunion, id_miembro_moderador, fecha_asignacion, conclusiones, valoracion_final, realizada, ultima_reunion) VALUES (4, 3, '978-968-16-0474-3', TO_DATE('2026-04-20', 'YYYY-MM-DD'), 45, TO_DATE('2025-02-15', 'YYYY-MM-DD'), NULL, NULL, 'S', 'N');
INSERT INTO casj_calendario_reunion_mes (id_club, id_grupo, isbn, fecha_reunion, id_miembro_moderador, fecha_asignacion, conclusiones, valoracion_final, realizada, ultima_reunion) VALUES (4, 3, '978-968-16-0474-3', TO_DATE('2026-04-27', 'YYYY-MM-DD'), 45, TO_DATE('2025-02-15', 'YYYY-MM-DD'), 'Discusion completada satisfactoriamente', 3, 'S', 'S');
INSERT INTO casj_calendario_reunion_mes (id_club, id_grupo, isbn, fecha_reunion, id_miembro_moderador, fecha_asignacion, conclusiones, valoracion_final, realizada, ultima_reunion) VALUES (4, 3, '978-3-630-87214-1', TO_DATE('2026-05-04', 'YYYY-MM-DD'), 45, TO_DATE('2025-02-15', 'YYYY-MM-DD'), NULL, NULL, 'S', 'N');
INSERT INTO casj_calendario_reunion_mes (id_club, id_grupo, isbn, fecha_reunion, id_miembro_moderador, fecha_asignacion, conclusiones, valoracion_final, realizada, ultima_reunion) VALUES (4, 3, '978-3-630-87214-1', TO_DATE('2026-05-11', 'YYYY-MM-DD'), 45, TO_DATE('2025-02-15', 'YYYY-MM-DD'), NULL, NULL, 'S', 'N');
INSERT INTO casj_calendario_reunion_mes (id_club, id_grupo, isbn, fecha_reunion, id_miembro_moderador, fecha_asignacion, conclusiones, valoracion_final, realizada, ultima_reunion) VALUES (4, 3, '978-3-630-87214-1', TO_DATE('2026-05-18', 'YYYY-MM-DD'), 45, TO_DATE('2025-02-15', 'YYYY-MM-DD'), NULL, NULL, 'S', 'N');
INSERT INTO casj_calendario_reunion_mes (id_club, id_grupo, isbn, fecha_reunion, id_miembro_moderador, fecha_asignacion, conclusiones, valoracion_final, realizada, ultima_reunion) VALUES (4, 3, '978-3-630-87214-1', TO_DATE('2026-05-25', 'YYYY-MM-DD'), 45, TO_DATE('2025-02-15', 'YYYY-MM-DD'), 'Discusion completada satisfactoriamente', 4, 'S', 'S');
INSERT INTO casj_calendario_reunion_mes (id_club, id_grupo, isbn, fecha_reunion, id_miembro_moderador, fecha_asignacion, conclusiones, valoracion_final, realizada, ultima_reunion) VALUES (4, 3, '978-84-206-3524-3', TO_DATE('2026-06-01', 'YYYY-MM-DD'), 45, TO_DATE('2025-02-15', 'YYYY-MM-DD'), NULL, NULL, 'S', 'N');
INSERT INTO casj_calendario_reunion_mes (id_club, id_grupo, isbn, fecha_reunion, id_miembro_moderador, fecha_asignacion, conclusiones, valoracion_final, realizada, ultima_reunion) VALUES (4, 3, '978-84-206-3524-3', TO_DATE('2026-06-08', 'YYYY-MM-DD'), 45, TO_DATE('2025-02-15', 'YYYY-MM-DD'), NULL, NULL, 'S', 'N');
INSERT INTO casj_calendario_reunion_mes (id_club, id_grupo, isbn, fecha_reunion, id_miembro_moderador, fecha_asignacion, conclusiones, valoracion_final, realizada, ultima_reunion) VALUES (5, 1, '978-0-14-241037-2', TO_DATE('2024-11-13', 'YYYY-MM-DD'), 49, TO_DATE('2023-11-08', 'YYYY-MM-DD'), NULL, NULL, 'S', 'N');
INSERT INTO casj_calendario_reunion_mes (id_club, id_grupo, isbn, fecha_reunion, id_miembro_moderador, fecha_asignacion, conclusiones, valoracion_final, realizada, ultima_reunion) VALUES (5, 1, '978-0-14-241037-2', TO_DATE('2024-12-03', 'YYYY-MM-DD'), 49, TO_DATE('2023-11-08', 'YYYY-MM-DD'), 'Discusion completada satisfactoriamente', 5, 'S', 'S');
INSERT INTO casj_calendario_reunion_mes (id_club, id_grupo, isbn, fecha_reunion, id_miembro_moderador, fecha_asignacion, conclusiones, valoracion_final, realizada, ultima_reunion) VALUES (5, 1, '978-0-394-71772-1', TO_DATE('2024-12-31', 'YYYY-MM-DD'), 49, TO_DATE('2023-11-08', 'YYYY-MM-DD'), NULL, NULL, 'S', 'N');
INSERT INTO casj_calendario_reunion_mes (id_club, id_grupo, isbn, fecha_reunion, id_miembro_moderador, fecha_asignacion, conclusiones, valoracion_final, realizada, ultima_reunion) VALUES (5, 1, '978-0-394-71772-1', TO_DATE('2025-01-23', 'YYYY-MM-DD'), 49, TO_DATE('2023-11-08', 'YYYY-MM-DD'), 'Discusion completada satisfactoriamente', 4, 'S', 'S');
INSERT INTO casj_calendario_reunion_mes (id_club, id_grupo, isbn, fecha_reunion, id_miembro_moderador, fecha_asignacion, conclusiones, valoracion_final, realizada, ultima_reunion) VALUES (5, 1, '978-3-630-87214-1', TO_DATE('2025-02-20', 'YYYY-MM-DD'), 49, TO_DATE('2023-11-08', 'YYYY-MM-DD'), NULL, NULL, 'S', 'N');
INSERT INTO casj_calendario_reunion_mes (id_club, id_grupo, isbn, fecha_reunion, id_miembro_moderador, fecha_asignacion, conclusiones, valoracion_final, realizada, ultima_reunion) VALUES (5, 1, '978-3-630-87214-1', TO_DATE('2025-03-16', 'YYYY-MM-DD'), 49, TO_DATE('2023-11-08', 'YYYY-MM-DD'), 'Discusion completada satisfactoriamente', 3, 'S', 'S');
INSERT INTO casj_calendario_reunion_mes (id_club, id_grupo, isbn, fecha_reunion, id_miembro_moderador, fecha_asignacion, conclusiones, valoracion_final, realizada, ultima_reunion) VALUES (5, 1, '978-0-345-33568-8', TO_DATE('2025-04-11', 'YYYY-MM-DD'), 49, TO_DATE('2023-11-08', 'YYYY-MM-DD'), NULL, NULL, 'S', 'N');
INSERT INTO casj_calendario_reunion_mes (id_club, id_grupo, isbn, fecha_reunion, id_miembro_moderador, fecha_asignacion, conclusiones, valoracion_final, realizada, ultima_reunion) VALUES (5, 1, '978-0-345-33568-8', TO_DATE('2025-05-09', 'YYYY-MM-DD'), 49, TO_DATE('2023-11-08', 'YYYY-MM-DD'), 'Discusion completada satisfactoriamente', 4, 'S', 'S');
INSERT INTO casj_calendario_reunion_mes (id_club, id_grupo, isbn, fecha_reunion, id_miembro_moderador, fecha_asignacion, conclusiones, valoracion_final, realizada, ultima_reunion) VALUES (5, 1, '978-0-345-33569-5', TO_DATE('2025-06-06', 'YYYY-MM-DD'), 49, TO_DATE('2023-11-08', 'YYYY-MM-DD'), NULL, NULL, 'S', 'N');
INSERT INTO casj_calendario_reunion_mes (id_club, id_grupo, isbn, fecha_reunion, id_miembro_moderador, fecha_asignacion, conclusiones, valoracion_final, realizada, ultima_reunion) VALUES (5, 1, '978-0-345-33569-5', TO_DATE('2025-06-30', 'YYYY-MM-DD'), 49, TO_DATE('2023-11-08', 'YYYY-MM-DD'), 'Discusion completada satisfactoriamente', 5, 'S', 'S');
INSERT INTO casj_calendario_reunion_mes (id_club, id_grupo, isbn, fecha_reunion, id_miembro_moderador, fecha_asignacion, conclusiones, valoracion_final, realizada, ultima_reunion) VALUES (5, 1, '978-0-446-52080-1', TO_DATE('2025-07-30', 'YYYY-MM-DD'), 49, TO_DATE('2023-11-08', 'YYYY-MM-DD'), NULL, NULL, 'S', 'N');
INSERT INTO casj_calendario_reunion_mes (id_club, id_grupo, isbn, fecha_reunion, id_miembro_moderador, fecha_asignacion, conclusiones, valoracion_final, realizada, ultima_reunion) VALUES (5, 1, '978-0-446-52080-1', TO_DATE('2025-08-28', 'YYYY-MM-DD'), 49, TO_DATE('2023-11-08', 'YYYY-MM-DD'), 'Discusion completada satisfactoriamente', 3, 'S', 'S');
INSERT INTO casj_calendario_reunion_mes (id_club, id_grupo, isbn, fecha_reunion, id_miembro_moderador, fecha_asignacion, conclusiones, valoracion_final, realizada, ultima_reunion) VALUES (5, 1, '978-0-345-33570-1', TO_DATE('2025-09-19', 'YYYY-MM-DD'), 49, TO_DATE('2023-11-08', 'YYYY-MM-DD'), NULL, NULL, 'S', 'N');
INSERT INTO casj_calendario_reunion_mes (id_club, id_grupo, isbn, fecha_reunion, id_miembro_moderador, fecha_asignacion, conclusiones, valoracion_final, realizada, ultima_reunion) VALUES (5, 1, '978-0-345-33570-1', TO_DATE('2025-10-10', 'YYYY-MM-DD'), 49, TO_DATE('2023-11-08', 'YYYY-MM-DD'), 'Discusion completada satisfactoriamente', 4, 'S', 'S');
INSERT INTO casj_calendario_reunion_mes (id_club, id_grupo, isbn, fecha_reunion, id_miembro_moderador, fecha_asignacion, conclusiones, valoracion_final, realizada, ultima_reunion) VALUES (5, 1, '978-84-206-3532-8', TO_DATE('2025-11-04', 'YYYY-MM-DD'), 49, TO_DATE('2023-11-08', 'YYYY-MM-DD'), NULL, NULL, 'S', 'N');
INSERT INTO casj_calendario_reunion_mes (id_club, id_grupo, isbn, fecha_reunion, id_miembro_moderador, fecha_asignacion, conclusiones, valoracion_final, realizada, ultima_reunion) VALUES (5, 1, '978-84-206-3532-8', TO_DATE('2025-11-29', 'YYYY-MM-DD'), 49, TO_DATE('2023-11-08', 'YYYY-MM-DD'), 'Discusion completada satisfactoriamente', 5, 'S', 'S');
INSERT INTO casj_calendario_reunion_mes (id_club, id_grupo, isbn, fecha_reunion, id_miembro_moderador, fecha_asignacion, conclusiones, valoracion_final, realizada, ultima_reunion) VALUES (5, 1, '978-84-376-0310-6', TO_DATE('2025-12-24', 'YYYY-MM-DD'), 49, TO_DATE('2023-11-08', 'YYYY-MM-DD'), NULL, NULL, 'S', 'N');
INSERT INTO casj_calendario_reunion_mes (id_club, id_grupo, isbn, fecha_reunion, id_miembro_moderador, fecha_asignacion, conclusiones, valoracion_final, realizada, ultima_reunion) VALUES (5, 1, '978-84-376-0310-6', TO_DATE('2026-01-15', 'YYYY-MM-DD'), 49, TO_DATE('2023-11-08', 'YYYY-MM-DD'), 'Discusion completada satisfactoriamente', 3, 'S', 'S');
INSERT INTO casj_calendario_reunion_mes (id_club, id_grupo, isbn, fecha_reunion, id_miembro_moderador, fecha_asignacion, conclusiones, valoracion_final, realizada, ultima_reunion) VALUES (5, 1, '978-0-19-283477-8', TO_DATE('2026-01-22', 'YYYY-MM-DD'), 49, TO_DATE('2023-11-08', 'YYYY-MM-DD'), NULL, NULL, 'S', 'N');
INSERT INTO casj_calendario_reunion_mes (id_club, id_grupo, isbn, fecha_reunion, id_miembro_moderador, fecha_asignacion, conclusiones, valoracion_final, realizada, ultima_reunion) VALUES (5, 1, '978-0-19-283477-8', TO_DATE('2026-01-29', 'YYYY-MM-DD'), 49, TO_DATE('2023-11-08', 'YYYY-MM-DD'), NULL, NULL, 'S', 'N');
INSERT INTO casj_calendario_reunion_mes (id_club, id_grupo, isbn, fecha_reunion, id_miembro_moderador, fecha_asignacion, conclusiones, valoracion_final, realizada, ultima_reunion) VALUES (5, 1, '978-0-19-283477-8', TO_DATE('2026-02-05', 'YYYY-MM-DD'), 49, TO_DATE('2023-11-08', 'YYYY-MM-DD'), NULL, NULL, 'S', 'N');
INSERT INTO casj_calendario_reunion_mes (id_club, id_grupo, isbn, fecha_reunion, id_miembro_moderador, fecha_asignacion, conclusiones, valoracion_final, realizada, ultima_reunion) VALUES (5, 1, '978-0-19-283477-8', TO_DATE('2026-02-12', 'YYYY-MM-DD'), 49, TO_DATE('2023-11-08', 'YYYY-MM-DD'), 'Discusion completada satisfactoriamente', 5, 'S', 'S');
INSERT INTO casj_calendario_reunion_mes (id_club, id_grupo, isbn, fecha_reunion, id_miembro_moderador, fecha_asignacion, conclusiones, valoracion_final, realizada, ultima_reunion) VALUES (5, 1, '978-83-7506-289-7', TO_DATE('2026-02-19', 'YYYY-MM-DD'), 49, TO_DATE('2023-11-08', 'YYYY-MM-DD'), NULL, NULL, 'S', 'N');
INSERT INTO casj_calendario_reunion_mes (id_club, id_grupo, isbn, fecha_reunion, id_miembro_moderador, fecha_asignacion, conclusiones, valoracion_final, realizada, ultima_reunion) VALUES (5, 1, '978-83-7506-289-7', TO_DATE('2026-02-26', 'YYYY-MM-DD'), 49, TO_DATE('2023-11-08', 'YYYY-MM-DD'), NULL, NULL, 'S', 'N');
INSERT INTO casj_calendario_reunion_mes (id_club, id_grupo, isbn, fecha_reunion, id_miembro_moderador, fecha_asignacion, conclusiones, valoracion_final, realizada, ultima_reunion) VALUES (5, 1, '978-83-7506-289-7', TO_DATE('2026-03-05', 'YYYY-MM-DD'), 49, TO_DATE('2023-11-08', 'YYYY-MM-DD'), NULL, NULL, 'S', 'N');
INSERT INTO casj_calendario_reunion_mes (id_club, id_grupo, isbn, fecha_reunion, id_miembro_moderador, fecha_asignacion, conclusiones, valoracion_final, realizada, ultima_reunion) VALUES (5, 1, '978-83-7506-289-7', TO_DATE('2026-03-12', 'YYYY-MM-DD'), 49, TO_DATE('2023-11-08', 'YYYY-MM-DD'), 'Discusion completada satisfactoriamente', 5, 'S', 'S');
INSERT INTO casj_calendario_reunion_mes (id_club, id_grupo, isbn, fecha_reunion, id_miembro_moderador, fecha_asignacion, conclusiones, valoracion_final, realizada, ultima_reunion) VALUES (5, 1, '978-0-393-31283-7', TO_DATE('2026-03-19', 'YYYY-MM-DD'), 49, TO_DATE('2023-11-08', 'YYYY-MM-DD'), NULL, NULL, 'S', 'N');
INSERT INTO casj_calendario_reunion_mes (id_club, id_grupo, isbn, fecha_reunion, id_miembro_moderador, fecha_asignacion, conclusiones, valoracion_final, realizada, ultima_reunion) VALUES (5, 1, '978-0-393-31283-7', TO_DATE('2026-03-26', 'YYYY-MM-DD'), 49, TO_DATE('2023-11-08', 'YYYY-MM-DD'), NULL, NULL, 'S', 'N');
INSERT INTO casj_calendario_reunion_mes (id_club, id_grupo, isbn, fecha_reunion, id_miembro_moderador, fecha_asignacion, conclusiones, valoracion_final, realizada, ultima_reunion) VALUES (5, 1, '978-0-393-31283-7', TO_DATE('2026-04-02', 'YYYY-MM-DD'), 49, TO_DATE('2023-11-08', 'YYYY-MM-DD'), NULL, NULL, 'S', 'N');
INSERT INTO casj_calendario_reunion_mes (id_club, id_grupo, isbn, fecha_reunion, id_miembro_moderador, fecha_asignacion, conclusiones, valoracion_final, realizada, ultima_reunion) VALUES (5, 1, '978-0-393-31283-7', TO_DATE('2026-04-09', 'YYYY-MM-DD'), 49, TO_DATE('2023-11-08', 'YYYY-MM-DD'), 'Discusion completada satisfactoriamente', 4, 'S', 'S');
INSERT INTO casj_calendario_reunion_mes (id_club, id_grupo, isbn, fecha_reunion, id_miembro_moderador, fecha_asignacion, conclusiones, valoracion_final, realizada, ultima_reunion) VALUES (5, 1, '978-84-206-3524-3', TO_DATE('2026-04-16', 'YYYY-MM-DD'), 49, TO_DATE('2023-11-08', 'YYYY-MM-DD'), NULL, NULL, 'S', 'N');
INSERT INTO casj_calendario_reunion_mes (id_club, id_grupo, isbn, fecha_reunion, id_miembro_moderador, fecha_asignacion, conclusiones, valoracion_final, realizada, ultima_reunion) VALUES (5, 1, '978-84-206-3524-3', TO_DATE('2026-04-23', 'YYYY-MM-DD'), 49, TO_DATE('2023-11-08', 'YYYY-MM-DD'), NULL, NULL, 'S', 'N');
INSERT INTO casj_calendario_reunion_mes (id_club, id_grupo, isbn, fecha_reunion, id_miembro_moderador, fecha_asignacion, conclusiones, valoracion_final, realizada, ultima_reunion) VALUES (5, 1, '978-84-206-3524-3', TO_DATE('2026-04-30', 'YYYY-MM-DD'), 49, TO_DATE('2023-11-08', 'YYYY-MM-DD'), NULL, NULL, 'S', 'N');
INSERT INTO casj_calendario_reunion_mes (id_club, id_grupo, isbn, fecha_reunion, id_miembro_moderador, fecha_asignacion, conclusiones, valoracion_final, realizada, ultima_reunion) VALUES (5, 1, '978-84-206-3524-3', TO_DATE('2026-05-07', 'YYYY-MM-DD'), 49, TO_DATE('2023-11-08', 'YYYY-MM-DD'), 'Discusion completada satisfactoriamente', 5, 'S', 'S');
INSERT INTO casj_calendario_reunion_mes (id_club, id_grupo, isbn, fecha_reunion, id_miembro_moderador, fecha_asignacion, conclusiones, valoracion_final, realizada, ultima_reunion) VALUES (5, 2, '978-0-345-33569-5', TO_DATE('2025-09-05', 'YYYY-MM-DD'), 53, TO_DATE('2025-08-23', 'YYYY-MM-DD'), NULL, NULL, 'S', 'N');
INSERT INTO casj_calendario_reunion_mes (id_club, id_grupo, isbn, fecha_reunion, id_miembro_moderador, fecha_asignacion, conclusiones, valoracion_final, realizada, ultima_reunion) VALUES (5, 2, '978-0-345-33569-5', TO_DATE('2025-09-30', 'YYYY-MM-DD'), 53, TO_DATE('2025-08-23', 'YYYY-MM-DD'), 'Discusion completada satisfactoriamente', 5, 'S', 'S');
INSERT INTO casj_calendario_reunion_mes (id_club, id_grupo, isbn, fecha_reunion, id_miembro_moderador, fecha_asignacion, conclusiones, valoracion_final, realizada, ultima_reunion) VALUES (5, 2, '978-0-345-33568-8', TO_DATE('2025-10-25', 'YYYY-MM-DD'), 53, TO_DATE('2025-08-23', 'YYYY-MM-DD'), NULL, NULL, 'S', 'N');
INSERT INTO casj_calendario_reunion_mes (id_club, id_grupo, isbn, fecha_reunion, id_miembro_moderador, fecha_asignacion, conclusiones, valoracion_final, realizada, ultima_reunion) VALUES (5, 2, '978-0-345-33568-8', TO_DATE('2025-11-16', 'YYYY-MM-DD'), 53, TO_DATE('2025-08-23', 'YYYY-MM-DD'), 'Discusion completada satisfactoriamente', 4, 'S', 'S');
INSERT INTO casj_calendario_reunion_mes (id_club, id_grupo, isbn, fecha_reunion, id_miembro_moderador, fecha_asignacion, conclusiones, valoracion_final, realizada, ultima_reunion) VALUES (5, 2, '978-0-345-33570-1', TO_DATE('2025-12-15', 'YYYY-MM-DD'), 53, TO_DATE('2025-08-23', 'YYYY-MM-DD'), NULL, NULL, 'S', 'N');
INSERT INTO casj_calendario_reunion_mes (id_club, id_grupo, isbn, fecha_reunion, id_miembro_moderador, fecha_asignacion, conclusiones, valoracion_final, realizada, ultima_reunion) VALUES (5, 2, '978-0-345-33570-1', TO_DATE('2026-01-08', 'YYYY-MM-DD'), 53, TO_DATE('2025-08-23', 'YYYY-MM-DD'), 'Discusion completada satisfactoriamente', 5, 'S', 'S');
INSERT INTO casj_calendario_reunion_mes (id_club, id_grupo, isbn, fecha_reunion, id_miembro_moderador, fecha_asignacion, conclusiones, valoracion_final, realizada, ultima_reunion) VALUES (5, 2, '978-84-376-0189-8', TO_DATE('2026-01-15', 'YYYY-MM-DD'), 53, TO_DATE('2025-08-23', 'YYYY-MM-DD'), NULL, NULL, 'S', 'N');
INSERT INTO casj_calendario_reunion_mes (id_club, id_grupo, isbn, fecha_reunion, id_miembro_moderador, fecha_asignacion, conclusiones, valoracion_final, realizada, ultima_reunion) VALUES (5, 2, '978-84-376-0189-8', TO_DATE('2026-01-22', 'YYYY-MM-DD'), 53, TO_DATE('2025-08-23', 'YYYY-MM-DD'), NULL, NULL, 'S', 'N');
INSERT INTO casj_calendario_reunion_mes (id_club, id_grupo, isbn, fecha_reunion, id_miembro_moderador, fecha_asignacion, conclusiones, valoracion_final, realizada, ultima_reunion) VALUES (5, 2, '978-84-376-0189-8', TO_DATE('2026-01-29', 'YYYY-MM-DD'), 53, TO_DATE('2025-08-23', 'YYYY-MM-DD'), NULL, NULL, 'S', 'N');
INSERT INTO casj_calendario_reunion_mes (id_club, id_grupo, isbn, fecha_reunion, id_miembro_moderador, fecha_asignacion, conclusiones, valoracion_final, realizada, ultima_reunion) VALUES (5, 2, '978-84-376-0189-8', TO_DATE('2026-02-05', 'YYYY-MM-DD'), 53, TO_DATE('2025-08-23', 'YYYY-MM-DD'), 'Discusion completada satisfactoriamente', 4, 'S', 'S');
INSERT INTO casj_calendario_reunion_mes (id_club, id_grupo, isbn, fecha_reunion, id_miembro_moderador, fecha_asignacion, conclusiones, valoracion_final, realizada, ultima_reunion) VALUES (5, 2, '978-84-376-0310-6', TO_DATE('2026-02-12', 'YYYY-MM-DD'), 53, TO_DATE('2025-08-23', 'YYYY-MM-DD'), NULL, NULL, 'S', 'N');
INSERT INTO casj_calendario_reunion_mes (id_club, id_grupo, isbn, fecha_reunion, id_miembro_moderador, fecha_asignacion, conclusiones, valoracion_final, realizada, ultima_reunion) VALUES (5, 2, '978-84-376-0310-6', TO_DATE('2026-02-19', 'YYYY-MM-DD'), 53, TO_DATE('2025-08-23', 'YYYY-MM-DD'), NULL, NULL, 'S', 'N');
INSERT INTO casj_calendario_reunion_mes (id_club, id_grupo, isbn, fecha_reunion, id_miembro_moderador, fecha_asignacion, conclusiones, valoracion_final, realizada, ultima_reunion) VALUES (5, 2, '978-84-376-0310-6', TO_DATE('2026-02-26', 'YYYY-MM-DD'), 53, TO_DATE('2025-08-23', 'YYYY-MM-DD'), NULL, NULL, 'S', 'N');
INSERT INTO casj_calendario_reunion_mes (id_club, id_grupo, isbn, fecha_reunion, id_miembro_moderador, fecha_asignacion, conclusiones, valoracion_final, realizada, ultima_reunion) VALUES (5, 2, '978-84-376-0310-6', TO_DATE('2026-03-05', 'YYYY-MM-DD'), 53, TO_DATE('2025-08-23', 'YYYY-MM-DD'), 'Discusion completada satisfactoriamente', 5, 'S', 'S');
INSERT INTO casj_calendario_reunion_mes (id_club, id_grupo, isbn, fecha_reunion, id_miembro_moderador, fecha_asignacion, conclusiones, valoracion_final, realizada, ultima_reunion) VALUES (5, 2, '978-2-07-040850-4', TO_DATE('2026-03-12', 'YYYY-MM-DD'), 53, TO_DATE('2025-08-23', 'YYYY-MM-DD'), NULL, NULL, 'S', 'N');
INSERT INTO casj_calendario_reunion_mes (id_club, id_grupo, isbn, fecha_reunion, id_miembro_moderador, fecha_asignacion, conclusiones, valoracion_final, realizada, ultima_reunion) VALUES (5, 2, '978-2-07-040850-4', TO_DATE('2026-03-19', 'YYYY-MM-DD'), 53, TO_DATE('2025-08-23', 'YYYY-MM-DD'), NULL, NULL, 'S', 'N');
INSERT INTO casj_calendario_reunion_mes (id_club, id_grupo, isbn, fecha_reunion, id_miembro_moderador, fecha_asignacion, conclusiones, valoracion_final, realizada, ultima_reunion) VALUES (5, 2, '978-2-07-040850-4', TO_DATE('2026-03-26', 'YYYY-MM-DD'), 53, TO_DATE('2025-08-23', 'YYYY-MM-DD'), NULL, NULL, 'S', 'N');
INSERT INTO casj_calendario_reunion_mes (id_club, id_grupo, isbn, fecha_reunion, id_miembro_moderador, fecha_asignacion, conclusiones, valoracion_final, realizada, ultima_reunion) VALUES (5, 2, '978-2-07-040850-4', TO_DATE('2026-04-02', 'YYYY-MM-DD'), 53, TO_DATE('2025-08-23', 'YYYY-MM-DD'), 'Discusion completada satisfactoriamente', 5, 'S', 'S');
INSERT INTO casj_calendario_reunion_mes (id_club, id_grupo, isbn, fecha_reunion, id_miembro_moderador, fecha_asignacion, conclusiones, valoracion_final, realizada, ultima_reunion) VALUES (5, 2, '978-3-630-87214-1', TO_DATE('2026-04-09', 'YYYY-MM-DD'), 53, TO_DATE('2025-08-23', 'YYYY-MM-DD'), NULL, NULL, 'S', 'N');
INSERT INTO casj_calendario_reunion_mes (id_club, id_grupo, isbn, fecha_reunion, id_miembro_moderador, fecha_asignacion, conclusiones, valoracion_final, realizada, ultima_reunion) VALUES (5, 2, '978-3-630-87214-1', TO_DATE('2026-04-16', 'YYYY-MM-DD'), 53, TO_DATE('2025-08-23', 'YYYY-MM-DD'), NULL, NULL, 'S', 'N');
INSERT INTO casj_calendario_reunion_mes (id_club, id_grupo, isbn, fecha_reunion, id_miembro_moderador, fecha_asignacion, conclusiones, valoracion_final, realizada, ultima_reunion) VALUES (5, 2, '978-3-630-87214-1', TO_DATE('2026-04-23', 'YYYY-MM-DD'), 53, TO_DATE('2025-08-23', 'YYYY-MM-DD'), NULL, NULL, 'S', 'N');
INSERT INTO casj_calendario_reunion_mes (id_club, id_grupo, isbn, fecha_reunion, id_miembro_moderador, fecha_asignacion, conclusiones, valoracion_final, realizada, ultima_reunion) VALUES (5, 2, '978-3-630-87214-1', TO_DATE('2026-04-30', 'YYYY-MM-DD'), 53, TO_DATE('2025-08-23', 'YYYY-MM-DD'), 'Discusion completada satisfactoriamente', 5, 'S', 'S');
INSERT INTO casj_calendario_reunion_mes (id_club, id_grupo, isbn, fecha_reunion, id_miembro_moderador, fecha_asignacion, conclusiones, valoracion_final, realizada, ultima_reunion) VALUES (5, 2, '978-0-19-283477-8', TO_DATE('2026-05-07', 'YYYY-MM-DD'), 53, TO_DATE('2025-08-23', 'YYYY-MM-DD'), NULL, NULL, 'S', 'N');
INSERT INTO casj_calendario_reunion_mes (id_club, id_grupo, isbn, fecha_reunion, id_miembro_moderador, fecha_asignacion, conclusiones, valoracion_final, realizada, ultima_reunion) VALUES (5, 2, '978-0-19-283477-8', TO_DATE('2026-05-14', 'YYYY-MM-DD'), 53, TO_DATE('2025-08-23', 'YYYY-MM-DD'), NULL, NULL, 'S', 'N');
INSERT INTO casj_calendario_reunion_mes (id_club, id_grupo, isbn, fecha_reunion, id_miembro_moderador, fecha_asignacion, conclusiones, valoracion_final, realizada, ultima_reunion) VALUES (5, 2, '978-0-19-283477-8', TO_DATE('2026-05-21', 'YYYY-MM-DD'), 53, TO_DATE('2025-08-23', 'YYYY-MM-DD'), NULL, NULL, 'S', 'N');
INSERT INTO casj_calendario_reunion_mes (id_club, id_grupo, isbn, fecha_reunion, id_miembro_moderador, fecha_asignacion, conclusiones, valoracion_final, realizada, ultima_reunion) VALUES (5, 2, '978-0-19-283477-8', TO_DATE('2026-05-28', 'YYYY-MM-DD'), 53, TO_DATE('2025-08-23', 'YYYY-MM-DD'), 'Discusion completada satisfactoriamente', 4, 'S', 'S');
INSERT INTO casj_calendario_reunion_mes (id_club, id_grupo, isbn, fecha_reunion, id_miembro_moderador, fecha_asignacion, conclusiones, valoracion_final, realizada, ultima_reunion) VALUES (5, 2, '978-968-16-0474-3', TO_DATE('2026-06-04', 'YYYY-MM-DD'), 53, TO_DATE('2025-08-23', 'YYYY-MM-DD'), NULL, NULL, 'S', 'N');
INSERT INTO casj_calendario_reunion_mes (id_club, id_grupo, isbn, fecha_reunion, id_miembro_moderador, fecha_asignacion, conclusiones, valoracion_final, realizada, ultima_reunion) VALUES (5, 3, '978-0-393-31283-7', TO_DATE('2024-02-21', 'YYYY-MM-DD'), 57, TO_DATE('2023-02-08', 'YYYY-MM-DD'), NULL, NULL, 'S', 'N');
INSERT INTO casj_calendario_reunion_mes (id_club, id_grupo, isbn, fecha_reunion, id_miembro_moderador, fecha_asignacion, conclusiones, valoracion_final, realizada, ultima_reunion) VALUES (5, 3, '978-0-393-31283-7', TO_DATE('2024-03-21', 'YYYY-MM-DD'), 57, TO_DATE('2023-02-08', 'YYYY-MM-DD'), 'Discusion completada satisfactoriamente', 5, 'S', 'S');
INSERT INTO casj_calendario_reunion_mes (id_club, id_grupo, isbn, fecha_reunion, id_miembro_moderador, fecha_asignacion, conclusiones, valoracion_final, realizada, ultima_reunion) VALUES (5, 3, '978-2-07-040850-4', TO_DATE('2024-04-13', 'YYYY-MM-DD'), 57, TO_DATE('2023-02-08', 'YYYY-MM-DD'), NULL, NULL, 'S', 'N');
INSERT INTO casj_calendario_reunion_mes (id_club, id_grupo, isbn, fecha_reunion, id_miembro_moderador, fecha_asignacion, conclusiones, valoracion_final, realizada, ultima_reunion) VALUES (5, 3, '978-2-07-040850-4', TO_DATE('2024-05-03', 'YYYY-MM-DD'), 57, TO_DATE('2023-02-08', 'YYYY-MM-DD'), 'Discusion completada satisfactoriamente', 5, 'S', 'S');
INSERT INTO casj_calendario_reunion_mes (id_club, id_grupo, isbn, fecha_reunion, id_miembro_moderador, fecha_asignacion, conclusiones, valoracion_final, realizada, ultima_reunion) VALUES (5, 3, '978-968-16-0474-3', TO_DATE('2024-05-30', 'YYYY-MM-DD'), 57, TO_DATE('2023-02-08', 'YYYY-MM-DD'), NULL, NULL, 'S', 'N');
INSERT INTO casj_calendario_reunion_mes (id_club, id_grupo, isbn, fecha_reunion, id_miembro_moderador, fecha_asignacion, conclusiones, valoracion_final, realizada, ultima_reunion) VALUES (5, 3, '978-968-16-0474-3', TO_DATE('2024-06-21', 'YYYY-MM-DD'), 57, TO_DATE('2023-02-08', 'YYYY-MM-DD'), 'Discusion completada satisfactoriamente', 5, 'S', 'S');
INSERT INTO casj_calendario_reunion_mes (id_club, id_grupo, isbn, fecha_reunion, id_miembro_moderador, fecha_asignacion, conclusiones, valoracion_final, realizada, ultima_reunion) VALUES (5, 3, '978-0-345-33568-8', TO_DATE('2024-07-21', 'YYYY-MM-DD'), 57, TO_DATE('2023-02-08', 'YYYY-MM-DD'), NULL, NULL, 'S', 'N');
INSERT INTO casj_calendario_reunion_mes (id_club, id_grupo, isbn, fecha_reunion, id_miembro_moderador, fecha_asignacion, conclusiones, valoracion_final, realizada, ultima_reunion) VALUES (5, 3, '978-0-345-33568-8', TO_DATE('2024-08-19', 'YYYY-MM-DD'), 57, TO_DATE('2023-02-08', 'YYYY-MM-DD'), 'Discusion completada satisfactoriamente', 4, 'S', 'S');
INSERT INTO casj_calendario_reunion_mes (id_club, id_grupo, isbn, fecha_reunion, id_miembro_moderador, fecha_asignacion, conclusiones, valoracion_final, realizada, ultima_reunion) VALUES (5, 3, '978-84-376-0310-6', TO_DATE('2024-09-10', 'YYYY-MM-DD'), 57, TO_DATE('2023-02-08', 'YYYY-MM-DD'), NULL, NULL, 'S', 'N');
INSERT INTO casj_calendario_reunion_mes (id_club, id_grupo, isbn, fecha_reunion, id_miembro_moderador, fecha_asignacion, conclusiones, valoracion_final, realizada, ultima_reunion) VALUES (5, 3, '978-84-376-0310-6', TO_DATE('2024-10-10', 'YYYY-MM-DD'), 57, TO_DATE('2023-02-08', 'YYYY-MM-DD'), 'Discusion completada satisfactoriamente', 3, 'S', 'S');
INSERT INTO casj_calendario_reunion_mes (id_club, id_grupo, isbn, fecha_reunion, id_miembro_moderador, fecha_asignacion, conclusiones, valoracion_final, realizada, ultima_reunion) VALUES (5, 3, '978-84-376-0189-8', TO_DATE('2024-10-30', 'YYYY-MM-DD'), 57, TO_DATE('2023-02-08', 'YYYY-MM-DD'), NULL, NULL, 'S', 'N');
INSERT INTO casj_calendario_reunion_mes (id_club, id_grupo, isbn, fecha_reunion, id_miembro_moderador, fecha_asignacion, conclusiones, valoracion_final, realizada, ultima_reunion) VALUES (5, 3, '978-84-376-0189-8', TO_DATE('2024-11-28', 'YYYY-MM-DD'), 57, TO_DATE('2023-02-08', 'YYYY-MM-DD'), 'Discusion completada satisfactoriamente', 5, 'S', 'S');
INSERT INTO casj_calendario_reunion_mes (id_club, id_grupo, isbn, fecha_reunion, id_miembro_moderador, fecha_asignacion, conclusiones, valoracion_final, realizada, ultima_reunion) VALUES (5, 3, '978-0-345-33569-5', TO_DATE('2024-12-19', 'YYYY-MM-DD'), 57, TO_DATE('2023-02-08', 'YYYY-MM-DD'), NULL, NULL, 'S', 'N');
INSERT INTO casj_calendario_reunion_mes (id_club, id_grupo, isbn, fecha_reunion, id_miembro_moderador, fecha_asignacion, conclusiones, valoracion_final, realizada, ultima_reunion) VALUES (5, 3, '978-0-345-33569-5', TO_DATE('2025-01-11', 'YYYY-MM-DD'), 57, TO_DATE('2023-02-08', 'YYYY-MM-DD'), 'Discusion completada satisfactoriamente', 3, 'S', 'S');
INSERT INTO casj_calendario_reunion_mes (id_club, id_grupo, isbn, fecha_reunion, id_miembro_moderador, fecha_asignacion, conclusiones, valoracion_final, realizada, ultima_reunion) VALUES (5, 3, '978-0-446-52080-1', TO_DATE('2025-02-07', 'YYYY-MM-DD'), 57, TO_DATE('2023-02-08', 'YYYY-MM-DD'), NULL, NULL, 'S', 'N');
INSERT INTO casj_calendario_reunion_mes (id_club, id_grupo, isbn, fecha_reunion, id_miembro_moderador, fecha_asignacion, conclusiones, valoracion_final, realizada, ultima_reunion) VALUES (5, 3, '978-0-446-52080-1', TO_DATE('2025-03-04', 'YYYY-MM-DD'), 57, TO_DATE('2023-02-08', 'YYYY-MM-DD'), 'Discusion completada satisfactoriamente', 4, 'S', 'S');
INSERT INTO casj_calendario_reunion_mes (id_club, id_grupo, isbn, fecha_reunion, id_miembro_moderador, fecha_asignacion, conclusiones, valoracion_final, realizada, ultima_reunion) VALUES (5, 3, '978-0-394-71772-1', TO_DATE('2025-03-26', 'YYYY-MM-DD'), 57, TO_DATE('2023-02-08', 'YYYY-MM-DD'), NULL, NULL, 'S', 'N');
INSERT INTO casj_calendario_reunion_mes (id_club, id_grupo, isbn, fecha_reunion, id_miembro_moderador, fecha_asignacion, conclusiones, valoracion_final, realizada, ultima_reunion) VALUES (5, 3, '978-0-394-71772-1', TO_DATE('2025-04-21', 'YYYY-MM-DD'), 57, TO_DATE('2023-02-08', 'YYYY-MM-DD'), 'Discusion completada satisfactoriamente', 5, 'S', 'S');
INSERT INTO casj_calendario_reunion_mes (id_club, id_grupo, isbn, fecha_reunion, id_miembro_moderador, fecha_asignacion, conclusiones, valoracion_final, realizada, ultima_reunion) VALUES (5, 3, '978-3-630-87214-1', TO_DATE('2025-05-14', 'YYYY-MM-DD'), 57, TO_DATE('2023-02-08', 'YYYY-MM-DD'), NULL, NULL, 'S', 'N');
INSERT INTO casj_calendario_reunion_mes (id_club, id_grupo, isbn, fecha_reunion, id_miembro_moderador, fecha_asignacion, conclusiones, valoracion_final, realizada, ultima_reunion) VALUES (5, 3, '978-3-630-87214-1', TO_DATE('2025-06-09', 'YYYY-MM-DD'), 57, TO_DATE('2023-02-08', 'YYYY-MM-DD'), 'Discusion completada satisfactoriamente', 5, 'S', 'S');
INSERT INTO casj_calendario_reunion_mes (id_club, id_grupo, isbn, fecha_reunion, id_miembro_moderador, fecha_asignacion, conclusiones, valoracion_final, realizada, ultima_reunion) VALUES (5, 3, '978-0-19-283477-8', TO_DATE('2025-07-08', 'YYYY-MM-DD'), 57, TO_DATE('2023-02-08', 'YYYY-MM-DD'), NULL, NULL, 'S', 'N');
INSERT INTO casj_calendario_reunion_mes (id_club, id_grupo, isbn, fecha_reunion, id_miembro_moderador, fecha_asignacion, conclusiones, valoracion_final, realizada, ultima_reunion) VALUES (5, 3, '978-0-19-283477-8', TO_DATE('2025-08-04', 'YYYY-MM-DD'), 57, TO_DATE('2023-02-08', 'YYYY-MM-DD'), 'Discusion completada satisfactoriamente', 5, 'S', 'S');
INSERT INTO casj_calendario_reunion_mes (id_club, id_grupo, isbn, fecha_reunion, id_miembro_moderador, fecha_asignacion, conclusiones, valoracion_final, realizada, ultima_reunion) VALUES (5, 3, '978-84-206-3524-3', TO_DATE('2025-08-24', 'YYYY-MM-DD'), 57, TO_DATE('2023-02-08', 'YYYY-MM-DD'), NULL, NULL, 'S', 'N');
INSERT INTO casj_calendario_reunion_mes (id_club, id_grupo, isbn, fecha_reunion, id_miembro_moderador, fecha_asignacion, conclusiones, valoracion_final, realizada, ultima_reunion) VALUES (5, 3, '978-84-206-3524-3', TO_DATE('2025-09-15', 'YYYY-MM-DD'), 57, TO_DATE('2023-02-08', 'YYYY-MM-DD'), 'Discusion completada satisfactoriamente', 5, 'S', 'S');
INSERT INTO casj_calendario_reunion_mes (id_club, id_grupo, isbn, fecha_reunion, id_miembro_moderador, fecha_asignacion, conclusiones, valoracion_final, realizada, ultima_reunion) VALUES (5, 3, '978-83-7506-289-7', TO_DATE('2025-10-08', 'YYYY-MM-DD'), 57, TO_DATE('2023-02-08', 'YYYY-MM-DD'), NULL, NULL, 'S', 'N');
INSERT INTO casj_calendario_reunion_mes (id_club, id_grupo, isbn, fecha_reunion, id_miembro_moderador, fecha_asignacion, conclusiones, valoracion_final, realizada, ultima_reunion) VALUES (5, 3, '978-83-7506-289-7', TO_DATE('2025-11-05', 'YYYY-MM-DD'), 57, TO_DATE('2023-02-08', 'YYYY-MM-DD'), 'Discusion completada satisfactoriamente', 4, 'S', 'S');
INSERT INTO casj_calendario_reunion_mes (id_club, id_grupo, isbn, fecha_reunion, id_miembro_moderador, fecha_asignacion, conclusiones, valoracion_final, realizada, ultima_reunion) VALUES (5, 3, '978-0-14-241037-2', TO_DATE('2025-12-05', 'YYYY-MM-DD'), 57, TO_DATE('2023-02-08', 'YYYY-MM-DD'), NULL, NULL, 'S', 'N');
INSERT INTO casj_calendario_reunion_mes (id_club, id_grupo, isbn, fecha_reunion, id_miembro_moderador, fecha_asignacion, conclusiones, valoracion_final, realizada, ultima_reunion) VALUES (5, 3, '978-0-14-241037-2', TO_DATE('2026-01-01', 'YYYY-MM-DD'), 57, TO_DATE('2023-02-08', 'YYYY-MM-DD'), 'Discusion completada satisfactoriamente', 5, 'S', 'S');
INSERT INTO casj_calendario_reunion_mes (id_club, id_grupo, isbn, fecha_reunion, id_miembro_moderador, fecha_asignacion, conclusiones, valoracion_final, realizada, ultima_reunion) VALUES (6, 1, '978-0-19-283477-8', TO_DATE('2024-11-01', 'YYYY-MM-DD'), 61, TO_DATE('2024-10-24', 'YYYY-MM-DD'), NULL, NULL, 'S', 'N');
INSERT INTO casj_calendario_reunion_mes (id_club, id_grupo, isbn, fecha_reunion, id_miembro_moderador, fecha_asignacion, conclusiones, valoracion_final, realizada, ultima_reunion) VALUES (6, 1, '978-0-19-283477-8', TO_DATE('2024-11-25', 'YYYY-MM-DD'), 61, TO_DATE('2024-10-24', 'YYYY-MM-DD'), 'Discusion completada satisfactoriamente', 5, 'S', 'S');
INSERT INTO casj_calendario_reunion_mes (id_club, id_grupo, isbn, fecha_reunion, id_miembro_moderador, fecha_asignacion, conclusiones, valoracion_final, realizada, ultima_reunion) VALUES (6, 1, '978-0-345-33570-1', TO_DATE('2024-12-18', 'YYYY-MM-DD'), 61, TO_DATE('2024-10-24', 'YYYY-MM-DD'), NULL, NULL, 'S', 'N');
INSERT INTO casj_calendario_reunion_mes (id_club, id_grupo, isbn, fecha_reunion, id_miembro_moderador, fecha_asignacion, conclusiones, valoracion_final, realizada, ultima_reunion) VALUES (6, 1, '978-0-345-33570-1', TO_DATE('2025-01-14', 'YYYY-MM-DD'), 61, TO_DATE('2024-10-24', 'YYYY-MM-DD'), 'Discusion completada satisfactoriamente', 4, 'S', 'S');
INSERT INTO casj_calendario_reunion_mes (id_club, id_grupo, isbn, fecha_reunion, id_miembro_moderador, fecha_asignacion, conclusiones, valoracion_final, realizada, ultima_reunion) VALUES (6, 1, '978-2-07-040850-4', TO_DATE('2025-02-10', 'YYYY-MM-DD'), 61, TO_DATE('2024-10-24', 'YYYY-MM-DD'), NULL, NULL, 'S', 'N');
INSERT INTO casj_calendario_reunion_mes (id_club, id_grupo, isbn, fecha_reunion, id_miembro_moderador, fecha_asignacion, conclusiones, valoracion_final, realizada, ultima_reunion) VALUES (6, 1, '978-2-07-040850-4', TO_DATE('2025-03-07', 'YYYY-MM-DD'), 61, TO_DATE('2024-10-24', 'YYYY-MM-DD'), 'Discusion completada satisfactoriamente', 5, 'S', 'S');
INSERT INTO casj_calendario_reunion_mes (id_club, id_grupo, isbn, fecha_reunion, id_miembro_moderador, fecha_asignacion, conclusiones, valoracion_final, realizada, ultima_reunion) VALUES (6, 1, '978-3-630-87214-1', TO_DATE('2025-03-31', 'YYYY-MM-DD'), 61, TO_DATE('2024-10-24', 'YYYY-MM-DD'), NULL, NULL, 'S', 'N');
INSERT INTO casj_calendario_reunion_mes (id_club, id_grupo, isbn, fecha_reunion, id_miembro_moderador, fecha_asignacion, conclusiones, valoracion_final, realizada, ultima_reunion) VALUES (6, 1, '978-3-630-87214-1', TO_DATE('2025-04-24', 'YYYY-MM-DD'), 61, TO_DATE('2024-10-24', 'YYYY-MM-DD'), 'Discusion completada satisfactoriamente', 3, 'S', 'S');
INSERT INTO casj_calendario_reunion_mes (id_club, id_grupo, isbn, fecha_reunion, id_miembro_moderador, fecha_asignacion, conclusiones, valoracion_final, realizada, ultima_reunion) VALUES (6, 1, '978-84-376-0310-6', TO_DATE('2025-05-23', 'YYYY-MM-DD'), 61, TO_DATE('2024-10-24', 'YYYY-MM-DD'), NULL, NULL, 'S', 'N');
INSERT INTO casj_calendario_reunion_mes (id_club, id_grupo, isbn, fecha_reunion, id_miembro_moderador, fecha_asignacion, conclusiones, valoracion_final, realizada, ultima_reunion) VALUES (6, 1, '978-84-376-0310-6', TO_DATE('2025-06-22', 'YYYY-MM-DD'), 61, TO_DATE('2024-10-24', 'YYYY-MM-DD'), 'Discusion completada satisfactoriamente', 5, 'S', 'S');
INSERT INTO casj_calendario_reunion_mes (id_club, id_grupo, isbn, fecha_reunion, id_miembro_moderador, fecha_asignacion, conclusiones, valoracion_final, realizada, ultima_reunion) VALUES (6, 1, '978-84-206-3524-3', TO_DATE('2025-07-18', 'YYYY-MM-DD'), 61, TO_DATE('2024-10-24', 'YYYY-MM-DD'), NULL, NULL, 'S', 'N');
INSERT INTO casj_calendario_reunion_mes (id_club, id_grupo, isbn, fecha_reunion, id_miembro_moderador, fecha_asignacion, conclusiones, valoracion_final, realizada, ultima_reunion) VALUES (6, 1, '978-84-206-3524-3', TO_DATE('2025-08-13', 'YYYY-MM-DD'), 61, TO_DATE('2024-10-24', 'YYYY-MM-DD'), 'Discusion completada satisfactoriamente', 4, 'S', 'S');
INSERT INTO casj_calendario_reunion_mes (id_club, id_grupo, isbn, fecha_reunion, id_miembro_moderador, fecha_asignacion, conclusiones, valoracion_final, realizada, ultima_reunion) VALUES (6, 1, '978-84-376-0189-8', TO_DATE('2025-09-04', 'YYYY-MM-DD'), 61, TO_DATE('2024-10-24', 'YYYY-MM-DD'), NULL, NULL, 'S', 'N');
INSERT INTO casj_calendario_reunion_mes (id_club, id_grupo, isbn, fecha_reunion, id_miembro_moderador, fecha_asignacion, conclusiones, valoracion_final, realizada, ultima_reunion) VALUES (6, 1, '978-84-376-0189-8', TO_DATE('2025-09-28', 'YYYY-MM-DD'), 61, TO_DATE('2024-10-24', 'YYYY-MM-DD'), 'Discusion completada satisfactoriamente', 3, 'S', 'S');
INSERT INTO casj_calendario_reunion_mes (id_club, id_grupo, isbn, fecha_reunion, id_miembro_moderador, fecha_asignacion, conclusiones, valoracion_final, realizada, ultima_reunion) VALUES (6, 1, '978-0-394-71772-1', TO_DATE('2025-10-22', 'YYYY-MM-DD'), 61, TO_DATE('2024-10-24', 'YYYY-MM-DD'), NULL, NULL, 'S', 'N');
INSERT INTO casj_calendario_reunion_mes (id_club, id_grupo, isbn, fecha_reunion, id_miembro_moderador, fecha_asignacion, conclusiones, valoracion_final, realizada, ultima_reunion) VALUES (6, 1, '978-0-394-71772-1', TO_DATE('2025-11-12', 'YYYY-MM-DD'), 61, TO_DATE('2024-10-24', 'YYYY-MM-DD'), 'Discusion completada satisfactoriamente', 4, 'S', 'S');
INSERT INTO casj_calendario_reunion_mes (id_club, id_grupo, isbn, fecha_reunion, id_miembro_moderador, fecha_asignacion, conclusiones, valoracion_final, realizada, ultima_reunion) VALUES (6, 1, '978-968-16-0474-3', TO_DATE('2025-12-09', 'YYYY-MM-DD'), 61, TO_DATE('2024-10-24', 'YYYY-MM-DD'), NULL, NULL, 'S', 'N');
INSERT INTO casj_calendario_reunion_mes (id_club, id_grupo, isbn, fecha_reunion, id_miembro_moderador, fecha_asignacion, conclusiones, valoracion_final, realizada, ultima_reunion) VALUES (6, 1, '978-968-16-0474-3', TO_DATE('2026-01-08', 'YYYY-MM-DD'), 61, TO_DATE('2024-10-24', 'YYYY-MM-DD'), 'Discusion completada satisfactoriamente', 4, 'S', 'S');
INSERT INTO casj_calendario_reunion_mes (id_club, id_grupo, isbn, fecha_reunion, id_miembro_moderador, fecha_asignacion, conclusiones, valoracion_final, realizada, ultima_reunion) VALUES (6, 1, '978-0-345-33569-5', TO_DATE('2026-01-15', 'YYYY-MM-DD'), 61, TO_DATE('2024-10-24', 'YYYY-MM-DD'), NULL, NULL, 'S', 'N');
INSERT INTO casj_calendario_reunion_mes (id_club, id_grupo, isbn, fecha_reunion, id_miembro_moderador, fecha_asignacion, conclusiones, valoracion_final, realizada, ultima_reunion) VALUES (6, 1, '978-0-345-33569-5', TO_DATE('2026-01-22', 'YYYY-MM-DD'), 61, TO_DATE('2024-10-24', 'YYYY-MM-DD'), NULL, NULL, 'S', 'N');
INSERT INTO casj_calendario_reunion_mes (id_club, id_grupo, isbn, fecha_reunion, id_miembro_moderador, fecha_asignacion, conclusiones, valoracion_final, realizada, ultima_reunion) VALUES (6, 1, '978-0-345-33569-5', TO_DATE('2026-01-29', 'YYYY-MM-DD'), 61, TO_DATE('2024-10-24', 'YYYY-MM-DD'), NULL, NULL, 'S', 'N');
INSERT INTO casj_calendario_reunion_mes (id_club, id_grupo, isbn, fecha_reunion, id_miembro_moderador, fecha_asignacion, conclusiones, valoracion_final, realizada, ultima_reunion) VALUES (6, 1, '978-0-345-33569-5', TO_DATE('2026-02-05', 'YYYY-MM-DD'), 61, TO_DATE('2024-10-24', 'YYYY-MM-DD'), 'Discusion completada satisfactoriamente', 5, 'S', 'S');
INSERT INTO casj_calendario_reunion_mes (id_club, id_grupo, isbn, fecha_reunion, id_miembro_moderador, fecha_asignacion, conclusiones, valoracion_final, realizada, ultima_reunion) VALUES (6, 1, '978-0-446-52080-1', TO_DATE('2026-02-12', 'YYYY-MM-DD'), 61, TO_DATE('2024-10-24', 'YYYY-MM-DD'), NULL, NULL, 'S', 'N');
INSERT INTO casj_calendario_reunion_mes (id_club, id_grupo, isbn, fecha_reunion, id_miembro_moderador, fecha_asignacion, conclusiones, valoracion_final, realizada, ultima_reunion) VALUES (6, 1, '978-0-446-52080-1', TO_DATE('2026-02-19', 'YYYY-MM-DD'), 61, TO_DATE('2024-10-24', 'YYYY-MM-DD'), NULL, NULL, 'S', 'N');
INSERT INTO casj_calendario_reunion_mes (id_club, id_grupo, isbn, fecha_reunion, id_miembro_moderador, fecha_asignacion, conclusiones, valoracion_final, realizada, ultima_reunion) VALUES (6, 1, '978-0-446-52080-1', TO_DATE('2026-02-26', 'YYYY-MM-DD'), 61, TO_DATE('2024-10-24', 'YYYY-MM-DD'), NULL, NULL, 'S', 'N');
INSERT INTO casj_calendario_reunion_mes (id_club, id_grupo, isbn, fecha_reunion, id_miembro_moderador, fecha_asignacion, conclusiones, valoracion_final, realizada, ultima_reunion) VALUES (6, 1, '978-0-446-52080-1', TO_DATE('2026-03-05', 'YYYY-MM-DD'), 61, TO_DATE('2024-10-24', 'YYYY-MM-DD'), 'Discusion completada satisfactoriamente', 4, 'S', 'S');
INSERT INTO casj_calendario_reunion_mes (id_club, id_grupo, isbn, fecha_reunion, id_miembro_moderador, fecha_asignacion, conclusiones, valoracion_final, realizada, ultima_reunion) VALUES (6, 1, '978-84-206-3532-8', TO_DATE('2026-03-12', 'YYYY-MM-DD'), 61, TO_DATE('2024-10-24', 'YYYY-MM-DD'), NULL, NULL, 'S', 'N');
INSERT INTO casj_calendario_reunion_mes (id_club, id_grupo, isbn, fecha_reunion, id_miembro_moderador, fecha_asignacion, conclusiones, valoracion_final, realizada, ultima_reunion) VALUES (6, 1, '978-84-206-3532-8', TO_DATE('2026-03-19', 'YYYY-MM-DD'), 61, TO_DATE('2024-10-24', 'YYYY-MM-DD'), NULL, NULL, 'S', 'N');
INSERT INTO casj_calendario_reunion_mes (id_club, id_grupo, isbn, fecha_reunion, id_miembro_moderador, fecha_asignacion, conclusiones, valoracion_final, realizada, ultima_reunion) VALUES (6, 1, '978-84-206-3532-8', TO_DATE('2026-03-26', 'YYYY-MM-DD'), 61, TO_DATE('2024-10-24', 'YYYY-MM-DD'), NULL, NULL, 'S', 'N');
INSERT INTO casj_calendario_reunion_mes (id_club, id_grupo, isbn, fecha_reunion, id_miembro_moderador, fecha_asignacion, conclusiones, valoracion_final, realizada, ultima_reunion) VALUES (6, 1, '978-84-206-3532-8', TO_DATE('2026-04-02', 'YYYY-MM-DD'), 61, TO_DATE('2024-10-24', 'YYYY-MM-DD'), 'Discusion completada satisfactoriamente', 3, 'S', 'S');
INSERT INTO casj_calendario_reunion_mes (id_club, id_grupo, isbn, fecha_reunion, id_miembro_moderador, fecha_asignacion, conclusiones, valoracion_final, realizada, ultima_reunion) VALUES (6, 1, '978-0-14-241037-2', TO_DATE('2026-04-09', 'YYYY-MM-DD'), 61, TO_DATE('2024-10-24', 'YYYY-MM-DD'), NULL, NULL, 'S', 'N');
INSERT INTO casj_calendario_reunion_mes (id_club, id_grupo, isbn, fecha_reunion, id_miembro_moderador, fecha_asignacion, conclusiones, valoracion_final, realizada, ultima_reunion) VALUES (6, 1, '978-0-14-241037-2', TO_DATE('2026-04-16', 'YYYY-MM-DD'), 61, TO_DATE('2024-10-24', 'YYYY-MM-DD'), NULL, NULL, 'S', 'N');
INSERT INTO casj_calendario_reunion_mes (id_club, id_grupo, isbn, fecha_reunion, id_miembro_moderador, fecha_asignacion, conclusiones, valoracion_final, realizada, ultima_reunion) VALUES (6, 1, '978-0-14-241037-2', TO_DATE('2026-04-23', 'YYYY-MM-DD'), 61, TO_DATE('2024-10-24', 'YYYY-MM-DD'), NULL, NULL, 'S', 'N');
INSERT INTO casj_calendario_reunion_mes (id_club, id_grupo, isbn, fecha_reunion, id_miembro_moderador, fecha_asignacion, conclusiones, valoracion_final, realizada, ultima_reunion) VALUES (6, 1, '978-0-14-241037-2', TO_DATE('2026-04-30', 'YYYY-MM-DD'), 61, TO_DATE('2024-10-24', 'YYYY-MM-DD'), 'Discusion completada satisfactoriamente', 3, 'S', 'S');
INSERT INTO casj_calendario_reunion_mes (id_club, id_grupo, isbn, fecha_reunion, id_miembro_moderador, fecha_asignacion, conclusiones, valoracion_final, realizada, ultima_reunion) VALUES (6, 2, '978-3-630-87214-1', TO_DATE('2024-01-24', 'YYYY-MM-DD'), 65, TO_DATE('2024-01-23', 'YYYY-MM-DD'), NULL, NULL, 'S', 'N');
INSERT INTO casj_calendario_reunion_mes (id_club, id_grupo, isbn, fecha_reunion, id_miembro_moderador, fecha_asignacion, conclusiones, valoracion_final, realizada, ultima_reunion) VALUES (6, 2, '978-3-630-87214-1', TO_DATE('2024-02-14', 'YYYY-MM-DD'), 65, TO_DATE('2024-01-23', 'YYYY-MM-DD'), 'Discusion completada satisfactoriamente', 4, 'S', 'S');
INSERT INTO casj_calendario_reunion_mes (id_club, id_grupo, isbn, fecha_reunion, id_miembro_moderador, fecha_asignacion, conclusiones, valoracion_final, realizada, ultima_reunion) VALUES (6, 2, '978-84-206-3532-8', TO_DATE('2024-03-10', 'YYYY-MM-DD'), 65, TO_DATE('2024-01-23', 'YYYY-MM-DD'), NULL, NULL, 'S', 'N');
INSERT INTO casj_calendario_reunion_mes (id_club, id_grupo, isbn, fecha_reunion, id_miembro_moderador, fecha_asignacion, conclusiones, valoracion_final, realizada, ultima_reunion) VALUES (6, 2, '978-84-206-3532-8', TO_DATE('2024-04-06', 'YYYY-MM-DD'), 65, TO_DATE('2024-01-23', 'YYYY-MM-DD'), 'Discusion completada satisfactoriamente', 3, 'S', 'S');
INSERT INTO casj_calendario_reunion_mes (id_club, id_grupo, isbn, fecha_reunion, id_miembro_moderador, fecha_asignacion, conclusiones, valoracion_final, realizada, ultima_reunion) VALUES (6, 2, '978-0-14-241037-2', TO_DATE('2024-05-06', 'YYYY-MM-DD'), 65, TO_DATE('2024-01-23', 'YYYY-MM-DD'), NULL, NULL, 'S', 'N');
INSERT INTO casj_calendario_reunion_mes (id_club, id_grupo, isbn, fecha_reunion, id_miembro_moderador, fecha_asignacion, conclusiones, valoracion_final, realizada, ultima_reunion) VALUES (6, 2, '978-0-14-241037-2', TO_DATE('2024-05-28', 'YYYY-MM-DD'), 65, TO_DATE('2024-01-23', 'YYYY-MM-DD'), 'Discusion completada satisfactoriamente', 3, 'S', 'S');
INSERT INTO casj_calendario_reunion_mes (id_club, id_grupo, isbn, fecha_reunion, id_miembro_moderador, fecha_asignacion, conclusiones, valoracion_final, realizada, ultima_reunion) VALUES (6, 2, '978-84-376-0189-8', TO_DATE('2024-06-25', 'YYYY-MM-DD'), 65, TO_DATE('2024-01-23', 'YYYY-MM-DD'), NULL, NULL, 'S', 'N');
INSERT INTO casj_calendario_reunion_mes (id_club, id_grupo, isbn, fecha_reunion, id_miembro_moderador, fecha_asignacion, conclusiones, valoracion_final, realizada, ultima_reunion) VALUES (6, 2, '978-84-376-0189-8', TO_DATE('2024-07-17', 'YYYY-MM-DD'), 65, TO_DATE('2024-01-23', 'YYYY-MM-DD'), 'Discusion completada satisfactoriamente', 4, 'S', 'S');
INSERT INTO casj_calendario_reunion_mes (id_club, id_grupo, isbn, fecha_reunion, id_miembro_moderador, fecha_asignacion, conclusiones, valoracion_final, realizada, ultima_reunion) VALUES (6, 2, '978-0-394-71772-1', TO_DATE('2024-08-16', 'YYYY-MM-DD'), 65, TO_DATE('2024-01-23', 'YYYY-MM-DD'), NULL, NULL, 'S', 'N');
INSERT INTO casj_calendario_reunion_mes (id_club, id_grupo, isbn, fecha_reunion, id_miembro_moderador, fecha_asignacion, conclusiones, valoracion_final, realizada, ultima_reunion) VALUES (6, 2, '978-0-394-71772-1', TO_DATE('2024-09-12', 'YYYY-MM-DD'), 65, TO_DATE('2024-01-23', 'YYYY-MM-DD'), 'Discusion completada satisfactoriamente', 4, 'S', 'S');
INSERT INTO casj_calendario_reunion_mes (id_club, id_grupo, isbn, fecha_reunion, id_miembro_moderador, fecha_asignacion, conclusiones, valoracion_final, realizada, ultima_reunion) VALUES (6, 2, '978-0-345-33570-1', TO_DATE('2024-10-12', 'YYYY-MM-DD'), 65, TO_DATE('2024-01-23', 'YYYY-MM-DD'), NULL, NULL, 'S', 'N');
INSERT INTO casj_calendario_reunion_mes (id_club, id_grupo, isbn, fecha_reunion, id_miembro_moderador, fecha_asignacion, conclusiones, valoracion_final, realizada, ultima_reunion) VALUES (6, 2, '978-0-345-33570-1', TO_DATE('2024-11-04', 'YYYY-MM-DD'), 65, TO_DATE('2024-01-23', 'YYYY-MM-DD'), 'Discusion completada satisfactoriamente', 4, 'S', 'S');
INSERT INTO casj_calendario_reunion_mes (id_club, id_grupo, isbn, fecha_reunion, id_miembro_moderador, fecha_asignacion, conclusiones, valoracion_final, realizada, ultima_reunion) VALUES (6, 2, '978-0-345-33569-5', TO_DATE('2024-11-29', 'YYYY-MM-DD'), 65, TO_DATE('2024-01-23', 'YYYY-MM-DD'), NULL, NULL, 'S', 'N');
INSERT INTO casj_calendario_reunion_mes (id_club, id_grupo, isbn, fecha_reunion, id_miembro_moderador, fecha_asignacion, conclusiones, valoracion_final, realizada, ultima_reunion) VALUES (6, 2, '978-0-345-33569-5', TO_DATE('2024-12-23', 'YYYY-MM-DD'), 65, TO_DATE('2024-01-23', 'YYYY-MM-DD'), 'Discusion completada satisfactoriamente', 5, 'S', 'S');
INSERT INTO casj_calendario_reunion_mes (id_club, id_grupo, isbn, fecha_reunion, id_miembro_moderador, fecha_asignacion, conclusiones, valoracion_final, realizada, ultima_reunion) VALUES (6, 2, '978-83-7506-289-7', TO_DATE('2025-01-12', 'YYYY-MM-DD'), 65, TO_DATE('2024-01-23', 'YYYY-MM-DD'), NULL, NULL, 'S', 'N');
INSERT INTO casj_calendario_reunion_mes (id_club, id_grupo, isbn, fecha_reunion, id_miembro_moderador, fecha_asignacion, conclusiones, valoracion_final, realizada, ultima_reunion) VALUES (6, 2, '978-83-7506-289-7', TO_DATE('2025-02-02', 'YYYY-MM-DD'), 65, TO_DATE('2024-01-23', 'YYYY-MM-DD'), 'Discusion completada satisfactoriamente', 5, 'S', 'S');
INSERT INTO casj_calendario_reunion_mes (id_club, id_grupo, isbn, fecha_reunion, id_miembro_moderador, fecha_asignacion, conclusiones, valoracion_final, realizada, ultima_reunion) VALUES (6, 2, '978-968-16-0474-3', TO_DATE('2025-03-03', 'YYYY-MM-DD'), 65, TO_DATE('2024-01-23', 'YYYY-MM-DD'), NULL, NULL, 'S', 'N');
INSERT INTO casj_calendario_reunion_mes (id_club, id_grupo, isbn, fecha_reunion, id_miembro_moderador, fecha_asignacion, conclusiones, valoracion_final, realizada, ultima_reunion) VALUES (6, 2, '978-968-16-0474-3', TO_DATE('2025-03-26', 'YYYY-MM-DD'), 65, TO_DATE('2024-01-23', 'YYYY-MM-DD'), 'Discusion completada satisfactoriamente', 5, 'S', 'S');
INSERT INTO casj_calendario_reunion_mes (id_club, id_grupo, isbn, fecha_reunion, id_miembro_moderador, fecha_asignacion, conclusiones, valoracion_final, realizada, ultima_reunion) VALUES (6, 2, '978-0-345-33568-8', TO_DATE('2025-04-15', 'YYYY-MM-DD'), 65, TO_DATE('2024-01-23', 'YYYY-MM-DD'), NULL, NULL, 'S', 'N');
INSERT INTO casj_calendario_reunion_mes (id_club, id_grupo, isbn, fecha_reunion, id_miembro_moderador, fecha_asignacion, conclusiones, valoracion_final, realizada, ultima_reunion) VALUES (6, 2, '978-0-345-33568-8', TO_DATE('2025-05-07', 'YYYY-MM-DD'), 65, TO_DATE('2024-01-23', 'YYYY-MM-DD'), 'Discusion completada satisfactoriamente', 4, 'S', 'S');
INSERT INTO casj_calendario_reunion_mes (id_club, id_grupo, isbn, fecha_reunion, id_miembro_moderador, fecha_asignacion, conclusiones, valoracion_final, realizada, ultima_reunion) VALUES (6, 2, '978-84-376-0310-6', TO_DATE('2025-05-29', 'YYYY-MM-DD'), 65, TO_DATE('2024-01-23', 'YYYY-MM-DD'), NULL, NULL, 'S', 'N');
INSERT INTO casj_calendario_reunion_mes (id_club, id_grupo, isbn, fecha_reunion, id_miembro_moderador, fecha_asignacion, conclusiones, valoracion_final, realizada, ultima_reunion) VALUES (6, 2, '978-84-376-0310-6', TO_DATE('2025-06-18', 'YYYY-MM-DD'), 65, TO_DATE('2024-01-23', 'YYYY-MM-DD'), 'Discusion completada satisfactoriamente', 4, 'S', 'S');
INSERT INTO casj_calendario_reunion_mes (id_club, id_grupo, isbn, fecha_reunion, id_miembro_moderador, fecha_asignacion, conclusiones, valoracion_final, realizada, ultima_reunion) VALUES (6, 2, '978-84-206-3524-3', TO_DATE('2025-07-15', 'YYYY-MM-DD'), 65, TO_DATE('2024-01-23', 'YYYY-MM-DD'), NULL, NULL, 'S', 'N');
INSERT INTO casj_calendario_reunion_mes (id_club, id_grupo, isbn, fecha_reunion, id_miembro_moderador, fecha_asignacion, conclusiones, valoracion_final, realizada, ultima_reunion) VALUES (6, 2, '978-84-206-3524-3', TO_DATE('2025-08-06', 'YYYY-MM-DD'), 65, TO_DATE('2024-01-23', 'YYYY-MM-DD'), 'Discusion completada satisfactoriamente', 5, 'S', 'S');
INSERT INTO casj_calendario_reunion_mes (id_club, id_grupo, isbn, fecha_reunion, id_miembro_moderador, fecha_asignacion, conclusiones, valoracion_final, realizada, ultima_reunion) VALUES (6, 2, '978-0-393-31283-7', TO_DATE('2025-08-30', 'YYYY-MM-DD'), 65, TO_DATE('2024-01-23', 'YYYY-MM-DD'), NULL, NULL, 'S', 'N');
INSERT INTO casj_calendario_reunion_mes (id_club, id_grupo, isbn, fecha_reunion, id_miembro_moderador, fecha_asignacion, conclusiones, valoracion_final, realizada, ultima_reunion) VALUES (6, 2, '978-0-393-31283-7', TO_DATE('2025-09-19', 'YYYY-MM-DD'), 65, TO_DATE('2024-01-23', 'YYYY-MM-DD'), 'Discusion completada satisfactoriamente', 3, 'S', 'S');
INSERT INTO casj_calendario_reunion_mes (id_club, id_grupo, isbn, fecha_reunion, id_miembro_moderador, fecha_asignacion, conclusiones, valoracion_final, realizada, ultima_reunion) VALUES (6, 2, '978-0-19-283477-8', TO_DATE('2025-10-13', 'YYYY-MM-DD'), 65, TO_DATE('2024-01-23', 'YYYY-MM-DD'), NULL, NULL, 'S', 'N');
INSERT INTO casj_calendario_reunion_mes (id_club, id_grupo, isbn, fecha_reunion, id_miembro_moderador, fecha_asignacion, conclusiones, valoracion_final, realizada, ultima_reunion) VALUES (6, 2, '978-0-19-283477-8', TO_DATE('2025-11-11', 'YYYY-MM-DD'), 65, TO_DATE('2024-01-23', 'YYYY-MM-DD'), 'Discusion completada satisfactoriamente', 5, 'S', 'S');
INSERT INTO casj_calendario_reunion_mes (id_club, id_grupo, isbn, fecha_reunion, id_miembro_moderador, fecha_asignacion, conclusiones, valoracion_final, realizada, ultima_reunion) VALUES (6, 3, '978-0-393-31283-7', TO_DATE('2024-10-01', 'YYYY-MM-DD'), 69, TO_DATE('2024-09-21', 'YYYY-MM-DD'), NULL, NULL, 'S', 'N');
INSERT INTO casj_calendario_reunion_mes (id_club, id_grupo, isbn, fecha_reunion, id_miembro_moderador, fecha_asignacion, conclusiones, valoracion_final, realizada, ultima_reunion) VALUES (6, 3, '978-0-393-31283-7', TO_DATE('2024-10-28', 'YYYY-MM-DD'), 69, TO_DATE('2024-09-21', 'YYYY-MM-DD'), 'Discusion completada satisfactoriamente', 5, 'S', 'S');
INSERT INTO casj_calendario_reunion_mes (id_club, id_grupo, isbn, fecha_reunion, id_miembro_moderador, fecha_asignacion, conclusiones, valoracion_final, realizada, ultima_reunion) VALUES (6, 3, '978-2-07-040850-4', TO_DATE('2024-11-21', 'YYYY-MM-DD'), 69, TO_DATE('2024-09-21', 'YYYY-MM-DD'), NULL, NULL, 'S', 'N');
INSERT INTO casj_calendario_reunion_mes (id_club, id_grupo, isbn, fecha_reunion, id_miembro_moderador, fecha_asignacion, conclusiones, valoracion_final, realizada, ultima_reunion) VALUES (6, 3, '978-2-07-040850-4', TO_DATE('2024-12-13', 'YYYY-MM-DD'), 69, TO_DATE('2024-09-21', 'YYYY-MM-DD'), 'Discusion completada satisfactoriamente', 3, 'S', 'S');
INSERT INTO casj_calendario_reunion_mes (id_club, id_grupo, isbn, fecha_reunion, id_miembro_moderador, fecha_asignacion, conclusiones, valoracion_final, realizada, ultima_reunion) VALUES (6, 3, '978-0-19-283477-8', TO_DATE('2025-01-07', 'YYYY-MM-DD'), 69, TO_DATE('2024-09-21', 'YYYY-MM-DD'), NULL, NULL, 'S', 'N');
INSERT INTO casj_calendario_reunion_mes (id_club, id_grupo, isbn, fecha_reunion, id_miembro_moderador, fecha_asignacion, conclusiones, valoracion_final, realizada, ultima_reunion) VALUES (6, 3, '978-0-19-283477-8', TO_DATE('2025-01-31', 'YYYY-MM-DD'), 69, TO_DATE('2024-09-21', 'YYYY-MM-DD'), 'Discusion completada satisfactoriamente', 5, 'S', 'S');
INSERT INTO casj_calendario_reunion_mes (id_club, id_grupo, isbn, fecha_reunion, id_miembro_moderador, fecha_asignacion, conclusiones, valoracion_final, realizada, ultima_reunion) VALUES (6, 3, '978-3-630-87214-1', TO_DATE('2025-03-02', 'YYYY-MM-DD'), 69, TO_DATE('2024-09-21', 'YYYY-MM-DD'), NULL, NULL, 'S', 'N');
INSERT INTO casj_calendario_reunion_mes (id_club, id_grupo, isbn, fecha_reunion, id_miembro_moderador, fecha_asignacion, conclusiones, valoracion_final, realizada, ultima_reunion) VALUES (6, 3, '978-3-630-87214-1', TO_DATE('2025-03-25', 'YYYY-MM-DD'), 69, TO_DATE('2024-09-21', 'YYYY-MM-DD'), 'Discusion completada satisfactoriamente', 3, 'S', 'S');
INSERT INTO casj_calendario_reunion_mes (id_club, id_grupo, isbn, fecha_reunion, id_miembro_moderador, fecha_asignacion, conclusiones, valoracion_final, realizada, ultima_reunion) VALUES (6, 3, '978-84-206-3524-3', TO_DATE('2025-04-23', 'YYYY-MM-DD'), 69, TO_DATE('2024-09-21', 'YYYY-MM-DD'), NULL, NULL, 'S', 'N');
INSERT INTO casj_calendario_reunion_mes (id_club, id_grupo, isbn, fecha_reunion, id_miembro_moderador, fecha_asignacion, conclusiones, valoracion_final, realizada, ultima_reunion) VALUES (6, 3, '978-84-206-3524-3', TO_DATE('2025-05-23', 'YYYY-MM-DD'), 69, TO_DATE('2024-09-21', 'YYYY-MM-DD'), 'Discusion completada satisfactoriamente', 4, 'S', 'S');
INSERT INTO casj_calendario_reunion_mes (id_club, id_grupo, isbn, fecha_reunion, id_miembro_moderador, fecha_asignacion, conclusiones, valoracion_final, realizada, ultima_reunion) VALUES (6, 3, '978-84-206-3532-8', TO_DATE('2025-06-18', 'YYYY-MM-DD'), 69, TO_DATE('2024-09-21', 'YYYY-MM-DD'), NULL, NULL, 'S', 'N');
INSERT INTO casj_calendario_reunion_mes (id_club, id_grupo, isbn, fecha_reunion, id_miembro_moderador, fecha_asignacion, conclusiones, valoracion_final, realizada, ultima_reunion) VALUES (6, 3, '978-84-206-3532-8', TO_DATE('2025-07-16', 'YYYY-MM-DD'), 69, TO_DATE('2024-09-21', 'YYYY-MM-DD'), 'Discusion completada satisfactoriamente', 4, 'S', 'S');
INSERT INTO casj_calendario_reunion_mes (id_club, id_grupo, isbn, fecha_reunion, id_miembro_moderador, fecha_asignacion, conclusiones, valoracion_final, realizada, ultima_reunion) VALUES (6, 3, '978-0-345-33570-1', TO_DATE('2025-08-06', 'YYYY-MM-DD'), 69, TO_DATE('2024-09-21', 'YYYY-MM-DD'), NULL, NULL, 'S', 'N');
INSERT INTO casj_calendario_reunion_mes (id_club, id_grupo, isbn, fecha_reunion, id_miembro_moderador, fecha_asignacion, conclusiones, valoracion_final, realizada, ultima_reunion) VALUES (6, 3, '978-0-345-33570-1', TO_DATE('2025-09-01', 'YYYY-MM-DD'), 69, TO_DATE('2024-09-21', 'YYYY-MM-DD'), 'Discusion completada satisfactoriamente', 5, 'S', 'S');
INSERT INTO casj_calendario_reunion_mes (id_club, id_grupo, isbn, fecha_reunion, id_miembro_moderador, fecha_asignacion, conclusiones, valoracion_final, realizada, ultima_reunion) VALUES (6, 3, '978-84-376-0189-8', TO_DATE('2025-09-22', 'YYYY-MM-DD'), 69, TO_DATE('2024-09-21', 'YYYY-MM-DD'), NULL, NULL, 'S', 'N');
INSERT INTO casj_calendario_reunion_mes (id_club, id_grupo, isbn, fecha_reunion, id_miembro_moderador, fecha_asignacion, conclusiones, valoracion_final, realizada, ultima_reunion) VALUES (6, 3, '978-84-376-0189-8', TO_DATE('2025-10-14', 'YYYY-MM-DD'), 69, TO_DATE('2024-09-21', 'YYYY-MM-DD'), 'Discusion completada satisfactoriamente', 3, 'S', 'S');
INSERT INTO casj_calendario_reunion_mes (id_club, id_grupo, isbn, fecha_reunion, id_miembro_moderador, fecha_asignacion, conclusiones, valoracion_final, realizada, ultima_reunion) VALUES (6, 3, '978-968-16-0474-3', TO_DATE('2025-11-10', 'YYYY-MM-DD'), 69, TO_DATE('2024-09-21', 'YYYY-MM-DD'), NULL, NULL, 'S', 'N');
INSERT INTO casj_calendario_reunion_mes (id_club, id_grupo, isbn, fecha_reunion, id_miembro_moderador, fecha_asignacion, conclusiones, valoracion_final, realizada, ultima_reunion) VALUES (6, 3, '978-968-16-0474-3', TO_DATE('2025-12-05', 'YYYY-MM-DD'), 69, TO_DATE('2024-09-21', 'YYYY-MM-DD'), 'Discusion completada satisfactoriamente', 3, 'S', 'S');
INSERT INTO casj_calendario_reunion_mes (id_club, id_grupo, isbn, fecha_reunion, id_miembro_moderador, fecha_asignacion, conclusiones, valoracion_final, realizada, ultima_reunion) VALUES (6, 3, '978-0-14-241037-2', TO_DATE('2025-12-25', 'YYYY-MM-DD'), 69, TO_DATE('2024-09-21', 'YYYY-MM-DD'), NULL, NULL, 'S', 'N');
INSERT INTO casj_calendario_reunion_mes (id_club, id_grupo, isbn, fecha_reunion, id_miembro_moderador, fecha_asignacion, conclusiones, valoracion_final, realizada, ultima_reunion) VALUES (6, 3, '978-0-14-241037-2', TO_DATE('2026-01-18', 'YYYY-MM-DD'), 69, TO_DATE('2024-09-21', 'YYYY-MM-DD'), 'Discusion completada satisfactoriamente', 4, 'S', 'S');
INSERT INTO casj_calendario_reunion_mes (id_club, id_grupo, isbn, fecha_reunion, id_miembro_moderador, fecha_asignacion, conclusiones, valoracion_final, realizada, ultima_reunion) VALUES (6, 3, '978-0-345-33569-5', TO_DATE('2026-01-25', 'YYYY-MM-DD'), 69, TO_DATE('2024-09-21', 'YYYY-MM-DD'), NULL, NULL, 'S', 'N');
INSERT INTO casj_calendario_reunion_mes (id_club, id_grupo, isbn, fecha_reunion, id_miembro_moderador, fecha_asignacion, conclusiones, valoracion_final, realizada, ultima_reunion) VALUES (6, 3, '978-0-345-33569-5', TO_DATE('2026-02-01', 'YYYY-MM-DD'), 69, TO_DATE('2024-09-21', 'YYYY-MM-DD'), NULL, NULL, 'S', 'N');
INSERT INTO casj_calendario_reunion_mes (id_club, id_grupo, isbn, fecha_reunion, id_miembro_moderador, fecha_asignacion, conclusiones, valoracion_final, realizada, ultima_reunion) VALUES (6, 3, '978-0-345-33569-5', TO_DATE('2026-02-08', 'YYYY-MM-DD'), 69, TO_DATE('2024-09-21', 'YYYY-MM-DD'), NULL, NULL, 'S', 'N');
INSERT INTO casj_calendario_reunion_mes (id_club, id_grupo, isbn, fecha_reunion, id_miembro_moderador, fecha_asignacion, conclusiones, valoracion_final, realizada, ultima_reunion) VALUES (6, 3, '978-0-345-33569-5', TO_DATE('2026-02-15', 'YYYY-MM-DD'), 69, TO_DATE('2024-09-21', 'YYYY-MM-DD'), 'Discusion completada satisfactoriamente', 3, 'S', 'S');
INSERT INTO casj_calendario_reunion_mes (id_club, id_grupo, isbn, fecha_reunion, id_miembro_moderador, fecha_asignacion, conclusiones, valoracion_final, realizada, ultima_reunion) VALUES (6, 3, '978-0-345-33568-8', TO_DATE('2026-02-22', 'YYYY-MM-DD'), 69, TO_DATE('2024-09-21', 'YYYY-MM-DD'), NULL, NULL, 'S', 'N');
INSERT INTO casj_calendario_reunion_mes (id_club, id_grupo, isbn, fecha_reunion, id_miembro_moderador, fecha_asignacion, conclusiones, valoracion_final, realizada, ultima_reunion) VALUES (6, 3, '978-0-345-33568-8', TO_DATE('2026-03-01', 'YYYY-MM-DD'), 69, TO_DATE('2024-09-21', 'YYYY-MM-DD'), NULL, NULL, 'S', 'N');
INSERT INTO casj_calendario_reunion_mes (id_club, id_grupo, isbn, fecha_reunion, id_miembro_moderador, fecha_asignacion, conclusiones, valoracion_final, realizada, ultima_reunion) VALUES (6, 3, '978-0-345-33568-8', TO_DATE('2026-03-08', 'YYYY-MM-DD'), 69, TO_DATE('2024-09-21', 'YYYY-MM-DD'), NULL, NULL, 'S', 'N');
INSERT INTO casj_calendario_reunion_mes (id_club, id_grupo, isbn, fecha_reunion, id_miembro_moderador, fecha_asignacion, conclusiones, valoracion_final, realizada, ultima_reunion) VALUES (6, 3, '978-0-345-33568-8', TO_DATE('2026-03-15', 'YYYY-MM-DD'), 69, TO_DATE('2024-09-21', 'YYYY-MM-DD'), 'Discusion completada satisfactoriamente', 4, 'S', 'S');
INSERT INTO casj_calendario_reunion_mes (id_club, id_grupo, isbn, fecha_reunion, id_miembro_moderador, fecha_asignacion, conclusiones, valoracion_final, realizada, ultima_reunion) VALUES (7, 1, '978-0-19-283477-8', TO_DATE('2024-11-15', 'YYYY-MM-DD'), 73, TO_DATE('2023-11-21', 'YYYY-MM-DD'), NULL, NULL, 'S', 'N');
INSERT INTO casj_calendario_reunion_mes (id_club, id_grupo, isbn, fecha_reunion, id_miembro_moderador, fecha_asignacion, conclusiones, valoracion_final, realizada, ultima_reunion) VALUES (7, 1, '978-0-19-283477-8', TO_DATE('2024-12-09', 'YYYY-MM-DD'), 73, TO_DATE('2023-11-21', 'YYYY-MM-DD'), 'Discusion completada satisfactoriamente', 3, 'S', 'S');
INSERT INTO casj_calendario_reunion_mes (id_club, id_grupo, isbn, fecha_reunion, id_miembro_moderador, fecha_asignacion, conclusiones, valoracion_final, realizada, ultima_reunion) VALUES (7, 1, '978-0-394-71772-1', TO_DATE('2025-01-04', 'YYYY-MM-DD'), 73, TO_DATE('2023-11-21', 'YYYY-MM-DD'), NULL, NULL, 'S', 'N');
INSERT INTO casj_calendario_reunion_mes (id_club, id_grupo, isbn, fecha_reunion, id_miembro_moderador, fecha_asignacion, conclusiones, valoracion_final, realizada, ultima_reunion) VALUES (7, 1, '978-0-394-71772-1', TO_DATE('2025-02-03', 'YYYY-MM-DD'), 73, TO_DATE('2023-11-21', 'YYYY-MM-DD'), 'Discusion completada satisfactoriamente', 5, 'S', 'S');
INSERT INTO casj_calendario_reunion_mes (id_club, id_grupo, isbn, fecha_reunion, id_miembro_moderador, fecha_asignacion, conclusiones, valoracion_final, realizada, ultima_reunion) VALUES (7, 1, '978-0-393-31283-7', TO_DATE('2025-02-27', 'YYYY-MM-DD'), 73, TO_DATE('2023-11-21', 'YYYY-MM-DD'), NULL, NULL, 'S', 'N');
INSERT INTO casj_calendario_reunion_mes (id_club, id_grupo, isbn, fecha_reunion, id_miembro_moderador, fecha_asignacion, conclusiones, valoracion_final, realizada, ultima_reunion) VALUES (7, 1, '978-0-393-31283-7', TO_DATE('2025-03-20', 'YYYY-MM-DD'), 73, TO_DATE('2023-11-21', 'YYYY-MM-DD'), 'Discusion completada satisfactoriamente', 5, 'S', 'S');
INSERT INTO casj_calendario_reunion_mes (id_club, id_grupo, isbn, fecha_reunion, id_miembro_moderador, fecha_asignacion, conclusiones, valoracion_final, realizada, ultima_reunion) VALUES (7, 1, '978-84-376-0189-8', TO_DATE('2025-04-13', 'YYYY-MM-DD'), 73, TO_DATE('2023-11-21', 'YYYY-MM-DD'), NULL, NULL, 'S', 'N');
INSERT INTO casj_calendario_reunion_mes (id_club, id_grupo, isbn, fecha_reunion, id_miembro_moderador, fecha_asignacion, conclusiones, valoracion_final, realizada, ultima_reunion) VALUES (7, 1, '978-84-376-0189-8', TO_DATE('2025-05-08', 'YYYY-MM-DD'), 73, TO_DATE('2023-11-21', 'YYYY-MM-DD'), 'Discusion completada satisfactoriamente', 5, 'S', 'S');
INSERT INTO casj_calendario_reunion_mes (id_club, id_grupo, isbn, fecha_reunion, id_miembro_moderador, fecha_asignacion, conclusiones, valoracion_final, realizada, ultima_reunion) VALUES (7, 1, '978-968-16-0474-3', TO_DATE('2025-05-31', 'YYYY-MM-DD'), 73, TO_DATE('2023-11-21', 'YYYY-MM-DD'), NULL, NULL, 'S', 'N');
INSERT INTO casj_calendario_reunion_mes (id_club, id_grupo, isbn, fecha_reunion, id_miembro_moderador, fecha_asignacion, conclusiones, valoracion_final, realizada, ultima_reunion) VALUES (7, 1, '978-968-16-0474-3', TO_DATE('2025-06-23', 'YYYY-MM-DD'), 73, TO_DATE('2023-11-21', 'YYYY-MM-DD'), 'Discusion completada satisfactoriamente', 3, 'S', 'S');
INSERT INTO casj_calendario_reunion_mes (id_club, id_grupo, isbn, fecha_reunion, id_miembro_moderador, fecha_asignacion, conclusiones, valoracion_final, realizada, ultima_reunion) VALUES (7, 1, '978-0-345-33568-8', TO_DATE('2025-07-20', 'YYYY-MM-DD'), 73, TO_DATE('2023-11-21', 'YYYY-MM-DD'), NULL, NULL, 'S', 'N');
INSERT INTO casj_calendario_reunion_mes (id_club, id_grupo, isbn, fecha_reunion, id_miembro_moderador, fecha_asignacion, conclusiones, valoracion_final, realizada, ultima_reunion) VALUES (7, 1, '978-0-345-33568-8', TO_DATE('2025-08-11', 'YYYY-MM-DD'), 73, TO_DATE('2023-11-21', 'YYYY-MM-DD'), 'Discusion completada satisfactoriamente', 4, 'S', 'S');
INSERT INTO casj_calendario_reunion_mes (id_club, id_grupo, isbn, fecha_reunion, id_miembro_moderador, fecha_asignacion, conclusiones, valoracion_final, realizada, ultima_reunion) VALUES (7, 1, '978-84-206-3532-8', TO_DATE('2025-09-09', 'YYYY-MM-DD'), 73, TO_DATE('2023-11-21', 'YYYY-MM-DD'), NULL, NULL, 'S', 'N');
INSERT INTO casj_calendario_reunion_mes (id_club, id_grupo, isbn, fecha_reunion, id_miembro_moderador, fecha_asignacion, conclusiones, valoracion_final, realizada, ultima_reunion) VALUES (7, 1, '978-84-206-3532-8', TO_DATE('2025-10-04', 'YYYY-MM-DD'), 73, TO_DATE('2023-11-21', 'YYYY-MM-DD'), 'Discusion completada satisfactoriamente', 4, 'S', 'S');
INSERT INTO casj_calendario_reunion_mes (id_club, id_grupo, isbn, fecha_reunion, id_miembro_moderador, fecha_asignacion, conclusiones, valoracion_final, realizada, ultima_reunion) VALUES (7, 1, '978-84-376-0310-6', TO_DATE('2025-11-01', 'YYYY-MM-DD'), 73, TO_DATE('2023-11-21', 'YYYY-MM-DD'), NULL, NULL, 'S', 'N');
INSERT INTO casj_calendario_reunion_mes (id_club, id_grupo, isbn, fecha_reunion, id_miembro_moderador, fecha_asignacion, conclusiones, valoracion_final, realizada, ultima_reunion) VALUES (7, 1, '978-84-376-0310-6', TO_DATE('2025-11-28', 'YYYY-MM-DD'), 73, TO_DATE('2023-11-21', 'YYYY-MM-DD'), 'Discusion completada satisfactoriamente', 5, 'S', 'S');
INSERT INTO casj_calendario_reunion_mes (id_club, id_grupo, isbn, fecha_reunion, id_miembro_moderador, fecha_asignacion, conclusiones, valoracion_final, realizada, ultima_reunion) VALUES (7, 1, '978-83-7506-289-7', TO_DATE('2025-12-28', 'YYYY-MM-DD'), 73, TO_DATE('2023-11-21', 'YYYY-MM-DD'), NULL, NULL, 'S', 'N');
INSERT INTO casj_calendario_reunion_mes (id_club, id_grupo, isbn, fecha_reunion, id_miembro_moderador, fecha_asignacion, conclusiones, valoracion_final, realizada, ultima_reunion) VALUES (7, 1, '978-83-7506-289-7', TO_DATE('2026-01-20', 'YYYY-MM-DD'), 73, TO_DATE('2023-11-21', 'YYYY-MM-DD'), 'Discusion completada satisfactoriamente', 3, 'S', 'S');
INSERT INTO casj_calendario_reunion_mes (id_club, id_grupo, isbn, fecha_reunion, id_miembro_moderador, fecha_asignacion, conclusiones, valoracion_final, realizada, ultima_reunion) VALUES (7, 1, '978-0-14-241037-2', TO_DATE('2026-01-27', 'YYYY-MM-DD'), 73, TO_DATE('2023-11-21', 'YYYY-MM-DD'), NULL, NULL, 'S', 'N');
INSERT INTO casj_calendario_reunion_mes (id_club, id_grupo, isbn, fecha_reunion, id_miembro_moderador, fecha_asignacion, conclusiones, valoracion_final, realizada, ultima_reunion) VALUES (7, 1, '978-0-14-241037-2', TO_DATE('2026-02-03', 'YYYY-MM-DD'), 73, TO_DATE('2023-11-21', 'YYYY-MM-DD'), NULL, NULL, 'S', 'N');
INSERT INTO casj_calendario_reunion_mes (id_club, id_grupo, isbn, fecha_reunion, id_miembro_moderador, fecha_asignacion, conclusiones, valoracion_final, realizada, ultima_reunion) VALUES (7, 1, '978-0-14-241037-2', TO_DATE('2026-02-10', 'YYYY-MM-DD'), 73, TO_DATE('2023-11-21', 'YYYY-MM-DD'), NULL, NULL, 'S', 'N');
INSERT INTO casj_calendario_reunion_mes (id_club, id_grupo, isbn, fecha_reunion, id_miembro_moderador, fecha_asignacion, conclusiones, valoracion_final, realizada, ultima_reunion) VALUES (7, 1, '978-0-14-241037-2', TO_DATE('2026-02-17', 'YYYY-MM-DD'), 73, TO_DATE('2023-11-21', 'YYYY-MM-DD'), 'Discusion completada satisfactoriamente', 5, 'S', 'S');
INSERT INTO casj_calendario_reunion_mes (id_club, id_grupo, isbn, fecha_reunion, id_miembro_moderador, fecha_asignacion, conclusiones, valoracion_final, realizada, ultima_reunion) VALUES (7, 1, '978-3-630-87214-1', TO_DATE('2026-02-24', 'YYYY-MM-DD'), 73, TO_DATE('2023-11-21', 'YYYY-MM-DD'), NULL, NULL, 'S', 'N');
INSERT INTO casj_calendario_reunion_mes (id_club, id_grupo, isbn, fecha_reunion, id_miembro_moderador, fecha_asignacion, conclusiones, valoracion_final, realizada, ultima_reunion) VALUES (7, 1, '978-3-630-87214-1', TO_DATE('2026-03-03', 'YYYY-MM-DD'), 73, TO_DATE('2023-11-21', 'YYYY-MM-DD'), NULL, NULL, 'S', 'N');
INSERT INTO casj_calendario_reunion_mes (id_club, id_grupo, isbn, fecha_reunion, id_miembro_moderador, fecha_asignacion, conclusiones, valoracion_final, realizada, ultima_reunion) VALUES (7, 1, '978-3-630-87214-1', TO_DATE('2026-03-10', 'YYYY-MM-DD'), 73, TO_DATE('2023-11-21', 'YYYY-MM-DD'), NULL, NULL, 'S', 'N');
INSERT INTO casj_calendario_reunion_mes (id_club, id_grupo, isbn, fecha_reunion, id_miembro_moderador, fecha_asignacion, conclusiones, valoracion_final, realizada, ultima_reunion) VALUES (7, 1, '978-3-630-87214-1', TO_DATE('2026-03-17', 'YYYY-MM-DD'), 73, TO_DATE('2023-11-21', 'YYYY-MM-DD'), 'Discusion completada satisfactoriamente', 5, 'S', 'S');
INSERT INTO casj_calendario_reunion_mes (id_club, id_grupo, isbn, fecha_reunion, id_miembro_moderador, fecha_asignacion, conclusiones, valoracion_final, realizada, ultima_reunion) VALUES (7, 1, '978-0-446-52080-1', TO_DATE('2026-03-24', 'YYYY-MM-DD'), 73, TO_DATE('2023-11-21', 'YYYY-MM-DD'), NULL, NULL, 'S', 'N');
INSERT INTO casj_calendario_reunion_mes (id_club, id_grupo, isbn, fecha_reunion, id_miembro_moderador, fecha_asignacion, conclusiones, valoracion_final, realizada, ultima_reunion) VALUES (7, 1, '978-0-446-52080-1', TO_DATE('2026-03-31', 'YYYY-MM-DD'), 73, TO_DATE('2023-11-21', 'YYYY-MM-DD'), NULL, NULL, 'S', 'N');
INSERT INTO casj_calendario_reunion_mes (id_club, id_grupo, isbn, fecha_reunion, id_miembro_moderador, fecha_asignacion, conclusiones, valoracion_final, realizada, ultima_reunion) VALUES (7, 1, '978-0-446-52080-1', TO_DATE('2026-04-07', 'YYYY-MM-DD'), 73, TO_DATE('2023-11-21', 'YYYY-MM-DD'), NULL, NULL, 'S', 'N');
INSERT INTO casj_calendario_reunion_mes (id_club, id_grupo, isbn, fecha_reunion, id_miembro_moderador, fecha_asignacion, conclusiones, valoracion_final, realizada, ultima_reunion) VALUES (7, 1, '978-0-446-52080-1', TO_DATE('2026-04-14', 'YYYY-MM-DD'), 73, TO_DATE('2023-11-21', 'YYYY-MM-DD'), 'Discusion completada satisfactoriamente', 3, 'S', 'S');
INSERT INTO casj_calendario_reunion_mes (id_club, id_grupo, isbn, fecha_reunion, id_miembro_moderador, fecha_asignacion, conclusiones, valoracion_final, realizada, ultima_reunion) VALUES (7, 2, '978-84-206-3532-8', TO_DATE('2025-05-27', 'YYYY-MM-DD'), 77, TO_DATE('2025-04-19', 'YYYY-MM-DD'), NULL, NULL, 'S', 'N');
INSERT INTO casj_calendario_reunion_mes (id_club, id_grupo, isbn, fecha_reunion, id_miembro_moderador, fecha_asignacion, conclusiones, valoracion_final, realizada, ultima_reunion) VALUES (7, 2, '978-84-206-3532-8', TO_DATE('2025-06-17', 'YYYY-MM-DD'), 77, TO_DATE('2025-04-19', 'YYYY-MM-DD'), 'Discusion completada satisfactoriamente', 5, 'S', 'S');
INSERT INTO casj_calendario_reunion_mes (id_club, id_grupo, isbn, fecha_reunion, id_miembro_moderador, fecha_asignacion, conclusiones, valoracion_final, realizada, ultima_reunion) VALUES (7, 2, '978-3-630-87214-1', TO_DATE('2025-07-10', 'YYYY-MM-DD'), 77, TO_DATE('2025-04-19', 'YYYY-MM-DD'), NULL, NULL, 'S', 'N');
INSERT INTO casj_calendario_reunion_mes (id_club, id_grupo, isbn, fecha_reunion, id_miembro_moderador, fecha_asignacion, conclusiones, valoracion_final, realizada, ultima_reunion) VALUES (7, 2, '978-3-630-87214-1', TO_DATE('2025-08-08', 'YYYY-MM-DD'), 77, TO_DATE('2025-04-19', 'YYYY-MM-DD'), 'Discusion completada satisfactoriamente', 4, 'S', 'S');
INSERT INTO casj_calendario_reunion_mes (id_club, id_grupo, isbn, fecha_reunion, id_miembro_moderador, fecha_asignacion, conclusiones, valoracion_final, realizada, ultima_reunion) VALUES (7, 2, '978-84-376-0189-8', TO_DATE('2025-08-29', 'YYYY-MM-DD'), 77, TO_DATE('2025-04-19', 'YYYY-MM-DD'), NULL, NULL, 'S', 'N');
INSERT INTO casj_calendario_reunion_mes (id_club, id_grupo, isbn, fecha_reunion, id_miembro_moderador, fecha_asignacion, conclusiones, valoracion_final, realizada, ultima_reunion) VALUES (7, 2, '978-84-376-0189-8', TO_DATE('2025-09-26', 'YYYY-MM-DD'), 77, TO_DATE('2025-04-19', 'YYYY-MM-DD'), 'Discusion completada satisfactoriamente', 4, 'S', 'S');
INSERT INTO casj_calendario_reunion_mes (id_club, id_grupo, isbn, fecha_reunion, id_miembro_moderador, fecha_asignacion, conclusiones, valoracion_final, realizada, ultima_reunion) VALUES (7, 2, '978-84-376-0310-6', TO_DATE('2025-10-16', 'YYYY-MM-DD'), 77, TO_DATE('2025-04-19', 'YYYY-MM-DD'), NULL, NULL, 'S', 'N');
INSERT INTO casj_calendario_reunion_mes (id_club, id_grupo, isbn, fecha_reunion, id_miembro_moderador, fecha_asignacion, conclusiones, valoracion_final, realizada, ultima_reunion) VALUES (7, 2, '978-84-376-0310-6', TO_DATE('2025-11-12', 'YYYY-MM-DD'), 77, TO_DATE('2025-04-19', 'YYYY-MM-DD'), 'Discusion completada satisfactoriamente', 3, 'S', 'S');
INSERT INTO casj_calendario_reunion_mes (id_club, id_grupo, isbn, fecha_reunion, id_miembro_moderador, fecha_asignacion, conclusiones, valoracion_final, realizada, ultima_reunion) VALUES (7, 2, '978-0-345-33569-5', TO_DATE('2025-12-10', 'YYYY-MM-DD'), 77, TO_DATE('2025-04-19', 'YYYY-MM-DD'), NULL, NULL, 'S', 'N');
INSERT INTO casj_calendario_reunion_mes (id_club, id_grupo, isbn, fecha_reunion, id_miembro_moderador, fecha_asignacion, conclusiones, valoracion_final, realizada, ultima_reunion) VALUES (7, 2, '978-0-345-33569-5', TO_DATE('2026-01-05', 'YYYY-MM-DD'), 77, TO_DATE('2025-04-19', 'YYYY-MM-DD'), 'Discusion completada satisfactoriamente', 4, 'S', 'S');
INSERT INTO casj_calendario_reunion_mes (id_club, id_grupo, isbn, fecha_reunion, id_miembro_moderador, fecha_asignacion, conclusiones, valoracion_final, realizada, ultima_reunion) VALUES (7, 2, '978-0-393-31283-7', TO_DATE('2026-01-12', 'YYYY-MM-DD'), 77, TO_DATE('2025-04-19', 'YYYY-MM-DD'), NULL, NULL, 'S', 'N');
INSERT INTO casj_calendario_reunion_mes (id_club, id_grupo, isbn, fecha_reunion, id_miembro_moderador, fecha_asignacion, conclusiones, valoracion_final, realizada, ultima_reunion) VALUES (7, 2, '978-0-393-31283-7', TO_DATE('2026-01-19', 'YYYY-MM-DD'), 77, TO_DATE('2025-04-19', 'YYYY-MM-DD'), NULL, NULL, 'S', 'N');
INSERT INTO casj_calendario_reunion_mes (id_club, id_grupo, isbn, fecha_reunion, id_miembro_moderador, fecha_asignacion, conclusiones, valoracion_final, realizada, ultima_reunion) VALUES (7, 2, '978-0-393-31283-7', TO_DATE('2026-01-26', 'YYYY-MM-DD'), 77, TO_DATE('2025-04-19', 'YYYY-MM-DD'), NULL, NULL, 'S', 'N');
INSERT INTO casj_calendario_reunion_mes (id_club, id_grupo, isbn, fecha_reunion, id_miembro_moderador, fecha_asignacion, conclusiones, valoracion_final, realizada, ultima_reunion) VALUES (7, 2, '978-0-393-31283-7', TO_DATE('2026-02-02', 'YYYY-MM-DD'), 77, TO_DATE('2025-04-19', 'YYYY-MM-DD'), 'Discusion completada satisfactoriamente', 5, 'S', 'S');
INSERT INTO casj_calendario_reunion_mes (id_club, id_grupo, isbn, fecha_reunion, id_miembro_moderador, fecha_asignacion, conclusiones, valoracion_final, realizada, ultima_reunion) VALUES (7, 2, '978-968-16-0474-3', TO_DATE('2026-02-09', 'YYYY-MM-DD'), 77, TO_DATE('2025-04-19', 'YYYY-MM-DD'), NULL, NULL, 'S', 'N');
INSERT INTO casj_calendario_reunion_mes (id_club, id_grupo, isbn, fecha_reunion, id_miembro_moderador, fecha_asignacion, conclusiones, valoracion_final, realizada, ultima_reunion) VALUES (7, 2, '978-968-16-0474-3', TO_DATE('2026-02-16', 'YYYY-MM-DD'), 77, TO_DATE('2025-04-19', 'YYYY-MM-DD'), NULL, NULL, 'S', 'N');
INSERT INTO casj_calendario_reunion_mes (id_club, id_grupo, isbn, fecha_reunion, id_miembro_moderador, fecha_asignacion, conclusiones, valoracion_final, realizada, ultima_reunion) VALUES (7, 2, '978-968-16-0474-3', TO_DATE('2026-02-23', 'YYYY-MM-DD'), 77, TO_DATE('2025-04-19', 'YYYY-MM-DD'), NULL, NULL, 'S', 'N');
INSERT INTO casj_calendario_reunion_mes (id_club, id_grupo, isbn, fecha_reunion, id_miembro_moderador, fecha_asignacion, conclusiones, valoracion_final, realizada, ultima_reunion) VALUES (7, 2, '978-968-16-0474-3', TO_DATE('2026-03-02', 'YYYY-MM-DD'), 77, TO_DATE('2025-04-19', 'YYYY-MM-DD'), 'Discusion completada satisfactoriamente', 3, 'S', 'S');
INSERT INTO casj_calendario_reunion_mes (id_club, id_grupo, isbn, fecha_reunion, id_miembro_moderador, fecha_asignacion, conclusiones, valoracion_final, realizada, ultima_reunion) VALUES (7, 2, '978-0-345-33568-8', TO_DATE('2026-03-09', 'YYYY-MM-DD'), 77, TO_DATE('2025-04-19', 'YYYY-MM-DD'), NULL, NULL, 'S', 'N');
INSERT INTO casj_calendario_reunion_mes (id_club, id_grupo, isbn, fecha_reunion, id_miembro_moderador, fecha_asignacion, conclusiones, valoracion_final, realizada, ultima_reunion) VALUES (7, 2, '978-0-345-33568-8', TO_DATE('2026-03-16', 'YYYY-MM-DD'), 77, TO_DATE('2025-04-19', 'YYYY-MM-DD'), NULL, NULL, 'S', 'N');
INSERT INTO casj_calendario_reunion_mes (id_club, id_grupo, isbn, fecha_reunion, id_miembro_moderador, fecha_asignacion, conclusiones, valoracion_final, realizada, ultima_reunion) VALUES (7, 2, '978-0-345-33568-8', TO_DATE('2026-03-23', 'YYYY-MM-DD'), 77, TO_DATE('2025-04-19', 'YYYY-MM-DD'), NULL, NULL, 'S', 'N');
INSERT INTO casj_calendario_reunion_mes (id_club, id_grupo, isbn, fecha_reunion, id_miembro_moderador, fecha_asignacion, conclusiones, valoracion_final, realizada, ultima_reunion) VALUES (7, 2, '978-0-345-33568-8', TO_DATE('2026-03-30', 'YYYY-MM-DD'), 77, TO_DATE('2025-04-19', 'YYYY-MM-DD'), 'Discusion completada satisfactoriamente', 5, 'S', 'S');
INSERT INTO casj_calendario_reunion_mes (id_club, id_grupo, isbn, fecha_reunion, id_miembro_moderador, fecha_asignacion, conclusiones, valoracion_final, realizada, ultima_reunion) VALUES (7, 2, '978-83-7506-289-7', TO_DATE('2026-04-06', 'YYYY-MM-DD'), 77, TO_DATE('2025-04-19', 'YYYY-MM-DD'), NULL, NULL, 'S', 'N');
INSERT INTO casj_calendario_reunion_mes (id_club, id_grupo, isbn, fecha_reunion, id_miembro_moderador, fecha_asignacion, conclusiones, valoracion_final, realizada, ultima_reunion) VALUES (7, 2, '978-83-7506-289-7', TO_DATE('2026-04-13', 'YYYY-MM-DD'), 77, TO_DATE('2025-04-19', 'YYYY-MM-DD'), NULL, NULL, 'S', 'N');
INSERT INTO casj_calendario_reunion_mes (id_club, id_grupo, isbn, fecha_reunion, id_miembro_moderador, fecha_asignacion, conclusiones, valoracion_final, realizada, ultima_reunion) VALUES (7, 2, '978-83-7506-289-7', TO_DATE('2026-04-20', 'YYYY-MM-DD'), 77, TO_DATE('2025-04-19', 'YYYY-MM-DD'), NULL, NULL, 'S', 'N');
INSERT INTO casj_calendario_reunion_mes (id_club, id_grupo, isbn, fecha_reunion, id_miembro_moderador, fecha_asignacion, conclusiones, valoracion_final, realizada, ultima_reunion) VALUES (7, 2, '978-83-7506-289-7', TO_DATE('2026-04-27', 'YYYY-MM-DD'), 77, TO_DATE('2025-04-19', 'YYYY-MM-DD'), 'Discusion completada satisfactoriamente', 4, 'S', 'S');
INSERT INTO casj_calendario_reunion_mes (id_club, id_grupo, isbn, fecha_reunion, id_miembro_moderador, fecha_asignacion, conclusiones, valoracion_final, realizada, ultima_reunion) VALUES (7, 2, '978-0-394-71772-1', TO_DATE('2026-05-04', 'YYYY-MM-DD'), 77, TO_DATE('2025-04-19', 'YYYY-MM-DD'), NULL, NULL, 'S', 'N');
INSERT INTO casj_calendario_reunion_mes (id_club, id_grupo, isbn, fecha_reunion, id_miembro_moderador, fecha_asignacion, conclusiones, valoracion_final, realizada, ultima_reunion) VALUES (7, 2, '978-0-394-71772-1', TO_DATE('2026-05-11', 'YYYY-MM-DD'), 77, TO_DATE('2025-04-19', 'YYYY-MM-DD'), NULL, NULL, 'S', 'N');
INSERT INTO casj_calendario_reunion_mes (id_club, id_grupo, isbn, fecha_reunion, id_miembro_moderador, fecha_asignacion, conclusiones, valoracion_final, realizada, ultima_reunion) VALUES (7, 2, '978-0-394-71772-1', TO_DATE('2026-05-18', 'YYYY-MM-DD'), 77, TO_DATE('2025-04-19', 'YYYY-MM-DD'), NULL, NULL, 'S', 'N');
INSERT INTO casj_calendario_reunion_mes (id_club, id_grupo, isbn, fecha_reunion, id_miembro_moderador, fecha_asignacion, conclusiones, valoracion_final, realizada, ultima_reunion) VALUES (7, 2, '978-0-394-71772-1', TO_DATE('2026-05-25', 'YYYY-MM-DD'), 77, TO_DATE('2025-04-19', 'YYYY-MM-DD'), 'Discusion completada satisfactoriamente', 5, 'S', 'S');
INSERT INTO casj_calendario_reunion_mes (id_club, id_grupo, isbn, fecha_reunion, id_miembro_moderador, fecha_asignacion, conclusiones, valoracion_final, realizada, ultima_reunion) VALUES (7, 2, '978-0-446-52080-1', TO_DATE('2026-06-01', 'YYYY-MM-DD'), 77, TO_DATE('2025-04-19', 'YYYY-MM-DD'), NULL, NULL, 'S', 'N');
INSERT INTO casj_calendario_reunion_mes (id_club, id_grupo, isbn, fecha_reunion, id_miembro_moderador, fecha_asignacion, conclusiones, valoracion_final, realizada, ultima_reunion) VALUES (7, 2, '978-0-446-52080-1', TO_DATE('2026-06-08', 'YYYY-MM-DD'), 77, TO_DATE('2025-04-19', 'YYYY-MM-DD'), NULL, NULL, 'S', 'N');
INSERT INTO casj_calendario_reunion_mes (id_club, id_grupo, isbn, fecha_reunion, id_miembro_moderador, fecha_asignacion, conclusiones, valoracion_final, realizada, ultima_reunion) VALUES (7, 3, '978-0-345-33568-8', TO_DATE('2025-06-03', 'YYYY-MM-DD'), 81, TO_DATE('2025-05-26', 'YYYY-MM-DD'), NULL, NULL, 'S', 'N');
INSERT INTO casj_calendario_reunion_mes (id_club, id_grupo, isbn, fecha_reunion, id_miembro_moderador, fecha_asignacion, conclusiones, valoracion_final, realizada, ultima_reunion) VALUES (7, 3, '978-0-345-33568-8', TO_DATE('2025-06-24', 'YYYY-MM-DD'), 81, TO_DATE('2025-05-26', 'YYYY-MM-DD'), 'Discusion completada satisfactoriamente', 4, 'S', 'S');
INSERT INTO casj_calendario_reunion_mes (id_club, id_grupo, isbn, fecha_reunion, id_miembro_moderador, fecha_asignacion, conclusiones, valoracion_final, realizada, ultima_reunion) VALUES (7, 3, '978-0-446-52080-1', TO_DATE('2025-07-14', 'YYYY-MM-DD'), 81, TO_DATE('2025-05-26', 'YYYY-MM-DD'), NULL, NULL, 'S', 'N');
INSERT INTO casj_calendario_reunion_mes (id_club, id_grupo, isbn, fecha_reunion, id_miembro_moderador, fecha_asignacion, conclusiones, valoracion_final, realizada, ultima_reunion) VALUES (7, 3, '978-0-446-52080-1', TO_DATE('2025-08-07', 'YYYY-MM-DD'), 81, TO_DATE('2025-05-26', 'YYYY-MM-DD'), 'Discusion completada satisfactoriamente', 4, 'S', 'S');
INSERT INTO casj_calendario_reunion_mes (id_club, id_grupo, isbn, fecha_reunion, id_miembro_moderador, fecha_asignacion, conclusiones, valoracion_final, realizada, ultima_reunion) VALUES (7, 3, '978-0-394-71772-1', TO_DATE('2025-08-29', 'YYYY-MM-DD'), 81, TO_DATE('2025-05-26', 'YYYY-MM-DD'), NULL, NULL, 'S', 'N');
INSERT INTO casj_calendario_reunion_mes (id_club, id_grupo, isbn, fecha_reunion, id_miembro_moderador, fecha_asignacion, conclusiones, valoracion_final, realizada, ultima_reunion) VALUES (7, 3, '978-0-394-71772-1', TO_DATE('2025-09-20', 'YYYY-MM-DD'), 81, TO_DATE('2025-05-26', 'YYYY-MM-DD'), 'Discusion completada satisfactoriamente', 5, 'S', 'S');
INSERT INTO casj_calendario_reunion_mes (id_club, id_grupo, isbn, fecha_reunion, id_miembro_moderador, fecha_asignacion, conclusiones, valoracion_final, realizada, ultima_reunion) VALUES (7, 3, '978-0-14-241037-2', TO_DATE('2025-10-20', 'YYYY-MM-DD'), 81, TO_DATE('2025-05-26', 'YYYY-MM-DD'), NULL, NULL, 'S', 'N');
INSERT INTO casj_calendario_reunion_mes (id_club, id_grupo, isbn, fecha_reunion, id_miembro_moderador, fecha_asignacion, conclusiones, valoracion_final, realizada, ultima_reunion) VALUES (7, 3, '978-0-14-241037-2', TO_DATE('2025-11-15', 'YYYY-MM-DD'), 81, TO_DATE('2025-05-26', 'YYYY-MM-DD'), 'Discusion completada satisfactoriamente', 4, 'S', 'S');
INSERT INTO casj_calendario_reunion_mes (id_club, id_grupo, isbn, fecha_reunion, id_miembro_moderador, fecha_asignacion, conclusiones, valoracion_final, realizada, ultima_reunion) VALUES (7, 3, '978-84-376-0189-8', TO_DATE('2025-12-11', 'YYYY-MM-DD'), 81, TO_DATE('2025-05-26', 'YYYY-MM-DD'), NULL, NULL, 'S', 'N');
INSERT INTO casj_calendario_reunion_mes (id_club, id_grupo, isbn, fecha_reunion, id_miembro_moderador, fecha_asignacion, conclusiones, valoracion_final, realizada, ultima_reunion) VALUES (7, 3, '978-84-376-0189-8', TO_DATE('2026-01-07', 'YYYY-MM-DD'), 81, TO_DATE('2025-05-26', 'YYYY-MM-DD'), 'Discusion completada satisfactoriamente', 4, 'S', 'S');
INSERT INTO casj_calendario_reunion_mes (id_club, id_grupo, isbn, fecha_reunion, id_miembro_moderador, fecha_asignacion, conclusiones, valoracion_final, realizada, ultima_reunion) VALUES (7, 3, '978-83-7506-289-7', TO_DATE('2026-01-14', 'YYYY-MM-DD'), 81, TO_DATE('2025-05-26', 'YYYY-MM-DD'), NULL, NULL, 'S', 'N');
INSERT INTO casj_calendario_reunion_mes (id_club, id_grupo, isbn, fecha_reunion, id_miembro_moderador, fecha_asignacion, conclusiones, valoracion_final, realizada, ultima_reunion) VALUES (7, 3, '978-83-7506-289-7', TO_DATE('2026-01-21', 'YYYY-MM-DD'), 81, TO_DATE('2025-05-26', 'YYYY-MM-DD'), NULL, NULL, 'S', 'N');
INSERT INTO casj_calendario_reunion_mes (id_club, id_grupo, isbn, fecha_reunion, id_miembro_moderador, fecha_asignacion, conclusiones, valoracion_final, realizada, ultima_reunion) VALUES (7, 3, '978-83-7506-289-7', TO_DATE('2026-01-28', 'YYYY-MM-DD'), 81, TO_DATE('2025-05-26', 'YYYY-MM-DD'), NULL, NULL, 'S', 'N');
INSERT INTO casj_calendario_reunion_mes (id_club, id_grupo, isbn, fecha_reunion, id_miembro_moderador, fecha_asignacion, conclusiones, valoracion_final, realizada, ultima_reunion) VALUES (7, 3, '978-83-7506-289-7', TO_DATE('2026-02-04', 'YYYY-MM-DD'), 81, TO_DATE('2025-05-26', 'YYYY-MM-DD'), 'Discusion completada satisfactoriamente', 4, 'S', 'S');
INSERT INTO casj_calendario_reunion_mes (id_club, id_grupo, isbn, fecha_reunion, id_miembro_moderador, fecha_asignacion, conclusiones, valoracion_final, realizada, ultima_reunion) VALUES (7, 3, '978-0-393-31283-7', TO_DATE('2026-02-11', 'YYYY-MM-DD'), 81, TO_DATE('2025-05-26', 'YYYY-MM-DD'), NULL, NULL, 'S', 'N');
INSERT INTO casj_calendario_reunion_mes (id_club, id_grupo, isbn, fecha_reunion, id_miembro_moderador, fecha_asignacion, conclusiones, valoracion_final, realizada, ultima_reunion) VALUES (7, 3, '978-0-393-31283-7', TO_DATE('2026-02-18', 'YYYY-MM-DD'), 81, TO_DATE('2025-05-26', 'YYYY-MM-DD'), NULL, NULL, 'S', 'N');
INSERT INTO casj_calendario_reunion_mes (id_club, id_grupo, isbn, fecha_reunion, id_miembro_moderador, fecha_asignacion, conclusiones, valoracion_final, realizada, ultima_reunion) VALUES (7, 3, '978-0-393-31283-7', TO_DATE('2026-02-25', 'YYYY-MM-DD'), 81, TO_DATE('2025-05-26', 'YYYY-MM-DD'), NULL, NULL, 'S', 'N');
INSERT INTO casj_calendario_reunion_mes (id_club, id_grupo, isbn, fecha_reunion, id_miembro_moderador, fecha_asignacion, conclusiones, valoracion_final, realizada, ultima_reunion) VALUES (7, 3, '978-0-393-31283-7', TO_DATE('2026-03-04', 'YYYY-MM-DD'), 81, TO_DATE('2025-05-26', 'YYYY-MM-DD'), 'Discusion completada satisfactoriamente', 3, 'S', 'S');
INSERT INTO casj_calendario_reunion_mes (id_club, id_grupo, isbn, fecha_reunion, id_miembro_moderador, fecha_asignacion, conclusiones, valoracion_final, realizada, ultima_reunion) VALUES (7, 3, '978-0-345-33569-5', TO_DATE('2026-03-11', 'YYYY-MM-DD'), 81, TO_DATE('2025-05-26', 'YYYY-MM-DD'), NULL, NULL, 'S', 'N');
INSERT INTO casj_calendario_reunion_mes (id_club, id_grupo, isbn, fecha_reunion, id_miembro_moderador, fecha_asignacion, conclusiones, valoracion_final, realizada, ultima_reunion) VALUES (7, 3, '978-0-345-33569-5', TO_DATE('2026-03-18', 'YYYY-MM-DD'), 81, TO_DATE('2025-05-26', 'YYYY-MM-DD'), NULL, NULL, 'S', 'N');
INSERT INTO casj_calendario_reunion_mes (id_club, id_grupo, isbn, fecha_reunion, id_miembro_moderador, fecha_asignacion, conclusiones, valoracion_final, realizada, ultima_reunion) VALUES (7, 3, '978-0-345-33569-5', TO_DATE('2026-03-25', 'YYYY-MM-DD'), 81, TO_DATE('2025-05-26', 'YYYY-MM-DD'), NULL, NULL, 'S', 'N');
INSERT INTO casj_calendario_reunion_mes (id_club, id_grupo, isbn, fecha_reunion, id_miembro_moderador, fecha_asignacion, conclusiones, valoracion_final, realizada, ultima_reunion) VALUES (7, 3, '978-0-345-33569-5', TO_DATE('2026-04-01', 'YYYY-MM-DD'), 81, TO_DATE('2025-05-26', 'YYYY-MM-DD'), 'Discusion completada satisfactoriamente', 5, 'S', 'S');
INSERT INTO casj_calendario_reunion_mes (id_club, id_grupo, isbn, fecha_reunion, id_miembro_moderador, fecha_asignacion, conclusiones, valoracion_final, realizada, ultima_reunion) VALUES (7, 3, '978-84-206-3524-3', TO_DATE('2026-04-08', 'YYYY-MM-DD'), 81, TO_DATE('2025-05-26', 'YYYY-MM-DD'), NULL, NULL, 'S', 'N');
INSERT INTO casj_calendario_reunion_mes (id_club, id_grupo, isbn, fecha_reunion, id_miembro_moderador, fecha_asignacion, conclusiones, valoracion_final, realizada, ultima_reunion) VALUES (7, 3, '978-84-206-3524-3', TO_DATE('2026-04-15', 'YYYY-MM-DD'), 81, TO_DATE('2025-05-26', 'YYYY-MM-DD'), NULL, NULL, 'S', 'N');
INSERT INTO casj_calendario_reunion_mes (id_club, id_grupo, isbn, fecha_reunion, id_miembro_moderador, fecha_asignacion, conclusiones, valoracion_final, realizada, ultima_reunion) VALUES (7, 3, '978-84-206-3524-3', TO_DATE('2026-04-22', 'YYYY-MM-DD'), 81, TO_DATE('2025-05-26', 'YYYY-MM-DD'), NULL, NULL, 'S', 'N');
INSERT INTO casj_calendario_reunion_mes (id_club, id_grupo, isbn, fecha_reunion, id_miembro_moderador, fecha_asignacion, conclusiones, valoracion_final, realizada, ultima_reunion) VALUES (7, 3, '978-84-206-3524-3', TO_DATE('2026-04-29', 'YYYY-MM-DD'), 81, TO_DATE('2025-05-26', 'YYYY-MM-DD'), 'Discusion completada satisfactoriamente', 5, 'S', 'S');
INSERT INTO casj_calendario_reunion_mes (id_club, id_grupo, isbn, fecha_reunion, id_miembro_moderador, fecha_asignacion, conclusiones, valoracion_final, realizada, ultima_reunion) VALUES (7, 3, '978-0-19-283477-8', TO_DATE('2026-05-06', 'YYYY-MM-DD'), 81, TO_DATE('2025-05-26', 'YYYY-MM-DD'), NULL, NULL, 'S', 'N');
INSERT INTO casj_calendario_reunion_mes (id_club, id_grupo, isbn, fecha_reunion, id_miembro_moderador, fecha_asignacion, conclusiones, valoracion_final, realizada, ultima_reunion) VALUES (7, 3, '978-0-19-283477-8', TO_DATE('2026-05-13', 'YYYY-MM-DD'), 81, TO_DATE('2025-05-26', 'YYYY-MM-DD'), NULL, NULL, 'S', 'N');
INSERT INTO casj_calendario_reunion_mes (id_club, id_grupo, isbn, fecha_reunion, id_miembro_moderador, fecha_asignacion, conclusiones, valoracion_final, realizada, ultima_reunion) VALUES (7, 3, '978-0-19-283477-8', TO_DATE('2026-05-20', 'YYYY-MM-DD'), 81, TO_DATE('2025-05-26', 'YYYY-MM-DD'), NULL, NULL, 'S', 'N');
INSERT INTO casj_calendario_reunion_mes (id_club, id_grupo, isbn, fecha_reunion, id_miembro_moderador, fecha_asignacion, conclusiones, valoracion_final, realizada, ultima_reunion) VALUES (7, 3, '978-0-19-283477-8', TO_DATE('2026-05-27', 'YYYY-MM-DD'), 81, TO_DATE('2025-05-26', 'YYYY-MM-DD'), 'Discusion completada satisfactoriamente', 5, 'S', 'S');
INSERT INTO casj_calendario_reunion_mes (id_club, id_grupo, isbn, fecha_reunion, id_miembro_moderador, fecha_asignacion, conclusiones, valoracion_final, realizada, ultima_reunion) VALUES (7, 3, '978-0-345-33570-1', TO_DATE('2026-06-03', 'YYYY-MM-DD'), 81, TO_DATE('2025-05-26', 'YYYY-MM-DD'), NULL, NULL, 'S', 'N');
INSERT INTO casj_calendario_reunion_mes (id_club, id_grupo, isbn, fecha_reunion, id_miembro_moderador, fecha_asignacion, conclusiones, valoracion_final, realizada, ultima_reunion) VALUES (7, 3, '978-0-345-33570-1', TO_DATE('2026-06-10', 'YYYY-MM-DD'), 81, TO_DATE('2025-05-26', 'YYYY-MM-DD'), NULL, NULL, 'S', 'N');
INSERT INTO casj_calendario_reunion_mes (id_club, id_grupo, isbn, fecha_reunion, id_miembro_moderador, fecha_asignacion, conclusiones, valoracion_final, realizada, ultima_reunion) VALUES (8, 1, '978-84-376-0189-8', TO_DATE('2024-02-08', 'YYYY-MM-DD'), 85, TO_DATE('2024-01-06', 'YYYY-MM-DD'), NULL, NULL, 'S', 'N');
INSERT INTO casj_calendario_reunion_mes (id_club, id_grupo, isbn, fecha_reunion, id_miembro_moderador, fecha_asignacion, conclusiones, valoracion_final, realizada, ultima_reunion) VALUES (8, 1, '978-84-376-0189-8', TO_DATE('2024-03-09', 'YYYY-MM-DD'), 85, TO_DATE('2024-01-06', 'YYYY-MM-DD'), 'Discusion completada satisfactoriamente', 5, 'S', 'S');
INSERT INTO casj_calendario_reunion_mes (id_club, id_grupo, isbn, fecha_reunion, id_miembro_moderador, fecha_asignacion, conclusiones, valoracion_final, realizada, ultima_reunion) VALUES (8, 1, '978-0-345-33569-5', TO_DATE('2024-04-06', 'YYYY-MM-DD'), 85, TO_DATE('2024-01-06', 'YYYY-MM-DD'), NULL, NULL, 'S', 'N');
INSERT INTO casj_calendario_reunion_mes (id_club, id_grupo, isbn, fecha_reunion, id_miembro_moderador, fecha_asignacion, conclusiones, valoracion_final, realizada, ultima_reunion) VALUES (8, 1, '978-0-345-33569-5', TO_DATE('2024-05-02', 'YYYY-MM-DD'), 85, TO_DATE('2024-01-06', 'YYYY-MM-DD'), 'Discusion completada satisfactoriamente', 5, 'S', 'S');
INSERT INTO casj_calendario_reunion_mes (id_club, id_grupo, isbn, fecha_reunion, id_miembro_moderador, fecha_asignacion, conclusiones, valoracion_final, realizada, ultima_reunion) VALUES (8, 1, '978-0-345-33570-1', TO_DATE('2024-05-28', 'YYYY-MM-DD'), 85, TO_DATE('2024-01-06', 'YYYY-MM-DD'), NULL, NULL, 'S', 'N');
INSERT INTO casj_calendario_reunion_mes (id_club, id_grupo, isbn, fecha_reunion, id_miembro_moderador, fecha_asignacion, conclusiones, valoracion_final, realizada, ultima_reunion) VALUES (8, 1, '978-0-345-33570-1', TO_DATE('2024-06-20', 'YYYY-MM-DD'), 85, TO_DATE('2024-01-06', 'YYYY-MM-DD'), 'Discusion completada satisfactoriamente', 3, 'S', 'S');
INSERT INTO casj_calendario_reunion_mes (id_club, id_grupo, isbn, fecha_reunion, id_miembro_moderador, fecha_asignacion, conclusiones, valoracion_final, realizada, ultima_reunion) VALUES (8, 1, '978-3-630-87214-1', TO_DATE('2024-07-17', 'YYYY-MM-DD'), 85, TO_DATE('2024-01-06', 'YYYY-MM-DD'), NULL, NULL, 'S', 'N');
INSERT INTO casj_calendario_reunion_mes (id_club, id_grupo, isbn, fecha_reunion, id_miembro_moderador, fecha_asignacion, conclusiones, valoracion_final, realizada, ultima_reunion) VALUES (8, 1, '978-3-630-87214-1', TO_DATE('2024-08-11', 'YYYY-MM-DD'), 85, TO_DATE('2024-01-06', 'YYYY-MM-DD'), 'Discusion completada satisfactoriamente', 3, 'S', 'S');
INSERT INTO casj_calendario_reunion_mes (id_club, id_grupo, isbn, fecha_reunion, id_miembro_moderador, fecha_asignacion, conclusiones, valoracion_final, realizada, ultima_reunion) VALUES (8, 1, '978-0-446-52080-1', TO_DATE('2024-09-04', 'YYYY-MM-DD'), 85, TO_DATE('2024-01-06', 'YYYY-MM-DD'), NULL, NULL, 'S', 'N');
INSERT INTO casj_calendario_reunion_mes (id_club, id_grupo, isbn, fecha_reunion, id_miembro_moderador, fecha_asignacion, conclusiones, valoracion_final, realizada, ultima_reunion) VALUES (8, 1, '978-0-446-52080-1', TO_DATE('2024-09-27', 'YYYY-MM-DD'), 85, TO_DATE('2024-01-06', 'YYYY-MM-DD'), 'Discusion completada satisfactoriamente', 5, 'S', 'S');
INSERT INTO casj_calendario_reunion_mes (id_club, id_grupo, isbn, fecha_reunion, id_miembro_moderador, fecha_asignacion, conclusiones, valoracion_final, realizada, ultima_reunion) VALUES (8, 1, '978-84-206-3524-3', TO_DATE('2024-10-18', 'YYYY-MM-DD'), 85, TO_DATE('2024-01-06', 'YYYY-MM-DD'), NULL, NULL, 'S', 'N');
INSERT INTO casj_calendario_reunion_mes (id_club, id_grupo, isbn, fecha_reunion, id_miembro_moderador, fecha_asignacion, conclusiones, valoracion_final, realizada, ultima_reunion) VALUES (8, 1, '978-84-206-3524-3', TO_DATE('2024-11-07', 'YYYY-MM-DD'), 85, TO_DATE('2024-01-06', 'YYYY-MM-DD'), 'Discusion completada satisfactoriamente', 5, 'S', 'S');
INSERT INTO casj_calendario_reunion_mes (id_club, id_grupo, isbn, fecha_reunion, id_miembro_moderador, fecha_asignacion, conclusiones, valoracion_final, realizada, ultima_reunion) VALUES (8, 1, '978-968-16-0474-3', TO_DATE('2024-12-03', 'YYYY-MM-DD'), 85, TO_DATE('2024-01-06', 'YYYY-MM-DD'), NULL, NULL, 'S', 'N');
INSERT INTO casj_calendario_reunion_mes (id_club, id_grupo, isbn, fecha_reunion, id_miembro_moderador, fecha_asignacion, conclusiones, valoracion_final, realizada, ultima_reunion) VALUES (8, 1, '978-968-16-0474-3', TO_DATE('2025-01-01', 'YYYY-MM-DD'), 85, TO_DATE('2024-01-06', 'YYYY-MM-DD'), 'Discusion completada satisfactoriamente', 3, 'S', 'S');
INSERT INTO casj_calendario_reunion_mes (id_club, id_grupo, isbn, fecha_reunion, id_miembro_moderador, fecha_asignacion, conclusiones, valoracion_final, realizada, ultima_reunion) VALUES (8, 1, '978-83-7506-289-7', TO_DATE('2025-01-24', 'YYYY-MM-DD'), 85, TO_DATE('2024-01-06', 'YYYY-MM-DD'), NULL, NULL, 'S', 'N');
INSERT INTO casj_calendario_reunion_mes (id_club, id_grupo, isbn, fecha_reunion, id_miembro_moderador, fecha_asignacion, conclusiones, valoracion_final, realizada, ultima_reunion) VALUES (8, 1, '978-83-7506-289-7', TO_DATE('2025-02-16', 'YYYY-MM-DD'), 85, TO_DATE('2024-01-06', 'YYYY-MM-DD'), 'Discusion completada satisfactoriamente', 3, 'S', 'S');
INSERT INTO casj_calendario_reunion_mes (id_club, id_grupo, isbn, fecha_reunion, id_miembro_moderador, fecha_asignacion, conclusiones, valoracion_final, realizada, ultima_reunion) VALUES (8, 1, '978-0-345-33568-8', TO_DATE('2025-03-09', 'YYYY-MM-DD'), 85, TO_DATE('2024-01-06', 'YYYY-MM-DD'), NULL, NULL, 'S', 'N');
INSERT INTO casj_calendario_reunion_mes (id_club, id_grupo, isbn, fecha_reunion, id_miembro_moderador, fecha_asignacion, conclusiones, valoracion_final, realizada, ultima_reunion) VALUES (8, 1, '978-0-345-33568-8', TO_DATE('2025-04-07', 'YYYY-MM-DD'), 85, TO_DATE('2024-01-06', 'YYYY-MM-DD'), 'Discusion completada satisfactoriamente', 3, 'S', 'S');
INSERT INTO casj_calendario_reunion_mes (id_club, id_grupo, isbn, fecha_reunion, id_miembro_moderador, fecha_asignacion, conclusiones, valoracion_final, realizada, ultima_reunion) VALUES (8, 1, '978-0-14-241037-2', TO_DATE('2025-05-04', 'YYYY-MM-DD'), 85, TO_DATE('2024-01-06', 'YYYY-MM-DD'), NULL, NULL, 'S', 'N');
INSERT INTO casj_calendario_reunion_mes (id_club, id_grupo, isbn, fecha_reunion, id_miembro_moderador, fecha_asignacion, conclusiones, valoracion_final, realizada, ultima_reunion) VALUES (8, 1, '978-0-14-241037-2', TO_DATE('2025-06-02', 'YYYY-MM-DD'), 85, TO_DATE('2024-01-06', 'YYYY-MM-DD'), 'Discusion completada satisfactoriamente', 5, 'S', 'S');
INSERT INTO casj_calendario_reunion_mes (id_club, id_grupo, isbn, fecha_reunion, id_miembro_moderador, fecha_asignacion, conclusiones, valoracion_final, realizada, ultima_reunion) VALUES (8, 1, '978-2-07-040850-4', TO_DATE('2025-06-22', 'YYYY-MM-DD'), 85, TO_DATE('2024-01-06', 'YYYY-MM-DD'), NULL, NULL, 'S', 'N');
INSERT INTO casj_calendario_reunion_mes (id_club, id_grupo, isbn, fecha_reunion, id_miembro_moderador, fecha_asignacion, conclusiones, valoracion_final, realizada, ultima_reunion) VALUES (8, 1, '978-2-07-040850-4', TO_DATE('2025-07-15', 'YYYY-MM-DD'), 85, TO_DATE('2024-01-06', 'YYYY-MM-DD'), 'Discusion completada satisfactoriamente', 5, 'S', 'S');
INSERT INTO casj_calendario_reunion_mes (id_club, id_grupo, isbn, fecha_reunion, id_miembro_moderador, fecha_asignacion, conclusiones, valoracion_final, realizada, ultima_reunion) VALUES (8, 2, '978-84-206-3532-8', TO_DATE('2024-09-13', 'YYYY-MM-DD'), 89, TO_DATE('2024-08-25', 'YYYY-MM-DD'), NULL, NULL, 'S', 'N');
INSERT INTO casj_calendario_reunion_mes (id_club, id_grupo, isbn, fecha_reunion, id_miembro_moderador, fecha_asignacion, conclusiones, valoracion_final, realizada, ultima_reunion) VALUES (8, 2, '978-84-206-3532-8', TO_DATE('2024-10-06', 'YYYY-MM-DD'), 89, TO_DATE('2024-08-25', 'YYYY-MM-DD'), 'Discusion completada satisfactoriamente', 4, 'S', 'S');
INSERT INTO casj_calendario_reunion_mes (id_club, id_grupo, isbn, fecha_reunion, id_miembro_moderador, fecha_asignacion, conclusiones, valoracion_final, realizada, ultima_reunion) VALUES (8, 2, '978-83-7506-289-7', TO_DATE('2024-10-28', 'YYYY-MM-DD'), 89, TO_DATE('2024-08-25', 'YYYY-MM-DD'), NULL, NULL, 'S', 'N');
INSERT INTO casj_calendario_reunion_mes (id_club, id_grupo, isbn, fecha_reunion, id_miembro_moderador, fecha_asignacion, conclusiones, valoracion_final, realizada, ultima_reunion) VALUES (8, 2, '978-83-7506-289-7', TO_DATE('2024-11-27', 'YYYY-MM-DD'), 89, TO_DATE('2024-08-25', 'YYYY-MM-DD'), 'Discusion completada satisfactoriamente', 5, 'S', 'S');
INSERT INTO casj_calendario_reunion_mes (id_club, id_grupo, isbn, fecha_reunion, id_miembro_moderador, fecha_asignacion, conclusiones, valoracion_final, realizada, ultima_reunion) VALUES (8, 2, '978-3-630-87214-1', TO_DATE('2024-12-20', 'YYYY-MM-DD'), 89, TO_DATE('2024-08-25', 'YYYY-MM-DD'), NULL, NULL, 'S', 'N');
INSERT INTO casj_calendario_reunion_mes (id_club, id_grupo, isbn, fecha_reunion, id_miembro_moderador, fecha_asignacion, conclusiones, valoracion_final, realizada, ultima_reunion) VALUES (8, 2, '978-3-630-87214-1', TO_DATE('2025-01-15', 'YYYY-MM-DD'), 89, TO_DATE('2024-08-25', 'YYYY-MM-DD'), 'Discusion completada satisfactoriamente', 4, 'S', 'S');
INSERT INTO casj_calendario_reunion_mes (id_club, id_grupo, isbn, fecha_reunion, id_miembro_moderador, fecha_asignacion, conclusiones, valoracion_final, realizada, ultima_reunion) VALUES (8, 2, '978-0-14-241037-2', TO_DATE('2025-02-08', 'YYYY-MM-DD'), 89, TO_DATE('2024-08-25', 'YYYY-MM-DD'), NULL, NULL, 'S', 'N');
INSERT INTO casj_calendario_reunion_mes (id_club, id_grupo, isbn, fecha_reunion, id_miembro_moderador, fecha_asignacion, conclusiones, valoracion_final, realizada, ultima_reunion) VALUES (8, 2, '978-0-14-241037-2', TO_DATE('2025-02-28', 'YYYY-MM-DD'), 89, TO_DATE('2024-08-25', 'YYYY-MM-DD'), 'Discusion completada satisfactoriamente', 5, 'S', 'S');
INSERT INTO casj_calendario_reunion_mes (id_club, id_grupo, isbn, fecha_reunion, id_miembro_moderador, fecha_asignacion, conclusiones, valoracion_final, realizada, ultima_reunion) VALUES (8, 2, '978-0-345-33568-8', TO_DATE('2025-03-29', 'YYYY-MM-DD'), 89, TO_DATE('2024-08-25', 'YYYY-MM-DD'), NULL, NULL, 'S', 'N');
INSERT INTO casj_calendario_reunion_mes (id_club, id_grupo, isbn, fecha_reunion, id_miembro_moderador, fecha_asignacion, conclusiones, valoracion_final, realizada, ultima_reunion) VALUES (8, 2, '978-0-345-33568-8', TO_DATE('2025-04-20', 'YYYY-MM-DD'), 89, TO_DATE('2024-08-25', 'YYYY-MM-DD'), 'Discusion completada satisfactoriamente', 5, 'S', 'S');
INSERT INTO casj_calendario_reunion_mes (id_club, id_grupo, isbn, fecha_reunion, id_miembro_moderador, fecha_asignacion, conclusiones, valoracion_final, realizada, ultima_reunion) VALUES (8, 2, '978-0-345-33570-1', TO_DATE('2025-05-20', 'YYYY-MM-DD'), 89, TO_DATE('2024-08-25', 'YYYY-MM-DD'), NULL, NULL, 'S', 'N');
INSERT INTO casj_calendario_reunion_mes (id_club, id_grupo, isbn, fecha_reunion, id_miembro_moderador, fecha_asignacion, conclusiones, valoracion_final, realizada, ultima_reunion) VALUES (8, 2, '978-0-345-33570-1', TO_DATE('2025-06-15', 'YYYY-MM-DD'), 89, TO_DATE('2024-08-25', 'YYYY-MM-DD'), 'Discusion completada satisfactoriamente', 5, 'S', 'S');
INSERT INTO casj_calendario_reunion_mes (id_club, id_grupo, isbn, fecha_reunion, id_miembro_moderador, fecha_asignacion, conclusiones, valoracion_final, realizada, ultima_reunion) VALUES (8, 2, '978-968-16-0474-3', TO_DATE('2025-07-12', 'YYYY-MM-DD'), 89, TO_DATE('2024-08-25', 'YYYY-MM-DD'), NULL, NULL, 'S', 'N');
INSERT INTO casj_calendario_reunion_mes (id_club, id_grupo, isbn, fecha_reunion, id_miembro_moderador, fecha_asignacion, conclusiones, valoracion_final, realizada, ultima_reunion) VALUES (8, 2, '978-968-16-0474-3', TO_DATE('2025-08-01', 'YYYY-MM-DD'), 89, TO_DATE('2024-08-25', 'YYYY-MM-DD'), 'Discusion completada satisfactoriamente', 4, 'S', 'S');
INSERT INTO casj_calendario_reunion_mes (id_club, id_grupo, isbn, fecha_reunion, id_miembro_moderador, fecha_asignacion, conclusiones, valoracion_final, realizada, ultima_reunion) VALUES (8, 2, '978-0-394-71772-1', TO_DATE('2025-08-31', 'YYYY-MM-DD'), 89, TO_DATE('2024-08-25', 'YYYY-MM-DD'), NULL, NULL, 'S', 'N');
INSERT INTO casj_calendario_reunion_mes (id_club, id_grupo, isbn, fecha_reunion, id_miembro_moderador, fecha_asignacion, conclusiones, valoracion_final, realizada, ultima_reunion) VALUES (8, 2, '978-0-394-71772-1', TO_DATE('2025-09-30', 'YYYY-MM-DD'), 89, TO_DATE('2024-08-25', 'YYYY-MM-DD'), 'Discusion completada satisfactoriamente', 4, 'S', 'S');
INSERT INTO casj_calendario_reunion_mes (id_club, id_grupo, isbn, fecha_reunion, id_miembro_moderador, fecha_asignacion, conclusiones, valoracion_final, realizada, ultima_reunion) VALUES (8, 2, '978-84-206-3524-3', TO_DATE('2025-10-28', 'YYYY-MM-DD'), 89, TO_DATE('2024-08-25', 'YYYY-MM-DD'), NULL, NULL, 'S', 'N');
INSERT INTO casj_calendario_reunion_mes (id_club, id_grupo, isbn, fecha_reunion, id_miembro_moderador, fecha_asignacion, conclusiones, valoracion_final, realizada, ultima_reunion) VALUES (8, 2, '978-84-206-3524-3', TO_DATE('2025-11-22', 'YYYY-MM-DD'), 89, TO_DATE('2024-08-25', 'YYYY-MM-DD'), 'Discusion completada satisfactoriamente', 5, 'S', 'S');
INSERT INTO casj_calendario_reunion_mes (id_club, id_grupo, isbn, fecha_reunion, id_miembro_moderador, fecha_asignacion, conclusiones, valoracion_final, realizada, ultima_reunion) VALUES (8, 2, '978-0-446-52080-1', TO_DATE('2025-12-18', 'YYYY-MM-DD'), 89, TO_DATE('2024-08-25', 'YYYY-MM-DD'), NULL, NULL, 'S', 'N');
INSERT INTO casj_calendario_reunion_mes (id_club, id_grupo, isbn, fecha_reunion, id_miembro_moderador, fecha_asignacion, conclusiones, valoracion_final, realizada, ultima_reunion) VALUES (8, 2, '978-0-446-52080-1', TO_DATE('2026-01-13', 'YYYY-MM-DD'), 89, TO_DATE('2024-08-25', 'YYYY-MM-DD'), 'Discusion completada satisfactoriamente', 3, 'S', 'S');
INSERT INTO casj_calendario_reunion_mes (id_club, id_grupo, isbn, fecha_reunion, id_miembro_moderador, fecha_asignacion, conclusiones, valoracion_final, realizada, ultima_reunion) VALUES (8, 2, '978-84-376-0310-6', TO_DATE('2026-01-20', 'YYYY-MM-DD'), 89, TO_DATE('2024-08-25', 'YYYY-MM-DD'), NULL, NULL, 'S', 'N');
INSERT INTO casj_calendario_reunion_mes (id_club, id_grupo, isbn, fecha_reunion, id_miembro_moderador, fecha_asignacion, conclusiones, valoracion_final, realizada, ultima_reunion) VALUES (8, 2, '978-84-376-0310-6', TO_DATE('2026-01-27', 'YYYY-MM-DD'), 89, TO_DATE('2024-08-25', 'YYYY-MM-DD'), NULL, NULL, 'S', 'N');
INSERT INTO casj_calendario_reunion_mes (id_club, id_grupo, isbn, fecha_reunion, id_miembro_moderador, fecha_asignacion, conclusiones, valoracion_final, realizada, ultima_reunion) VALUES (8, 2, '978-84-376-0310-6', TO_DATE('2026-02-03', 'YYYY-MM-DD'), 89, TO_DATE('2024-08-25', 'YYYY-MM-DD'), NULL, NULL, 'S', 'N');
INSERT INTO casj_calendario_reunion_mes (id_club, id_grupo, isbn, fecha_reunion, id_miembro_moderador, fecha_asignacion, conclusiones, valoracion_final, realizada, ultima_reunion) VALUES (8, 2, '978-84-376-0310-6', TO_DATE('2026-02-10', 'YYYY-MM-DD'), 89, TO_DATE('2024-08-25', 'YYYY-MM-DD'), 'Discusion completada satisfactoriamente', 4, 'S', 'S');
INSERT INTO casj_calendario_reunion_mes (id_club, id_grupo, isbn, fecha_reunion, id_miembro_moderador, fecha_asignacion, conclusiones, valoracion_final, realizada, ultima_reunion) VALUES (8, 2, '978-0-393-31283-7', TO_DATE('2026-02-17', 'YYYY-MM-DD'), 89, TO_DATE('2024-08-25', 'YYYY-MM-DD'), NULL, NULL, 'S', 'N');
INSERT INTO casj_calendario_reunion_mes (id_club, id_grupo, isbn, fecha_reunion, id_miembro_moderador, fecha_asignacion, conclusiones, valoracion_final, realizada, ultima_reunion) VALUES (8, 2, '978-0-393-31283-7', TO_DATE('2026-02-24', 'YYYY-MM-DD'), 89, TO_DATE('2024-08-25', 'YYYY-MM-DD'), NULL, NULL, 'S', 'N');
INSERT INTO casj_calendario_reunion_mes (id_club, id_grupo, isbn, fecha_reunion, id_miembro_moderador, fecha_asignacion, conclusiones, valoracion_final, realizada, ultima_reunion) VALUES (8, 2, '978-0-393-31283-7', TO_DATE('2026-03-03', 'YYYY-MM-DD'), 89, TO_DATE('2024-08-25', 'YYYY-MM-DD'), NULL, NULL, 'S', 'N');
INSERT INTO casj_calendario_reunion_mes (id_club, id_grupo, isbn, fecha_reunion, id_miembro_moderador, fecha_asignacion, conclusiones, valoracion_final, realizada, ultima_reunion) VALUES (8, 2, '978-0-393-31283-7', TO_DATE('2026-03-10', 'YYYY-MM-DD'), 89, TO_DATE('2024-08-25', 'YYYY-MM-DD'), 'Discusion completada satisfactoriamente', 4, 'S', 'S');
INSERT INTO casj_calendario_reunion_mes (id_club, id_grupo, isbn, fecha_reunion, id_miembro_moderador, fecha_asignacion, conclusiones, valoracion_final, realizada, ultima_reunion) VALUES (8, 2, '978-0-19-283477-8', TO_DATE('2026-03-17', 'YYYY-MM-DD'), 89, TO_DATE('2024-08-25', 'YYYY-MM-DD'), NULL, NULL, 'S', 'N');
INSERT INTO casj_calendario_reunion_mes (id_club, id_grupo, isbn, fecha_reunion, id_miembro_moderador, fecha_asignacion, conclusiones, valoracion_final, realizada, ultima_reunion) VALUES (8, 2, '978-0-19-283477-8', TO_DATE('2026-03-24', 'YYYY-MM-DD'), 89, TO_DATE('2024-08-25', 'YYYY-MM-DD'), NULL, NULL, 'S', 'N');
INSERT INTO casj_calendario_reunion_mes (id_club, id_grupo, isbn, fecha_reunion, id_miembro_moderador, fecha_asignacion, conclusiones, valoracion_final, realizada, ultima_reunion) VALUES (8, 2, '978-0-19-283477-8', TO_DATE('2026-03-31', 'YYYY-MM-DD'), 89, TO_DATE('2024-08-25', 'YYYY-MM-DD'), NULL, NULL, 'S', 'N');
INSERT INTO casj_calendario_reunion_mes (id_club, id_grupo, isbn, fecha_reunion, id_miembro_moderador, fecha_asignacion, conclusiones, valoracion_final, realizada, ultima_reunion) VALUES (8, 2, '978-0-19-283477-8', TO_DATE('2026-04-07', 'YYYY-MM-DD'), 89, TO_DATE('2024-08-25', 'YYYY-MM-DD'), 'Discusion completada satisfactoriamente', 3, 'S', 'S');
INSERT INTO casj_calendario_reunion_mes (id_club, id_grupo, isbn, fecha_reunion, id_miembro_moderador, fecha_asignacion, conclusiones, valoracion_final, realizada, ultima_reunion) VALUES (8, 3, '978-0-14-241037-2', TO_DATE('2025-12-01', 'YYYY-MM-DD'), 93, TO_DATE('2025-11-17', 'YYYY-MM-DD'), NULL, NULL, 'S', 'N');
INSERT INTO casj_calendario_reunion_mes (id_club, id_grupo, isbn, fecha_reunion, id_miembro_moderador, fecha_asignacion, conclusiones, valoracion_final, realizada, ultima_reunion) VALUES (8, 3, '978-0-14-241037-2', TO_DATE('2025-12-24', 'YYYY-MM-DD'), 93, TO_DATE('2025-11-17', 'YYYY-MM-DD'), 'Discusion completada satisfactoriamente', 4, 'S', 'S');
INSERT INTO casj_calendario_reunion_mes (id_club, id_grupo, isbn, fecha_reunion, id_miembro_moderador, fecha_asignacion, conclusiones, valoracion_final, realizada, ultima_reunion) VALUES (8, 3, '978-83-7506-289-7', TO_DATE('2026-01-23', 'YYYY-MM-DD'), 93, TO_DATE('2025-11-17', 'YYYY-MM-DD'), NULL, NULL, 'S', 'N');
INSERT INTO casj_calendario_reunion_mes (id_club, id_grupo, isbn, fecha_reunion, id_miembro_moderador, fecha_asignacion, conclusiones, valoracion_final, realizada, ultima_reunion) VALUES (8, 3, '978-83-7506-289-7', TO_DATE('2026-01-30', 'YYYY-MM-DD'), 93, TO_DATE('2025-11-17', 'YYYY-MM-DD'), NULL, NULL, 'S', 'N');
INSERT INTO casj_calendario_reunion_mes (id_club, id_grupo, isbn, fecha_reunion, id_miembro_moderador, fecha_asignacion, conclusiones, valoracion_final, realizada, ultima_reunion) VALUES (8, 3, '978-83-7506-289-7', TO_DATE('2026-02-06', 'YYYY-MM-DD'), 93, TO_DATE('2025-11-17', 'YYYY-MM-DD'), NULL, NULL, 'S', 'N');
INSERT INTO casj_calendario_reunion_mes (id_club, id_grupo, isbn, fecha_reunion, id_miembro_moderador, fecha_asignacion, conclusiones, valoracion_final, realizada, ultima_reunion) VALUES (8, 3, '978-83-7506-289-7', TO_DATE('2026-02-13', 'YYYY-MM-DD'), 93, TO_DATE('2025-11-17', 'YYYY-MM-DD'), 'Discusion completada satisfactoriamente', 3, 'S', 'S');
INSERT INTO casj_calendario_reunion_mes (id_club, id_grupo, isbn, fecha_reunion, id_miembro_moderador, fecha_asignacion, conclusiones, valoracion_final, realizada, ultima_reunion) VALUES (8, 3, '978-968-16-0474-3', TO_DATE('2026-02-20', 'YYYY-MM-DD'), 93, TO_DATE('2025-11-17', 'YYYY-MM-DD'), NULL, NULL, 'S', 'N');
INSERT INTO casj_calendario_reunion_mes (id_club, id_grupo, isbn, fecha_reunion, id_miembro_moderador, fecha_asignacion, conclusiones, valoracion_final, realizada, ultima_reunion) VALUES (8, 3, '978-968-16-0474-3', TO_DATE('2026-02-27', 'YYYY-MM-DD'), 93, TO_DATE('2025-11-17', 'YYYY-MM-DD'), NULL, NULL, 'S', 'N');
INSERT INTO casj_calendario_reunion_mes (id_club, id_grupo, isbn, fecha_reunion, id_miembro_moderador, fecha_asignacion, conclusiones, valoracion_final, realizada, ultima_reunion) VALUES (8, 3, '978-968-16-0474-3', TO_DATE('2026-03-06', 'YYYY-MM-DD'), 93, TO_DATE('2025-11-17', 'YYYY-MM-DD'), NULL, NULL, 'S', 'N');
INSERT INTO casj_calendario_reunion_mes (id_club, id_grupo, isbn, fecha_reunion, id_miembro_moderador, fecha_asignacion, conclusiones, valoracion_final, realizada, ultima_reunion) VALUES (8, 3, '978-968-16-0474-3', TO_DATE('2026-03-13', 'YYYY-MM-DD'), 93, TO_DATE('2025-11-17', 'YYYY-MM-DD'), 'Discusion completada satisfactoriamente', 4, 'S', 'S');
INSERT INTO casj_calendario_reunion_mes (id_club, id_grupo, isbn, fecha_reunion, id_miembro_moderador, fecha_asignacion, conclusiones, valoracion_final, realizada, ultima_reunion) VALUES (8, 3, '978-84-206-3532-8', TO_DATE('2026-03-20', 'YYYY-MM-DD'), 93, TO_DATE('2025-11-17', 'YYYY-MM-DD'), NULL, NULL, 'S', 'N');
INSERT INTO casj_calendario_reunion_mes (id_club, id_grupo, isbn, fecha_reunion, id_miembro_moderador, fecha_asignacion, conclusiones, valoracion_final, realizada, ultima_reunion) VALUES (8, 3, '978-84-206-3532-8', TO_DATE('2026-03-27', 'YYYY-MM-DD'), 93, TO_DATE('2025-11-17', 'YYYY-MM-DD'), NULL, NULL, 'S', 'N');
INSERT INTO casj_calendario_reunion_mes (id_club, id_grupo, isbn, fecha_reunion, id_miembro_moderador, fecha_asignacion, conclusiones, valoracion_final, realizada, ultima_reunion) VALUES (8, 3, '978-84-206-3532-8', TO_DATE('2026-04-03', 'YYYY-MM-DD'), 93, TO_DATE('2025-11-17', 'YYYY-MM-DD'), NULL, NULL, 'S', 'N');
INSERT INTO casj_calendario_reunion_mes (id_club, id_grupo, isbn, fecha_reunion, id_miembro_moderador, fecha_asignacion, conclusiones, valoracion_final, realizada, ultima_reunion) VALUES (8, 3, '978-84-206-3532-8', TO_DATE('2026-04-10', 'YYYY-MM-DD'), 93, TO_DATE('2025-11-17', 'YYYY-MM-DD'), 'Discusion completada satisfactoriamente', 4, 'S', 'S');
INSERT INTO casj_calendario_reunion_mes (id_club, id_grupo, isbn, fecha_reunion, id_miembro_moderador, fecha_asignacion, conclusiones, valoracion_final, realizada, ultima_reunion) VALUES (8, 3, '978-0-394-71772-1', TO_DATE('2026-04-17', 'YYYY-MM-DD'), 93, TO_DATE('2025-11-17', 'YYYY-MM-DD'), NULL, NULL, 'S', 'N');
INSERT INTO casj_calendario_reunion_mes (id_club, id_grupo, isbn, fecha_reunion, id_miembro_moderador, fecha_asignacion, conclusiones, valoracion_final, realizada, ultima_reunion) VALUES (8, 3, '978-0-394-71772-1', TO_DATE('2026-04-24', 'YYYY-MM-DD'), 93, TO_DATE('2025-11-17', 'YYYY-MM-DD'), NULL, NULL, 'S', 'N');
INSERT INTO casj_calendario_reunion_mes (id_club, id_grupo, isbn, fecha_reunion, id_miembro_moderador, fecha_asignacion, conclusiones, valoracion_final, realizada, ultima_reunion) VALUES (8, 3, '978-0-394-71772-1', TO_DATE('2026-05-01', 'YYYY-MM-DD'), 93, TO_DATE('2025-11-17', 'YYYY-MM-DD'), NULL, NULL, 'S', 'N');
INSERT INTO casj_calendario_reunion_mes (id_club, id_grupo, isbn, fecha_reunion, id_miembro_moderador, fecha_asignacion, conclusiones, valoracion_final, realizada, ultima_reunion) VALUES (8, 3, '978-0-394-71772-1', TO_DATE('2026-05-08', 'YYYY-MM-DD'), 93, TO_DATE('2025-11-17', 'YYYY-MM-DD'), 'Discusion completada satisfactoriamente', 3, 'S', 'S');
INSERT INTO casj_calendario_reunion_mes (id_club, id_grupo, isbn, fecha_reunion, id_miembro_moderador, fecha_asignacion, conclusiones, valoracion_final, realizada, ultima_reunion) VALUES (8, 3, '978-0-345-33570-1', TO_DATE('2026-05-15', 'YYYY-MM-DD'), 93, TO_DATE('2025-11-17', 'YYYY-MM-DD'), NULL, NULL, 'S', 'N');
INSERT INTO casj_calendario_reunion_mes (id_club, id_grupo, isbn, fecha_reunion, id_miembro_moderador, fecha_asignacion, conclusiones, valoracion_final, realizada, ultima_reunion) VALUES (8, 3, '978-0-345-33570-1', TO_DATE('2026-05-22', 'YYYY-MM-DD'), 93, TO_DATE('2025-11-17', 'YYYY-MM-DD'), NULL, NULL, 'S', 'N');
INSERT INTO casj_calendario_reunion_mes (id_club, id_grupo, isbn, fecha_reunion, id_miembro_moderador, fecha_asignacion, conclusiones, valoracion_final, realizada, ultima_reunion) VALUES (8, 3, '978-0-345-33570-1', TO_DATE('2026-05-29', 'YYYY-MM-DD'), 93, TO_DATE('2025-11-17', 'YYYY-MM-DD'), NULL, NULL, 'S', 'N');
INSERT INTO casj_calendario_reunion_mes (id_club, id_grupo, isbn, fecha_reunion, id_miembro_moderador, fecha_asignacion, conclusiones, valoracion_final, realizada, ultima_reunion) VALUES (8, 3, '978-0-345-33570-1', TO_DATE('2026-06-05', 'YYYY-MM-DD'), 93, TO_DATE('2025-11-17', 'YYYY-MM-DD'), 'Discusion completada satisfactoriamente', 5, 'S', 'S');

-- ============================================================
-- INASISTENCIAS
-- ============================================================
INSERT INTO casj_inasistencias (id_club, id_grupo, fecha_reunion, id_miembro, asistencia) VALUES (1, 1, TO_DATE('2025-07-29', 'YYYY-MM-DD'), 2, 'N');
INSERT INTO casj_inasistencias (id_club, id_grupo, fecha_reunion, id_miembro, asistencia) VALUES (1, 1, TO_DATE('2025-08-25', 'YYYY-MM-DD'), 3, 'N');
INSERT INTO casj_inasistencias (id_club, id_grupo, fecha_reunion, id_miembro, asistencia) VALUES (1, 1, TO_DATE('2025-10-12', 'YYYY-MM-DD'), 3, 'N');
INSERT INTO casj_inasistencias (id_club, id_grupo, fecha_reunion, id_miembro, asistencia) VALUES (1, 1, TO_DATE('2025-11-04', 'YYYY-MM-DD'), 2, 'N');
INSERT INTO casj_inasistencias (id_club, id_grupo, fecha_reunion, id_miembro, asistencia) VALUES (1, 1, TO_DATE('2026-01-23', 'YYYY-MM-DD'), 1, 'N');
INSERT INTO casj_inasistencias (id_club, id_grupo, fecha_reunion, id_miembro, asistencia) VALUES (1, 1, TO_DATE('2026-02-06', 'YYYY-MM-DD'), 2, 'N');
INSERT INTO casj_inasistencias (id_club, id_grupo, fecha_reunion, id_miembro, asistencia) VALUES (1, 1, TO_DATE('2026-02-13', 'YYYY-MM-DD'), 3, 'N');
INSERT INTO casj_inasistencias (id_club, id_grupo, fecha_reunion, id_miembro, asistencia) VALUES (1, 1, TO_DATE('2026-03-06', 'YYYY-MM-DD'), 3, 'N');
INSERT INTO casj_inasistencias (id_club, id_grupo, fecha_reunion, id_miembro, asistencia) VALUES (1, 1, TO_DATE('2026-03-13', 'YYYY-MM-DD'), 1, 'N');
INSERT INTO casj_inasistencias (id_club, id_grupo, fecha_reunion, id_miembro, asistencia) VALUES (1, 1, TO_DATE('2026-03-20', 'YYYY-MM-DD'), 3, 'N');
INSERT INTO casj_inasistencias (id_club, id_grupo, fecha_reunion, id_miembro, asistencia) VALUES (1, 1, TO_DATE('2026-03-20', 'YYYY-MM-DD'), 4, 'N');
INSERT INTO casj_inasistencias (id_club, id_grupo, fecha_reunion, id_miembro, asistencia) VALUES (1, 1, TO_DATE('2026-04-10', 'YYYY-MM-DD'), 1, 'N');
INSERT INTO casj_inasistencias (id_club, id_grupo, fecha_reunion, id_miembro, asistencia) VALUES (1, 1, TO_DATE('2026-04-24', 'YYYY-MM-DD'), 1, 'N');
INSERT INTO casj_inasistencias (id_club, id_grupo, fecha_reunion, id_miembro, asistencia) VALUES (1, 1, TO_DATE('2026-04-24', 'YYYY-MM-DD'), 3, 'N');
INSERT INTO casj_inasistencias (id_club, id_grupo, fecha_reunion, id_miembro, asistencia) VALUES (1, 1, TO_DATE('2026-05-01', 'YYYY-MM-DD'), 3, 'N');
INSERT INTO casj_inasistencias (id_club, id_grupo, fecha_reunion, id_miembro, asistencia) VALUES (1, 1, TO_DATE('2026-05-08', 'YYYY-MM-DD'), 4, 'N');
INSERT INTO casj_inasistencias (id_club, id_grupo, fecha_reunion, id_miembro, asistencia) VALUES (1, 1, TO_DATE('2026-05-15', 'YYYY-MM-DD'), 1, 'N');
INSERT INTO casj_inasistencias (id_club, id_grupo, fecha_reunion, id_miembro, asistencia) VALUES (1, 1, TO_DATE('2026-05-15', 'YYYY-MM-DD'), 2, 'N');
INSERT INTO casj_inasistencias (id_club, id_grupo, fecha_reunion, id_miembro, asistencia) VALUES (1, 1, TO_DATE('2026-05-15', 'YYYY-MM-DD'), 3, 'N');
INSERT INTO casj_inasistencias (id_club, id_grupo, fecha_reunion, id_miembro, asistencia) VALUES (1, 2, TO_DATE('2024-08-10', 'YYYY-MM-DD'), 6, 'N');
INSERT INTO casj_inasistencias (id_club, id_grupo, fecha_reunion, id_miembro, asistencia) VALUES (1, 2, TO_DATE('2024-09-06', 'YYYY-MM-DD'), 5, 'N');
INSERT INTO casj_inasistencias (id_club, id_grupo, fecha_reunion, id_miembro, asistencia) VALUES (1, 2, TO_DATE('2024-09-06', 'YYYY-MM-DD'), 6, 'N');
INSERT INTO casj_inasistencias (id_club, id_grupo, fecha_reunion, id_miembro, asistencia) VALUES (1, 2, TO_DATE('2024-09-06', 'YYYY-MM-DD'), 7, 'N');
INSERT INTO casj_inasistencias (id_club, id_grupo, fecha_reunion, id_miembro, asistencia) VALUES (1, 2, TO_DATE('2024-10-25', 'YYYY-MM-DD'), 5, 'N');
INSERT INTO casj_inasistencias (id_club, id_grupo, fecha_reunion, id_miembro, asistencia) VALUES (1, 2, TO_DATE('2024-10-25', 'YYYY-MM-DD'), 7, 'N');
INSERT INTO casj_inasistencias (id_club, id_grupo, fecha_reunion, id_miembro, asistencia) VALUES (1, 2, TO_DATE('2024-11-23', 'YYYY-MM-DD'), 8, 'N');
INSERT INTO casj_inasistencias (id_club, id_grupo, fecha_reunion, id_miembro, asistencia) VALUES (1, 2, TO_DATE('2024-12-13', 'YYYY-MM-DD'), 5, 'N');
INSERT INTO casj_inasistencias (id_club, id_grupo, fecha_reunion, id_miembro, asistencia) VALUES (1, 2, TO_DATE('2025-01-02', 'YYYY-MM-DD'), 5, 'N');
INSERT INTO casj_inasistencias (id_club, id_grupo, fecha_reunion, id_miembro, asistencia) VALUES (1, 2, TO_DATE('2025-02-17', 'YYYY-MM-DD'), 5, 'N');
INSERT INTO casj_inasistencias (id_club, id_grupo, fecha_reunion, id_miembro, asistencia) VALUES (1, 2, TO_DATE('2025-02-17', 'YYYY-MM-DD'), 6, 'N');
INSERT INTO casj_inasistencias (id_club, id_grupo, fecha_reunion, id_miembro, asistencia) VALUES (1, 2, TO_DATE('2025-04-15', 'YYYY-MM-DD'), 5, 'N');
INSERT INTO casj_inasistencias (id_club, id_grupo, fecha_reunion, id_miembro, asistencia) VALUES (1, 2, TO_DATE('2025-05-13', 'YYYY-MM-DD'), 6, 'N');
INSERT INTO casj_inasistencias (id_club, id_grupo, fecha_reunion, id_miembro, asistencia) VALUES (1, 2, TO_DATE('2025-06-27', 'YYYY-MM-DD'), 6, 'N');
INSERT INTO casj_inasistencias (id_club, id_grupo, fecha_reunion, id_miembro, asistencia) VALUES (1, 2, TO_DATE('2025-08-11', 'YYYY-MM-DD'), 7, 'N');
INSERT INTO casj_inasistencias (id_club, id_grupo, fecha_reunion, id_miembro, asistencia) VALUES (1, 2, TO_DATE('2025-09-03', 'YYYY-MM-DD'), 7, 'N');
INSERT INTO casj_inasistencias (id_club, id_grupo, fecha_reunion, id_miembro, asistencia) VALUES (1, 2, TO_DATE('2025-09-03', 'YYYY-MM-DD'), 8, 'N');
INSERT INTO casj_inasistencias (id_club, id_grupo, fecha_reunion, id_miembro, asistencia) VALUES (1, 2, TO_DATE('2025-10-28', 'YYYY-MM-DD'), 5, 'N');
INSERT INTO casj_inasistencias (id_club, id_grupo, fecha_reunion, id_miembro, asistencia) VALUES (1, 2, TO_DATE('2025-10-28', 'YYYY-MM-DD'), 6, 'N');
INSERT INTO casj_inasistencias (id_club, id_grupo, fecha_reunion, id_miembro, asistencia) VALUES (1, 2, TO_DATE('2025-11-24', 'YYYY-MM-DD'), 6, 'N');
INSERT INTO casj_inasistencias (id_club, id_grupo, fecha_reunion, id_miembro, asistencia) VALUES (1, 2, TO_DATE('2025-11-24', 'YYYY-MM-DD'), 7, 'N');
INSERT INTO casj_inasistencias (id_club, id_grupo, fecha_reunion, id_miembro, asistencia) VALUES (1, 3, TO_DATE('2024-05-23', 'YYYY-MM-DD'), 11, 'N');
INSERT INTO casj_inasistencias (id_club, id_grupo, fecha_reunion, id_miembro, asistencia) VALUES (1, 3, TO_DATE('2024-06-20', 'YYYY-MM-DD'), 9, 'N');
INSERT INTO casj_inasistencias (id_club, id_grupo, fecha_reunion, id_miembro, asistencia) VALUES (1, 3, TO_DATE('2024-07-11', 'YYYY-MM-DD'), 11, 'N');
INSERT INTO casj_inasistencias (id_club, id_grupo, fecha_reunion, id_miembro, asistencia) VALUES (1, 3, TO_DATE('2024-08-08', 'YYYY-MM-DD'), 12, 'N');
INSERT INTO casj_inasistencias (id_club, id_grupo, fecha_reunion, id_miembro, asistencia) VALUES (1, 3, TO_DATE('2024-09-05', 'YYYY-MM-DD'), 10, 'N');
INSERT INTO casj_inasistencias (id_club, id_grupo, fecha_reunion, id_miembro, asistencia) VALUES (1, 3, TO_DATE('2024-10-03', 'YYYY-MM-DD'), 9, 'N');
INSERT INTO casj_inasistencias (id_club, id_grupo, fecha_reunion, id_miembro, asistencia) VALUES (1, 3, TO_DATE('2024-10-23', 'YYYY-MM-DD'), 9, 'N');
INSERT INTO casj_inasistencias (id_club, id_grupo, fecha_reunion, id_miembro, asistencia) VALUES (1, 3, TO_DATE('2024-11-18', 'YYYY-MM-DD'), 10, 'N');
INSERT INTO casj_inasistencias (id_club, id_grupo, fecha_reunion, id_miembro, asistencia) VALUES (1, 3, TO_DATE('2024-11-18', 'YYYY-MM-DD'), 11, 'N');
INSERT INTO casj_inasistencias (id_club, id_grupo, fecha_reunion, id_miembro, asistencia) VALUES (1, 3, TO_DATE('2025-02-01', 'YYYY-MM-DD'), 10, 'N');
INSERT INTO casj_inasistencias (id_club, id_grupo, fecha_reunion, id_miembro, asistencia) VALUES (1, 3, TO_DATE('2025-05-06', 'YYYY-MM-DD'), 9, 'N');
INSERT INTO casj_inasistencias (id_club, id_grupo, fecha_reunion, id_miembro, asistencia) VALUES (1, 3, TO_DATE('2025-09-20', 'YYYY-MM-DD'), 10, 'N');
INSERT INTO casj_inasistencias (id_club, id_grupo, fecha_reunion, id_miembro, asistencia) VALUES (1, 3, TO_DATE('2025-11-29', 'YYYY-MM-DD'), 11, 'N');
INSERT INTO casj_inasistencias (id_club, id_grupo, fecha_reunion, id_miembro, asistencia) VALUES (1, 3, TO_DATE('2025-12-29', 'YYYY-MM-DD'), 12, 'N');
INSERT INTO casj_inasistencias (id_club, id_grupo, fecha_reunion, id_miembro, asistencia) VALUES (1, 3, TO_DATE('2026-02-04', 'YYYY-MM-DD'), 11, 'N');
INSERT INTO casj_inasistencias (id_club, id_grupo, fecha_reunion, id_miembro, asistencia) VALUES (2, 1, TO_DATE('2025-06-06', 'YYYY-MM-DD'), 15, 'N');
INSERT INTO casj_inasistencias (id_club, id_grupo, fecha_reunion, id_miembro, asistencia) VALUES (2, 1, TO_DATE('2025-06-06', 'YYYY-MM-DD'), 16, 'N');
INSERT INTO casj_inasistencias (id_club, id_grupo, fecha_reunion, id_miembro, asistencia) VALUES (2, 1, TO_DATE('2025-07-04', 'YYYY-MM-DD'), 15, 'N');
INSERT INTO casj_inasistencias (id_club, id_grupo, fecha_reunion, id_miembro, asistencia) VALUES (2, 1, TO_DATE('2025-07-28', 'YYYY-MM-DD'), 13, 'N');
INSERT INTO casj_inasistencias (id_club, id_grupo, fecha_reunion, id_miembro, asistencia) VALUES (2, 1, TO_DATE('2025-09-09', 'YYYY-MM-DD'), 16, 'N');
INSERT INTO casj_inasistencias (id_club, id_grupo, fecha_reunion, id_miembro, asistencia) VALUES (2, 1, TO_DATE('2025-10-03', 'YYYY-MM-DD'), 16, 'N');
INSERT INTO casj_inasistencias (id_club, id_grupo, fecha_reunion, id_miembro, asistencia) VALUES (2, 1, TO_DATE('2025-10-23', 'YYYY-MM-DD'), 15, 'N');
INSERT INTO casj_inasistencias (id_club, id_grupo, fecha_reunion, id_miembro, asistencia) VALUES (2, 1, TO_DATE('2025-10-23', 'YYYY-MM-DD'), 16, 'N');
INSERT INTO casj_inasistencias (id_club, id_grupo, fecha_reunion, id_miembro, asistencia) VALUES (2, 1, TO_DATE('2025-12-16', 'YYYY-MM-DD'), 13, 'N');
INSERT INTO casj_inasistencias (id_club, id_grupo, fecha_reunion, id_miembro, asistencia) VALUES (2, 1, TO_DATE('2025-12-16', 'YYYY-MM-DD'), 16, 'N');
INSERT INTO casj_inasistencias (id_club, id_grupo, fecha_reunion, id_miembro, asistencia) VALUES (2, 1, TO_DATE('2026-01-06', 'YYYY-MM-DD'), 14, 'N');
INSERT INTO casj_inasistencias (id_club, id_grupo, fecha_reunion, id_miembro, asistencia) VALUES (2, 1, TO_DATE('2026-01-20', 'YYYY-MM-DD'), 13, 'N');
INSERT INTO casj_inasistencias (id_club, id_grupo, fecha_reunion, id_miembro, asistencia) VALUES (2, 1, TO_DATE('2026-01-20', 'YYYY-MM-DD'), 14, 'N');
INSERT INTO casj_inasistencias (id_club, id_grupo, fecha_reunion, id_miembro, asistencia) VALUES (2, 1, TO_DATE('2026-01-20', 'YYYY-MM-DD'), 16, 'N');
INSERT INTO casj_inasistencias (id_club, id_grupo, fecha_reunion, id_miembro, asistencia) VALUES (2, 1, TO_DATE('2026-02-24', 'YYYY-MM-DD'), 13, 'N');
INSERT INTO casj_inasistencias (id_club, id_grupo, fecha_reunion, id_miembro, asistencia) VALUES (2, 1, TO_DATE('2026-02-24', 'YYYY-MM-DD'), 14, 'N');
INSERT INTO casj_inasistencias (id_club, id_grupo, fecha_reunion, id_miembro, asistencia) VALUES (2, 1, TO_DATE('2026-02-24', 'YYYY-MM-DD'), 15, 'N');
INSERT INTO casj_inasistencias (id_club, id_grupo, fecha_reunion, id_miembro, asistencia) VALUES (2, 1, TO_DATE('2026-03-03', 'YYYY-MM-DD'), 13, 'N');
INSERT INTO casj_inasistencias (id_club, id_grupo, fecha_reunion, id_miembro, asistencia) VALUES (2, 1, TO_DATE('2026-03-10', 'YYYY-MM-DD'), 13, 'N');
INSERT INTO casj_inasistencias (id_club, id_grupo, fecha_reunion, id_miembro, asistencia) VALUES (2, 1, TO_DATE('2026-03-10', 'YYYY-MM-DD'), 15, 'N');
INSERT INTO casj_inasistencias (id_club, id_grupo, fecha_reunion, id_miembro, asistencia) VALUES (2, 1, TO_DATE('2026-03-24', 'YYYY-MM-DD'), 14, 'N');
INSERT INTO casj_inasistencias (id_club, id_grupo, fecha_reunion, id_miembro, asistencia) VALUES (2, 1, TO_DATE('2026-03-31', 'YYYY-MM-DD'), 13, 'N');
INSERT INTO casj_inasistencias (id_club, id_grupo, fecha_reunion, id_miembro, asistencia) VALUES (2, 1, TO_DATE('2026-03-31', 'YYYY-MM-DD'), 15, 'N');
INSERT INTO casj_inasistencias (id_club, id_grupo, fecha_reunion, id_miembro, asistencia) VALUES (2, 1, TO_DATE('2026-03-31', 'YYYY-MM-DD'), 16, 'N');
INSERT INTO casj_inasistencias (id_club, id_grupo, fecha_reunion, id_miembro, asistencia) VALUES (2, 1, TO_DATE('2026-04-21', 'YYYY-MM-DD'), 13, 'N');
INSERT INTO casj_inasistencias (id_club, id_grupo, fecha_reunion, id_miembro, asistencia) VALUES (2, 1, TO_DATE('2026-04-21', 'YYYY-MM-DD'), 14, 'N');
INSERT INTO casj_inasistencias (id_club, id_grupo, fecha_reunion, id_miembro, asistencia) VALUES (2, 1, TO_DATE('2026-04-28', 'YYYY-MM-DD'), 15, 'N');
INSERT INTO casj_inasistencias (id_club, id_grupo, fecha_reunion, id_miembro, asistencia) VALUES (2, 1, TO_DATE('2026-05-05', 'YYYY-MM-DD'), 16, 'N');
INSERT INTO casj_inasistencias (id_club, id_grupo, fecha_reunion, id_miembro, asistencia) VALUES (2, 1, TO_DATE('2026-05-12', 'YYYY-MM-DD'), 13, 'N');
INSERT INTO casj_inasistencias (id_club, id_grupo, fecha_reunion, id_miembro, asistencia) VALUES (2, 1, TO_DATE('2026-05-19', 'YYYY-MM-DD'), 14, 'N');
INSERT INTO casj_inasistencias (id_club, id_grupo, fecha_reunion, id_miembro, asistencia) VALUES (2, 1, TO_DATE('2026-05-26', 'YYYY-MM-DD'), 14, 'N');
INSERT INTO casj_inasistencias (id_club, id_grupo, fecha_reunion, id_miembro, asistencia) VALUES (2, 2, TO_DATE('2025-07-14', 'YYYY-MM-DD'), 19, 'N');
INSERT INTO casj_inasistencias (id_club, id_grupo, fecha_reunion, id_miembro, asistencia) VALUES (2, 2, TO_DATE('2025-07-14', 'YYYY-MM-DD'), 20, 'N');
INSERT INTO casj_inasistencias (id_club, id_grupo, fecha_reunion, id_miembro, asistencia) VALUES (2, 2, TO_DATE('2025-08-08', 'YYYY-MM-DD'), 19, 'N');
INSERT INTO casj_inasistencias (id_club, id_grupo, fecha_reunion, id_miembro, asistencia) VALUES (2, 2, TO_DATE('2025-10-23', 'YYYY-MM-DD'), 18, 'N');
INSERT INTO casj_inasistencias (id_club, id_grupo, fecha_reunion, id_miembro, asistencia) VALUES (2, 2, TO_DATE('2025-11-16', 'YYYY-MM-DD'), 20, 'N');
INSERT INTO casj_inasistencias (id_club, id_grupo, fecha_reunion, id_miembro, asistencia) VALUES (2, 2, TO_DATE('2026-01-22', 'YYYY-MM-DD'), 18, 'N');
INSERT INTO casj_inasistencias (id_club, id_grupo, fecha_reunion, id_miembro, asistencia) VALUES (2, 2, TO_DATE('2026-02-05', 'YYYY-MM-DD'), 17, 'N');
INSERT INTO casj_inasistencias (id_club, id_grupo, fecha_reunion, id_miembro, asistencia) VALUES (2, 2, TO_DATE('2026-02-12', 'YYYY-MM-DD'), 20, 'N');
INSERT INTO casj_inasistencias (id_club, id_grupo, fecha_reunion, id_miembro, asistencia) VALUES (2, 2, TO_DATE('2026-03-12', 'YYYY-MM-DD'), 17, 'N');
INSERT INTO casj_inasistencias (id_club, id_grupo, fecha_reunion, id_miembro, asistencia) VALUES (2, 2, TO_DATE('2026-03-12', 'YYYY-MM-DD'), 18, 'N');
INSERT INTO casj_inasistencias (id_club, id_grupo, fecha_reunion, id_miembro, asistencia) VALUES (2, 2, TO_DATE('2026-03-19', 'YYYY-MM-DD'), 17, 'N');
INSERT INTO casj_inasistencias (id_club, id_grupo, fecha_reunion, id_miembro, asistencia) VALUES (2, 2, TO_DATE('2026-03-19', 'YYYY-MM-DD'), 20, 'N');
INSERT INTO casj_inasistencias (id_club, id_grupo, fecha_reunion, id_miembro, asistencia) VALUES (2, 2, TO_DATE('2026-03-26', 'YYYY-MM-DD'), 20, 'N');
INSERT INTO casj_inasistencias (id_club, id_grupo, fecha_reunion, id_miembro, asistencia) VALUES (2, 2, TO_DATE('2026-04-02', 'YYYY-MM-DD'), 18, 'N');
INSERT INTO casj_inasistencias (id_club, id_grupo, fecha_reunion, id_miembro, asistencia) VALUES (2, 2, TO_DATE('2026-04-16', 'YYYY-MM-DD'), 17, 'N');
INSERT INTO casj_inasistencias (id_club, id_grupo, fecha_reunion, id_miembro, asistencia) VALUES (2, 2, TO_DATE('2026-04-23', 'YYYY-MM-DD'), 20, 'N');
INSERT INTO casj_inasistencias (id_club, id_grupo, fecha_reunion, id_miembro, asistencia) VALUES (2, 2, TO_DATE('2026-04-30', 'YYYY-MM-DD'), 18, 'N');
INSERT INTO casj_inasistencias (id_club, id_grupo, fecha_reunion, id_miembro, asistencia) VALUES (2, 2, TO_DATE('2026-05-07', 'YYYY-MM-DD'), 17, 'N');
INSERT INTO casj_inasistencias (id_club, id_grupo, fecha_reunion, id_miembro, asistencia) VALUES (2, 2, TO_DATE('2026-05-14', 'YYYY-MM-DD'), 18, 'N');
INSERT INTO casj_inasistencias (id_club, id_grupo, fecha_reunion, id_miembro, asistencia) VALUES (2, 2, TO_DATE('2026-05-14', 'YYYY-MM-DD'), 19, 'N');
INSERT INTO casj_inasistencias (id_club, id_grupo, fecha_reunion, id_miembro, asistencia) VALUES (2, 2, TO_DATE('2026-05-21', 'YYYY-MM-DD'), 18, 'N');
INSERT INTO casj_inasistencias (id_club, id_grupo, fecha_reunion, id_miembro, asistencia) VALUES (2, 2, TO_DATE('2026-05-28', 'YYYY-MM-DD'), 17, 'N');
INSERT INTO casj_inasistencias (id_club, id_grupo, fecha_reunion, id_miembro, asistencia) VALUES (2, 2, TO_DATE('2026-05-28', 'YYYY-MM-DD'), 20, 'N');
INSERT INTO casj_inasistencias (id_club, id_grupo, fecha_reunion, id_miembro, asistencia) VALUES (2, 2, TO_DATE('2026-06-04', 'YYYY-MM-DD'), 18, 'N');
INSERT INTO casj_inasistencias (id_club, id_grupo, fecha_reunion, id_miembro, asistencia) VALUES (2, 2, TO_DATE('2026-06-04', 'YYYY-MM-DD'), 20, 'N');
INSERT INTO casj_inasistencias (id_club, id_grupo, fecha_reunion, id_miembro, asistencia) VALUES (2, 3, TO_DATE('2026-01-22', 'YYYY-MM-DD'), 21, 'N');
INSERT INTO casj_inasistencias (id_club, id_grupo, fecha_reunion, id_miembro, asistencia) VALUES (2, 3, TO_DATE('2026-01-29', 'YYYY-MM-DD'), 21, 'N');
INSERT INTO casj_inasistencias (id_club, id_grupo, fecha_reunion, id_miembro, asistencia) VALUES (2, 3, TO_DATE('2026-01-29', 'YYYY-MM-DD'), 22, 'N');
INSERT INTO casj_inasistencias (id_club, id_grupo, fecha_reunion, id_miembro, asistencia) VALUES (2, 3, TO_DATE('2026-02-05', 'YYYY-MM-DD'), 24, 'N');
INSERT INTO casj_inasistencias (id_club, id_grupo, fecha_reunion, id_miembro, asistencia) VALUES (2, 3, TO_DATE('2026-02-12', 'YYYY-MM-DD'), 22, 'N');
INSERT INTO casj_inasistencias (id_club, id_grupo, fecha_reunion, id_miembro, asistencia) VALUES (2, 3, TO_DATE('2026-03-05', 'YYYY-MM-DD'), 23, 'N');
INSERT INTO casj_inasistencias (id_club, id_grupo, fecha_reunion, id_miembro, asistencia) VALUES (2, 3, TO_DATE('2026-03-12', 'YYYY-MM-DD'), 23, 'N');
INSERT INTO casj_inasistencias (id_club, id_grupo, fecha_reunion, id_miembro, asistencia) VALUES (2, 3, TO_DATE('2026-03-26', 'YYYY-MM-DD'), 22, 'N');
INSERT INTO casj_inasistencias (id_club, id_grupo, fecha_reunion, id_miembro, asistencia) VALUES (2, 3, TO_DATE('2026-04-09', 'YYYY-MM-DD'), 22, 'N');
INSERT INTO casj_inasistencias (id_club, id_grupo, fecha_reunion, id_miembro, asistencia) VALUES (2, 3, TO_DATE('2026-04-09', 'YYYY-MM-DD'), 23, 'N');
INSERT INTO casj_inasistencias (id_club, id_grupo, fecha_reunion, id_miembro, asistencia) VALUES (2, 3, TO_DATE('2026-04-16', 'YYYY-MM-DD'), 21, 'N');
INSERT INTO casj_inasistencias (id_club, id_grupo, fecha_reunion, id_miembro, asistencia) VALUES (2, 3, TO_DATE('2026-04-16', 'YYYY-MM-DD'), 22, 'N');
INSERT INTO casj_inasistencias (id_club, id_grupo, fecha_reunion, id_miembro, asistencia) VALUES (2, 3, TO_DATE('2026-04-30', 'YYYY-MM-DD'), 21, 'N');
INSERT INTO casj_inasistencias (id_club, id_grupo, fecha_reunion, id_miembro, asistencia) VALUES (2, 3, TO_DATE('2026-05-21', 'YYYY-MM-DD'), 22, 'N');
INSERT INTO casj_inasistencias (id_club, id_grupo, fecha_reunion, id_miembro, asistencia) VALUES (2, 3, TO_DATE('2026-05-28', 'YYYY-MM-DD'), 22, 'N');
INSERT INTO casj_inasistencias (id_club, id_grupo, fecha_reunion, id_miembro, asistencia) VALUES (2, 3, TO_DATE('2026-05-28', 'YYYY-MM-DD'), 23, 'N');
INSERT INTO casj_inasistencias (id_club, id_grupo, fecha_reunion, id_miembro, asistencia) VALUES (3, 1, TO_DATE('2024-10-05', 'YYYY-MM-DD'), 26, 'N');
INSERT INTO casj_inasistencias (id_club, id_grupo, fecha_reunion, id_miembro, asistencia) VALUES (3, 1, TO_DATE('2024-11-04', 'YYYY-MM-DD'), 25, 'N');
INSERT INTO casj_inasistencias (id_club, id_grupo, fecha_reunion, id_miembro, asistencia) VALUES (3, 1, TO_DATE('2024-11-29', 'YYYY-MM-DD'), 26, 'N');
INSERT INTO casj_inasistencias (id_club, id_grupo, fecha_reunion, id_miembro, asistencia) VALUES (3, 1, TO_DATE('2024-11-29', 'YYYY-MM-DD'), 27, 'N');
INSERT INTO casj_inasistencias (id_club, id_grupo, fecha_reunion, id_miembro, asistencia) VALUES (3, 1, TO_DATE('2024-12-24', 'YYYY-MM-DD'), 28, 'N');
INSERT INTO casj_inasistencias (id_club, id_grupo, fecha_reunion, id_miembro, asistencia) VALUES (3, 1, TO_DATE('2025-01-14', 'YYYY-MM-DD'), 27, 'N');
INSERT INTO casj_inasistencias (id_club, id_grupo, fecha_reunion, id_miembro, asistencia) VALUES (3, 1, TO_DATE('2025-02-12', 'YYYY-MM-DD'), 26, 'N');
INSERT INTO casj_inasistencias (id_club, id_grupo, fecha_reunion, id_miembro, asistencia) VALUES (3, 1, TO_DATE('2025-04-06', 'YYYY-MM-DD'), 25, 'N');
INSERT INTO casj_inasistencias (id_club, id_grupo, fecha_reunion, id_miembro, asistencia) VALUES (3, 1, TO_DATE('2025-05-01', 'YYYY-MM-DD'), 26, 'N');
INSERT INTO casj_inasistencias (id_club, id_grupo, fecha_reunion, id_miembro, asistencia) VALUES (3, 1, TO_DATE('2025-05-31', 'YYYY-MM-DD'), 27, 'N');
INSERT INTO casj_inasistencias (id_club, id_grupo, fecha_reunion, id_miembro, asistencia) VALUES (3, 1, TO_DATE('2025-08-05', 'YYYY-MM-DD'), 26, 'N');
INSERT INTO casj_inasistencias (id_club, id_grupo, fecha_reunion, id_miembro, asistencia) VALUES (3, 1, TO_DATE('2025-09-01', 'YYYY-MM-DD'), 26, 'N');
INSERT INTO casj_inasistencias (id_club, id_grupo, fecha_reunion, id_miembro, asistencia) VALUES (3, 1, TO_DATE('2025-09-27', 'YYYY-MM-DD'), 26, 'N');
INSERT INTO casj_inasistencias (id_club, id_grupo, fecha_reunion, id_miembro, asistencia) VALUES (3, 1, TO_DATE('2025-10-25', 'YYYY-MM-DD'), 28, 'N');
INSERT INTO casj_inasistencias (id_club, id_grupo, fecha_reunion, id_miembro, asistencia) VALUES (3, 1, TO_DATE('2026-01-08', 'YYYY-MM-DD'), 25, 'N');
INSERT INTO casj_inasistencias (id_club, id_grupo, fecha_reunion, id_miembro, asistencia) VALUES (3, 1, TO_DATE('2026-01-15', 'YYYY-MM-DD'), 25, 'N');
INSERT INTO casj_inasistencias (id_club, id_grupo, fecha_reunion, id_miembro, asistencia) VALUES (3, 1, TO_DATE('2026-01-22', 'YYYY-MM-DD'), 28, 'N');
INSERT INTO casj_inasistencias (id_club, id_grupo, fecha_reunion, id_miembro, asistencia) VALUES (3, 1, TO_DATE('2026-01-29', 'YYYY-MM-DD'), 28, 'N');
INSERT INTO casj_inasistencias (id_club, id_grupo, fecha_reunion, id_miembro, asistencia) VALUES (3, 2, TO_DATE('2025-11-29', 'YYYY-MM-DD'), 32, 'N');
INSERT INTO casj_inasistencias (id_club, id_grupo, fecha_reunion, id_miembro, asistencia) VALUES (3, 2, TO_DATE('2025-12-27', 'YYYY-MM-DD'), 31, 'N');
INSERT INTO casj_inasistencias (id_club, id_grupo, fecha_reunion, id_miembro, asistencia) VALUES (3, 2, TO_DATE('2026-01-27', 'YYYY-MM-DD'), 30, 'N');
INSERT INTO casj_inasistencias (id_club, id_grupo, fecha_reunion, id_miembro, asistencia) VALUES (3, 2, TO_DATE('2026-01-27', 'YYYY-MM-DD'), 31, 'N');
INSERT INTO casj_inasistencias (id_club, id_grupo, fecha_reunion, id_miembro, asistencia) VALUES (3, 2, TO_DATE('2026-01-27', 'YYYY-MM-DD'), 32, 'N');
INSERT INTO casj_inasistencias (id_club, id_grupo, fecha_reunion, id_miembro, asistencia) VALUES (3, 2, TO_DATE('2026-02-03', 'YYYY-MM-DD'), 30, 'N');
INSERT INTO casj_inasistencias (id_club, id_grupo, fecha_reunion, id_miembro, asistencia) VALUES (3, 2, TO_DATE('2026-02-24', 'YYYY-MM-DD'), 30, 'N');
INSERT INTO casj_inasistencias (id_club, id_grupo, fecha_reunion, id_miembro, asistencia) VALUES (3, 2, TO_DATE('2026-03-03', 'YYYY-MM-DD'), 30, 'N');
INSERT INTO casj_inasistencias (id_club, id_grupo, fecha_reunion, id_miembro, asistencia) VALUES (3, 2, TO_DATE('2026-03-03', 'YYYY-MM-DD'), 31, 'N');
INSERT INTO casj_inasistencias (id_club, id_grupo, fecha_reunion, id_miembro, asistencia) VALUES (3, 2, TO_DATE('2026-03-17', 'YYYY-MM-DD'), 31, 'N');
INSERT INTO casj_inasistencias (id_club, id_grupo, fecha_reunion, id_miembro, asistencia) VALUES (3, 2, TO_DATE('2026-03-17', 'YYYY-MM-DD'), 32, 'N');
INSERT INTO casj_inasistencias (id_club, id_grupo, fecha_reunion, id_miembro, asistencia) VALUES (3, 2, TO_DATE('2026-03-24', 'YYYY-MM-DD'), 32, 'N');
INSERT INTO casj_inasistencias (id_club, id_grupo, fecha_reunion, id_miembro, asistencia) VALUES (3, 2, TO_DATE('2026-03-31', 'YYYY-MM-DD'), 31, 'N');
INSERT INTO casj_inasistencias (id_club, id_grupo, fecha_reunion, id_miembro, asistencia) VALUES (3, 2, TO_DATE('2026-04-14', 'YYYY-MM-DD'), 30, 'N');
INSERT INTO casj_inasistencias (id_club, id_grupo, fecha_reunion, id_miembro, asistencia) VALUES (3, 2, TO_DATE('2026-04-28', 'YYYY-MM-DD'), 29, 'N');
INSERT INTO casj_inasistencias (id_club, id_grupo, fecha_reunion, id_miembro, asistencia) VALUES (3, 2, TO_DATE('2026-04-28', 'YYYY-MM-DD'), 30, 'N');
INSERT INTO casj_inasistencias (id_club, id_grupo, fecha_reunion, id_miembro, asistencia) VALUES (3, 2, TO_DATE('2026-05-05', 'YYYY-MM-DD'), 29, 'N');
INSERT INTO casj_inasistencias (id_club, id_grupo, fecha_reunion, id_miembro, asistencia) VALUES (3, 2, TO_DATE('2026-05-19', 'YYYY-MM-DD'), 29, 'N');
INSERT INTO casj_inasistencias (id_club, id_grupo, fecha_reunion, id_miembro, asistencia) VALUES (3, 2, TO_DATE('2026-05-19', 'YYYY-MM-DD'), 30, 'N');
INSERT INTO casj_inasistencias (id_club, id_grupo, fecha_reunion, id_miembro, asistencia) VALUES (3, 2, TO_DATE('2026-05-26', 'YYYY-MM-DD'), 29, 'N');
INSERT INTO casj_inasistencias (id_club, id_grupo, fecha_reunion, id_miembro, asistencia) VALUES (3, 2, TO_DATE('2026-06-02', 'YYYY-MM-DD'), 29, 'N');
INSERT INTO casj_inasistencias (id_club, id_grupo, fecha_reunion, id_miembro, asistencia) VALUES (3, 2, TO_DATE('2026-06-02', 'YYYY-MM-DD'), 31, 'N');
INSERT INTO casj_inasistencias (id_club, id_grupo, fecha_reunion, id_miembro, asistencia) VALUES (3, 2, TO_DATE('2026-06-09', 'YYYY-MM-DD'), 31, 'N');
INSERT INTO casj_inasistencias (id_club, id_grupo, fecha_reunion, id_miembro, asistencia) VALUES (3, 3, TO_DATE('2025-01-14', 'YYYY-MM-DD'), 33, 'N');
INSERT INTO casj_inasistencias (id_club, id_grupo, fecha_reunion, id_miembro, asistencia) VALUES (3, 3, TO_DATE('2025-01-14', 'YYYY-MM-DD'), 35, 'N');
INSERT INTO casj_inasistencias (id_club, id_grupo, fecha_reunion, id_miembro, asistencia) VALUES (3, 3, TO_DATE('2025-02-10', 'YYYY-MM-DD'), 34, 'N');
INSERT INTO casj_inasistencias (id_club, id_grupo, fecha_reunion, id_miembro, asistencia) VALUES (3, 3, TO_DATE('2025-03-04', 'YYYY-MM-DD'), 36, 'N');
INSERT INTO casj_inasistencias (id_club, id_grupo, fecha_reunion, id_miembro, asistencia) VALUES (3, 3, TO_DATE('2025-04-02', 'YYYY-MM-DD'), 34, 'N');
INSERT INTO casj_inasistencias (id_club, id_grupo, fecha_reunion, id_miembro, asistencia) VALUES (3, 3, TO_DATE('2025-04-02', 'YYYY-MM-DD'), 35, 'N');
INSERT INTO casj_inasistencias (id_club, id_grupo, fecha_reunion, id_miembro, asistencia) VALUES (3, 3, TO_DATE('2025-07-11', 'YYYY-MM-DD'), 33, 'N');
INSERT INTO casj_inasistencias (id_club, id_grupo, fecha_reunion, id_miembro, asistencia) VALUES (3, 3, TO_DATE('2025-08-06', 'YYYY-MM-DD'), 34, 'N');
INSERT INTO casj_inasistencias (id_club, id_grupo, fecha_reunion, id_miembro, asistencia) VALUES (3, 3, TO_DATE('2025-09-04', 'YYYY-MM-DD'), 36, 'N');
INSERT INTO casj_inasistencias (id_club, id_grupo, fecha_reunion, id_miembro, asistencia) VALUES (3, 3, TO_DATE('2025-10-21', 'YYYY-MM-DD'), 33, 'N');
INSERT INTO casj_inasistencias (id_club, id_grupo, fecha_reunion, id_miembro, asistencia) VALUES (3, 3, TO_DATE('2025-12-08', 'YYYY-MM-DD'), 33, 'N');
INSERT INTO casj_inasistencias (id_club, id_grupo, fecha_reunion, id_miembro, asistencia) VALUES (3, 3, TO_DATE('2026-01-07', 'YYYY-MM-DD'), 34, 'N');
INSERT INTO casj_inasistencias (id_club, id_grupo, fecha_reunion, id_miembro, asistencia) VALUES (3, 3, TO_DATE('2026-01-14', 'YYYY-MM-DD'), 35, 'N');
INSERT INTO casj_inasistencias (id_club, id_grupo, fecha_reunion, id_miembro, asistencia) VALUES (3, 3, TO_DATE('2026-01-28', 'YYYY-MM-DD'), 33, 'N');
INSERT INTO casj_inasistencias (id_club, id_grupo, fecha_reunion, id_miembro, asistencia) VALUES (3, 3, TO_DATE('2026-02-04', 'YYYY-MM-DD'), 33, 'N');
INSERT INTO casj_inasistencias (id_club, id_grupo, fecha_reunion, id_miembro, asistencia) VALUES (3, 3, TO_DATE('2026-02-04', 'YYYY-MM-DD'), 36, 'N');
INSERT INTO casj_inasistencias (id_club, id_grupo, fecha_reunion, id_miembro, asistencia) VALUES (3, 3, TO_DATE('2026-02-18', 'YYYY-MM-DD'), 33, 'N');
INSERT INTO casj_inasistencias (id_club, id_grupo, fecha_reunion, id_miembro, asistencia) VALUES (3, 3, TO_DATE('2026-03-04', 'YYYY-MM-DD'), 35, 'N');
INSERT INTO casj_inasistencias (id_club, id_grupo, fecha_reunion, id_miembro, asistencia) VALUES (3, 3, TO_DATE('2026-03-11', 'YYYY-MM-DD'), 33, 'N');
INSERT INTO casj_inasistencias (id_club, id_grupo, fecha_reunion, id_miembro, asistencia) VALUES (3, 3, TO_DATE('2026-03-11', 'YYYY-MM-DD'), 34, 'N');
INSERT INTO casj_inasistencias (id_club, id_grupo, fecha_reunion, id_miembro, asistencia) VALUES (3, 3, TO_DATE('2026-03-18', 'YYYY-MM-DD'), 35, 'N');
INSERT INTO casj_inasistencias (id_club, id_grupo, fecha_reunion, id_miembro, asistencia) VALUES (3, 3, TO_DATE('2026-04-01', 'YYYY-MM-DD'), 34, 'N');
INSERT INTO casj_inasistencias (id_club, id_grupo, fecha_reunion, id_miembro, asistencia) VALUES (3, 3, TO_DATE('2026-04-08', 'YYYY-MM-DD'), 33, 'N');
INSERT INTO casj_inasistencias (id_club, id_grupo, fecha_reunion, id_miembro, asistencia) VALUES (3, 3, TO_DATE('2026-04-15', 'YYYY-MM-DD'), 36, 'N');
INSERT INTO casj_inasistencias (id_club, id_grupo, fecha_reunion, id_miembro, asistencia) VALUES (4, 1, TO_DATE('2024-05-08', 'YYYY-MM-DD'), 39, 'N');
INSERT INTO casj_inasistencias (id_club, id_grupo, fecha_reunion, id_miembro, asistencia) VALUES (4, 1, TO_DATE('2024-06-02', 'YYYY-MM-DD'), 39, 'N');
INSERT INTO casj_inasistencias (id_club, id_grupo, fecha_reunion, id_miembro, asistencia) VALUES (4, 1, TO_DATE('2024-06-26', 'YYYY-MM-DD'), 37, 'N');
INSERT INTO casj_inasistencias (id_club, id_grupo, fecha_reunion, id_miembro, asistencia) VALUES (4, 1, TO_DATE('2024-07-17', 'YYYY-MM-DD'), 40, 'N');
INSERT INTO casj_inasistencias (id_club, id_grupo, fecha_reunion, id_miembro, asistencia) VALUES (4, 1, TO_DATE('2024-08-09', 'YYYY-MM-DD'), 38, 'N');
INSERT INTO casj_inasistencias (id_club, id_grupo, fecha_reunion, id_miembro, asistencia) VALUES (4, 1, TO_DATE('2024-08-09', 'YYYY-MM-DD'), 39, 'N');
INSERT INTO casj_inasistencias (id_club, id_grupo, fecha_reunion, id_miembro, asistencia) VALUES (4, 1, TO_DATE('2024-10-02', 'YYYY-MM-DD'), 39, 'N');
INSERT INTO casj_inasistencias (id_club, id_grupo, fecha_reunion, id_miembro, asistencia) VALUES (4, 1, TO_DATE('2024-10-24', 'YYYY-MM-DD'), 40, 'N');
INSERT INTO casj_inasistencias (id_club, id_grupo, fecha_reunion, id_miembro, asistencia) VALUES (4, 1, TO_DATE('2024-11-17', 'YYYY-MM-DD'), 37, 'N');
INSERT INTO casj_inasistencias (id_club, id_grupo, fecha_reunion, id_miembro, asistencia) VALUES (4, 1, TO_DATE('2024-12-16', 'YYYY-MM-DD'), 38, 'N');
INSERT INTO casj_inasistencias (id_club, id_grupo, fecha_reunion, id_miembro, asistencia) VALUES (4, 1, TO_DATE('2024-12-16', 'YYYY-MM-DD'), 39, 'N');
INSERT INTO casj_inasistencias (id_club, id_grupo, fecha_reunion, id_miembro, asistencia) VALUES (4, 1, TO_DATE('2025-01-06', 'YYYY-MM-DD'), 40, 'N');
INSERT INTO casj_inasistencias (id_club, id_grupo, fecha_reunion, id_miembro, asistencia) VALUES (4, 1, TO_DATE('2025-02-03', 'YYYY-MM-DD'), 40, 'N');
INSERT INTO casj_inasistencias (id_club, id_grupo, fecha_reunion, id_miembro, asistencia) VALUES (4, 1, TO_DATE('2025-02-25', 'YYYY-MM-DD'), 38, 'N');
INSERT INTO casj_inasistencias (id_club, id_grupo, fecha_reunion, id_miembro, asistencia) VALUES (4, 1, TO_DATE('2025-02-25', 'YYYY-MM-DD'), 40, 'N');
INSERT INTO casj_inasistencias (id_club, id_grupo, fecha_reunion, id_miembro, asistencia) VALUES (4, 1, TO_DATE('2025-03-26', 'YYYY-MM-DD'), 37, 'N');
INSERT INTO casj_inasistencias (id_club, id_grupo, fecha_reunion, id_miembro, asistencia) VALUES (4, 1, TO_DATE('2025-03-26', 'YYYY-MM-DD'), 39, 'N');
INSERT INTO casj_inasistencias (id_club, id_grupo, fecha_reunion, id_miembro, asistencia) VALUES (4, 1, TO_DATE('2025-05-09', 'YYYY-MM-DD'), 38, 'N');
INSERT INTO casj_inasistencias (id_club, id_grupo, fecha_reunion, id_miembro, asistencia) VALUES (4, 1, TO_DATE('2025-06-07', 'YYYY-MM-DD'), 37, 'N');
INSERT INTO casj_inasistencias (id_club, id_grupo, fecha_reunion, id_miembro, asistencia) VALUES (4, 1, TO_DATE('2025-07-06', 'YYYY-MM-DD'), 39, 'N');
INSERT INTO casj_inasistencias (id_club, id_grupo, fecha_reunion, id_miembro, asistencia) VALUES (4, 1, TO_DATE('2025-07-06', 'YYYY-MM-DD'), 40, 'N');
INSERT INTO casj_inasistencias (id_club, id_grupo, fecha_reunion, id_miembro, asistencia) VALUES (4, 1, TO_DATE('2025-08-04', 'YYYY-MM-DD'), 37, 'N');
INSERT INTO casj_inasistencias (id_club, id_grupo, fecha_reunion, id_miembro, asistencia) VALUES (4, 1, TO_DATE('2025-08-04', 'YYYY-MM-DD'), 39, 'N');
INSERT INTO casj_inasistencias (id_club, id_grupo, fecha_reunion, id_miembro, asistencia) VALUES (4, 1, TO_DATE('2025-09-14', 'YYYY-MM-DD'), 37, 'N');
INSERT INTO casj_inasistencias (id_club, id_grupo, fecha_reunion, id_miembro, asistencia) VALUES (4, 1, TO_DATE('2025-09-14', 'YYYY-MM-DD'), 39, 'N');
INSERT INTO casj_inasistencias (id_club, id_grupo, fecha_reunion, id_miembro, asistencia) VALUES (4, 1, TO_DATE('2025-11-02', 'YYYY-MM-DD'), 39, 'N');
INSERT INTO casj_inasistencias (id_club, id_grupo, fecha_reunion, id_miembro, asistencia) VALUES (4, 1, TO_DATE('2025-11-26', 'YYYY-MM-DD'), 38, 'N');
INSERT INTO casj_inasistencias (id_club, id_grupo, fecha_reunion, id_miembro, asistencia) VALUES (4, 1, TO_DATE('2026-01-24', 'YYYY-MM-DD'), 40, 'N');
INSERT INTO casj_inasistencias (id_club, id_grupo, fecha_reunion, id_miembro, asistencia) VALUES (4, 1, TO_DATE('2026-02-07', 'YYYY-MM-DD'), 40, 'N');
INSERT INTO casj_inasistencias (id_club, id_grupo, fecha_reunion, id_miembro, asistencia) VALUES (4, 1, TO_DATE('2026-02-14', 'YYYY-MM-DD'), 38, 'N');
INSERT INTO casj_inasistencias (id_club, id_grupo, fecha_reunion, id_miembro, asistencia) VALUES (4, 2, TO_DATE('2024-11-26', 'YYYY-MM-DD'), 42, 'N');
INSERT INTO casj_inasistencias (id_club, id_grupo, fecha_reunion, id_miembro, asistencia) VALUES (4, 2, TO_DATE('2025-01-19', 'YYYY-MM-DD'), 44, 'N');
INSERT INTO casj_inasistencias (id_club, id_grupo, fecha_reunion, id_miembro, asistencia) VALUES (4, 2, TO_DATE('2025-03-29', 'YYYY-MM-DD'), 44, 'N');
INSERT INTO casj_inasistencias (id_club, id_grupo, fecha_reunion, id_miembro, asistencia) VALUES (4, 2, TO_DATE('2025-05-21', 'YYYY-MM-DD'), 42, 'N');
INSERT INTO casj_inasistencias (id_club, id_grupo, fecha_reunion, id_miembro, asistencia) VALUES (4, 2, TO_DATE('2025-07-08', 'YYYY-MM-DD'), 42, 'N');
INSERT INTO casj_inasistencias (id_club, id_grupo, fecha_reunion, id_miembro, asistencia) VALUES (4, 2, TO_DATE('2025-07-08', 'YYYY-MM-DD'), 44, 'N');
INSERT INTO casj_inasistencias (id_club, id_grupo, fecha_reunion, id_miembro, asistencia) VALUES (4, 2, TO_DATE('2025-07-30', 'YYYY-MM-DD'), 43, 'N');
INSERT INTO casj_inasistencias (id_club, id_grupo, fecha_reunion, id_miembro, asistencia) VALUES (4, 2, TO_DATE('2025-09-18', 'YYYY-MM-DD'), 42, 'N');
INSERT INTO casj_inasistencias (id_club, id_grupo, fecha_reunion, id_miembro, asistencia) VALUES (4, 2, TO_DATE('2025-10-13', 'YYYY-MM-DD'), 44, 'N');
INSERT INTO casj_inasistencias (id_club, id_grupo, fecha_reunion, id_miembro, asistencia) VALUES (4, 2, TO_DATE('2025-11-04', 'YYYY-MM-DD'), 42, 'N');
INSERT INTO casj_inasistencias (id_club, id_grupo, fecha_reunion, id_miembro, asistencia) VALUES (4, 2, TO_DATE('2025-12-27', 'YYYY-MM-DD'), 41, 'N');
INSERT INTO casj_inasistencias (id_club, id_grupo, fecha_reunion, id_miembro, asistencia) VALUES (4, 2, TO_DATE('2026-01-24', 'YYYY-MM-DD'), 41, 'N');
INSERT INTO casj_inasistencias (id_club, id_grupo, fecha_reunion, id_miembro, asistencia) VALUES (4, 2, TO_DATE('2026-01-24', 'YYYY-MM-DD'), 44, 'N');
INSERT INTO casj_inasistencias (id_club, id_grupo, fecha_reunion, id_miembro, asistencia) VALUES (4, 2, TO_DATE('2026-01-31', 'YYYY-MM-DD'), 43, 'N');
INSERT INTO casj_inasistencias (id_club, id_grupo, fecha_reunion, id_miembro, asistencia) VALUES (4, 2, TO_DATE('2026-01-31', 'YYYY-MM-DD'), 44, 'N');
INSERT INTO casj_inasistencias (id_club, id_grupo, fecha_reunion, id_miembro, asistencia) VALUES (4, 3, TO_DATE('2025-03-20', 'YYYY-MM-DD'), 47, 'N');
INSERT INTO casj_inasistencias (id_club, id_grupo, fecha_reunion, id_miembro, asistencia) VALUES (4, 3, TO_DATE('2025-03-20', 'YYYY-MM-DD'), 48, 'N');
INSERT INTO casj_inasistencias (id_club, id_grupo, fecha_reunion, id_miembro, asistencia) VALUES (4, 3, TO_DATE('2025-04-14', 'YYYY-MM-DD'), 47, 'N');
INSERT INTO casj_inasistencias (id_club, id_grupo, fecha_reunion, id_miembro, asistencia) VALUES (4, 3, TO_DATE('2025-05-09', 'YYYY-MM-DD'), 47, 'N');
INSERT INTO casj_inasistencias (id_club, id_grupo, fecha_reunion, id_miembro, asistencia) VALUES (4, 3, TO_DATE('2025-06-28', 'YYYY-MM-DD'), 45, 'N');
INSERT INTO casj_inasistencias (id_club, id_grupo, fecha_reunion, id_miembro, asistencia) VALUES (4, 3, TO_DATE('2025-08-22', 'YYYY-MM-DD'), 45, 'N');
INSERT INTO casj_inasistencias (id_club, id_grupo, fecha_reunion, id_miembro, asistencia) VALUES (4, 3, TO_DATE('2025-08-22', 'YYYY-MM-DD'), 48, 'N');
INSERT INTO casj_inasistencias (id_club, id_grupo, fecha_reunion, id_miembro, asistencia) VALUES (4, 3, TO_DATE('2025-09-15', 'YYYY-MM-DD'), 48, 'N');
INSERT INTO casj_inasistencias (id_club, id_grupo, fecha_reunion, id_miembro, asistencia) VALUES (4, 3, TO_DATE('2025-12-20', 'YYYY-MM-DD'), 46, 'N');
INSERT INTO casj_inasistencias (id_club, id_grupo, fecha_reunion, id_miembro, asistencia) VALUES (4, 3, TO_DATE('2026-01-19', 'YYYY-MM-DD'), 46, 'N');
INSERT INTO casj_inasistencias (id_club, id_grupo, fecha_reunion, id_miembro, asistencia) VALUES (4, 3, TO_DATE('2026-01-19', 'YYYY-MM-DD'), 47, 'N');
INSERT INTO casj_inasistencias (id_club, id_grupo, fecha_reunion, id_miembro, asistencia) VALUES (4, 3, TO_DATE('2026-02-02', 'YYYY-MM-DD'), 47, 'N');
INSERT INTO casj_inasistencias (id_club, id_grupo, fecha_reunion, id_miembro, asistencia) VALUES (4, 3, TO_DATE('2026-03-02', 'YYYY-MM-DD'), 45, 'N');
INSERT INTO casj_inasistencias (id_club, id_grupo, fecha_reunion, id_miembro, asistencia) VALUES (4, 3, TO_DATE('2026-03-02', 'YYYY-MM-DD'), 48, 'N');
INSERT INTO casj_inasistencias (id_club, id_grupo, fecha_reunion, id_miembro, asistencia) VALUES (4, 3, TO_DATE('2026-03-23', 'YYYY-MM-DD'), 47, 'N');
INSERT INTO casj_inasistencias (id_club, id_grupo, fecha_reunion, id_miembro, asistencia) VALUES (4, 3, TO_DATE('2026-03-23', 'YYYY-MM-DD'), 48, 'N');
INSERT INTO casj_inasistencias (id_club, id_grupo, fecha_reunion, id_miembro, asistencia) VALUES (4, 3, TO_DATE('2026-03-30', 'YYYY-MM-DD'), 45, 'N');
INSERT INTO casj_inasistencias (id_club, id_grupo, fecha_reunion, id_miembro, asistencia) VALUES (4, 3, TO_DATE('2026-04-06', 'YYYY-MM-DD'), 45, 'N');
INSERT INTO casj_inasistencias (id_club, id_grupo, fecha_reunion, id_miembro, asistencia) VALUES (4, 3, TO_DATE('2026-04-06', 'YYYY-MM-DD'), 48, 'N');
INSERT INTO casj_inasistencias (id_club, id_grupo, fecha_reunion, id_miembro, asistencia) VALUES (4, 3, TO_DATE('2026-05-04', 'YYYY-MM-DD'), 45, 'N');
INSERT INTO casj_inasistencias (id_club, id_grupo, fecha_reunion, id_miembro, asistencia) VALUES (4, 3, TO_DATE('2026-05-11', 'YYYY-MM-DD'), 47, 'N');
INSERT INTO casj_inasistencias (id_club, id_grupo, fecha_reunion, id_miembro, asistencia) VALUES (4, 3, TO_DATE('2026-05-18', 'YYYY-MM-DD'), 45, 'N');
INSERT INTO casj_inasistencias (id_club, id_grupo, fecha_reunion, id_miembro, asistencia) VALUES (4, 3, TO_DATE('2026-06-01', 'YYYY-MM-DD'), 48, 'N');
INSERT INTO casj_inasistencias (id_club, id_grupo, fecha_reunion, id_miembro, asistencia) VALUES (4, 3, TO_DATE('2026-06-08', 'YYYY-MM-DD'), 46, 'N');
INSERT INTO casj_inasistencias (id_club, id_grupo, fecha_reunion, id_miembro, asistencia) VALUES (5, 1, TO_DATE('2024-11-13', 'YYYY-MM-DD'), 49, 'N');
INSERT INTO casj_inasistencias (id_club, id_grupo, fecha_reunion, id_miembro, asistencia) VALUES (5, 1, TO_DATE('2024-12-03', 'YYYY-MM-DD'), 49, 'N');
INSERT INTO casj_inasistencias (id_club, id_grupo, fecha_reunion, id_miembro, asistencia) VALUES (5, 1, TO_DATE('2024-12-31', 'YYYY-MM-DD'), 51, 'N');
INSERT INTO casj_inasistencias (id_club, id_grupo, fecha_reunion, id_miembro, asistencia) VALUES (5, 1, TO_DATE('2024-12-31', 'YYYY-MM-DD'), 52, 'N');
INSERT INTO casj_inasistencias (id_club, id_grupo, fecha_reunion, id_miembro, asistencia) VALUES (5, 1, TO_DATE('2025-01-23', 'YYYY-MM-DD'), 50, 'N');
INSERT INTO casj_inasistencias (id_club, id_grupo, fecha_reunion, id_miembro, asistencia) VALUES (5, 1, TO_DATE('2025-02-20', 'YYYY-MM-DD'), 49, 'N');
INSERT INTO casj_inasistencias (id_club, id_grupo, fecha_reunion, id_miembro, asistencia) VALUES (5, 1, TO_DATE('2025-03-16', 'YYYY-MM-DD'), 51, 'N');
INSERT INTO casj_inasistencias (id_club, id_grupo, fecha_reunion, id_miembro, asistencia) VALUES (5, 1, TO_DATE('2025-04-11', 'YYYY-MM-DD'), 50, 'N');
INSERT INTO casj_inasistencias (id_club, id_grupo, fecha_reunion, id_miembro, asistencia) VALUES (5, 1, TO_DATE('2025-06-30', 'YYYY-MM-DD'), 50, 'N');
INSERT INTO casj_inasistencias (id_club, id_grupo, fecha_reunion, id_miembro, asistencia) VALUES (5, 1, TO_DATE('2025-07-30', 'YYYY-MM-DD'), 52, 'N');
INSERT INTO casj_inasistencias (id_club, id_grupo, fecha_reunion, id_miembro, asistencia) VALUES (5, 1, TO_DATE('2025-08-28', 'YYYY-MM-DD'), 51, 'N');
INSERT INTO casj_inasistencias (id_club, id_grupo, fecha_reunion, id_miembro, asistencia) VALUES (5, 1, TO_DATE('2025-09-19', 'YYYY-MM-DD'), 50, 'N');
INSERT INTO casj_inasistencias (id_club, id_grupo, fecha_reunion, id_miembro, asistencia) VALUES (5, 1, TO_DATE('2025-10-10', 'YYYY-MM-DD'), 50, 'N');
INSERT INTO casj_inasistencias (id_club, id_grupo, fecha_reunion, id_miembro, asistencia) VALUES (5, 1, TO_DATE('2025-11-04', 'YYYY-MM-DD'), 50, 'N');
INSERT INTO casj_inasistencias (id_club, id_grupo, fecha_reunion, id_miembro, asistencia) VALUES (5, 1, TO_DATE('2025-11-29', 'YYYY-MM-DD'), 52, 'N');
INSERT INTO casj_inasistencias (id_club, id_grupo, fecha_reunion, id_miembro, asistencia) VALUES (5, 1, TO_DATE('2026-01-15', 'YYYY-MM-DD'), 52, 'N');
INSERT INTO casj_inasistencias (id_club, id_grupo, fecha_reunion, id_miembro, asistencia) VALUES (5, 1, TO_DATE('2026-01-22', 'YYYY-MM-DD'), 50, 'N');
INSERT INTO casj_inasistencias (id_club, id_grupo, fecha_reunion, id_miembro, asistencia) VALUES (5, 1, TO_DATE('2026-01-22', 'YYYY-MM-DD'), 52, 'N');
INSERT INTO casj_inasistencias (id_club, id_grupo, fecha_reunion, id_miembro, asistencia) VALUES (5, 1, TO_DATE('2026-01-29', 'YYYY-MM-DD'), 49, 'N');
INSERT INTO casj_inasistencias (id_club, id_grupo, fecha_reunion, id_miembro, asistencia) VALUES (5, 1, TO_DATE('2026-01-29', 'YYYY-MM-DD'), 50, 'N');
INSERT INTO casj_inasistencias (id_club, id_grupo, fecha_reunion, id_miembro, asistencia) VALUES (5, 1, TO_DATE('2026-01-29', 'YYYY-MM-DD'), 51, 'N');
INSERT INTO casj_inasistencias (id_club, id_grupo, fecha_reunion, id_miembro, asistencia) VALUES (5, 1, TO_DATE('2026-01-29', 'YYYY-MM-DD'), 52, 'N');
INSERT INTO casj_inasistencias (id_club, id_grupo, fecha_reunion, id_miembro, asistencia) VALUES (5, 1, TO_DATE('2026-02-12', 'YYYY-MM-DD'), 50, 'N');
INSERT INTO casj_inasistencias (id_club, id_grupo, fecha_reunion, id_miembro, asistencia) VALUES (5, 1, TO_DATE('2026-02-19', 'YYYY-MM-DD'), 51, 'N');
INSERT INTO casj_inasistencias (id_club, id_grupo, fecha_reunion, id_miembro, asistencia) VALUES (5, 1, TO_DATE('2026-02-26', 'YYYY-MM-DD'), 52, 'N');
INSERT INTO casj_inasistencias (id_club, id_grupo, fecha_reunion, id_miembro, asistencia) VALUES (5, 1, TO_DATE('2026-03-05', 'YYYY-MM-DD'), 49, 'N');
INSERT INTO casj_inasistencias (id_club, id_grupo, fecha_reunion, id_miembro, asistencia) VALUES (5, 1, TO_DATE('2026-03-05', 'YYYY-MM-DD'), 52, 'N');
INSERT INTO casj_inasistencias (id_club, id_grupo, fecha_reunion, id_miembro, asistencia) VALUES (5, 1, TO_DATE('2026-03-19', 'YYYY-MM-DD'), 50, 'N');
INSERT INTO casj_inasistencias (id_club, id_grupo, fecha_reunion, id_miembro, asistencia) VALUES (5, 1, TO_DATE('2026-03-19', 'YYYY-MM-DD'), 51, 'N');
INSERT INTO casj_inasistencias (id_club, id_grupo, fecha_reunion, id_miembro, asistencia) VALUES (5, 1, TO_DATE('2026-03-19', 'YYYY-MM-DD'), 52, 'N');
INSERT INTO casj_inasistencias (id_club, id_grupo, fecha_reunion, id_miembro, asistencia) VALUES (5, 1, TO_DATE('2026-04-02', 'YYYY-MM-DD'), 49, 'N');
INSERT INTO casj_inasistencias (id_club, id_grupo, fecha_reunion, id_miembro, asistencia) VALUES (5, 1, TO_DATE('2026-04-02', 'YYYY-MM-DD'), 51, 'N');
INSERT INTO casj_inasistencias (id_club, id_grupo, fecha_reunion, id_miembro, asistencia) VALUES (5, 1, TO_DATE('2026-04-09', 'YYYY-MM-DD'), 50, 'N');
INSERT INTO casj_inasistencias (id_club, id_grupo, fecha_reunion, id_miembro, asistencia) VALUES (5, 1, TO_DATE('2026-04-16', 'YYYY-MM-DD'), 51, 'N');
INSERT INTO casj_inasistencias (id_club, id_grupo, fecha_reunion, id_miembro, asistencia) VALUES (5, 1, TO_DATE('2026-04-23', 'YYYY-MM-DD'), 49, 'N');
INSERT INTO casj_inasistencias (id_club, id_grupo, fecha_reunion, id_miembro, asistencia) VALUES (5, 1, TO_DATE('2026-05-07', 'YYYY-MM-DD'), 50, 'N');
INSERT INTO casj_inasistencias (id_club, id_grupo, fecha_reunion, id_miembro, asistencia) VALUES (5, 1, TO_DATE('2026-05-07', 'YYYY-MM-DD'), 52, 'N');
INSERT INTO casj_inasistencias (id_club, id_grupo, fecha_reunion, id_miembro, asistencia) VALUES (5, 2, TO_DATE('2025-09-05', 'YYYY-MM-DD'), 54, 'N');
INSERT INTO casj_inasistencias (id_club, id_grupo, fecha_reunion, id_miembro, asistencia) VALUES (5, 2, TO_DATE('2025-09-30', 'YYYY-MM-DD'), 55, 'N');
INSERT INTO casj_inasistencias (id_club, id_grupo, fecha_reunion, id_miembro, asistencia) VALUES (5, 2, TO_DATE('2025-10-25', 'YYYY-MM-DD'), 54, 'N');
INSERT INTO casj_inasistencias (id_club, id_grupo, fecha_reunion, id_miembro, asistencia) VALUES (5, 2, TO_DATE('2025-11-16', 'YYYY-MM-DD'), 54, 'N');
INSERT INTO casj_inasistencias (id_club, id_grupo, fecha_reunion, id_miembro, asistencia) VALUES (5, 2, TO_DATE('2025-11-16', 'YYYY-MM-DD'), 56, 'N');
INSERT INTO casj_inasistencias (id_club, id_grupo, fecha_reunion, id_miembro, asistencia) VALUES (5, 2, TO_DATE('2025-12-15', 'YYYY-MM-DD'), 54, 'N');
INSERT INTO casj_inasistencias (id_club, id_grupo, fecha_reunion, id_miembro, asistencia) VALUES (5, 2, TO_DATE('2026-01-22', 'YYYY-MM-DD'), 55, 'N');
INSERT INTO casj_inasistencias (id_club, id_grupo, fecha_reunion, id_miembro, asistencia) VALUES (5, 2, TO_DATE('2026-02-05', 'YYYY-MM-DD'), 56, 'N');
INSERT INTO casj_inasistencias (id_club, id_grupo, fecha_reunion, id_miembro, asistencia) VALUES (5, 2, TO_DATE('2026-02-12', 'YYYY-MM-DD'), 54, 'N');
INSERT INTO casj_inasistencias (id_club, id_grupo, fecha_reunion, id_miembro, asistencia) VALUES (5, 2, TO_DATE('2026-02-19', 'YYYY-MM-DD'), 54, 'N');
INSERT INTO casj_inasistencias (id_club, id_grupo, fecha_reunion, id_miembro, asistencia) VALUES (5, 2, TO_DATE('2026-02-26', 'YYYY-MM-DD'), 54, 'N');
INSERT INTO casj_inasistencias (id_club, id_grupo, fecha_reunion, id_miembro, asistencia) VALUES (5, 2, TO_DATE('2026-03-12', 'YYYY-MM-DD'), 56, 'N');
INSERT INTO casj_inasistencias (id_club, id_grupo, fecha_reunion, id_miembro, asistencia) VALUES (5, 2, TO_DATE('2026-03-19', 'YYYY-MM-DD'), 55, 'N');
INSERT INTO casj_inasistencias (id_club, id_grupo, fecha_reunion, id_miembro, asistencia) VALUES (5, 2, TO_DATE('2026-03-26', 'YYYY-MM-DD'), 54, 'N');
INSERT INTO casj_inasistencias (id_club, id_grupo, fecha_reunion, id_miembro, asistencia) VALUES (5, 2, TO_DATE('2026-03-26', 'YYYY-MM-DD'), 55, 'N');
INSERT INTO casj_inasistencias (id_club, id_grupo, fecha_reunion, id_miembro, asistencia) VALUES (5, 2, TO_DATE('2026-04-09', 'YYYY-MM-DD'), 56, 'N');
INSERT INTO casj_inasistencias (id_club, id_grupo, fecha_reunion, id_miembro, asistencia) VALUES (5, 2, TO_DATE('2026-04-23', 'YYYY-MM-DD'), 56, 'N');
INSERT INTO casj_inasistencias (id_club, id_grupo, fecha_reunion, id_miembro, asistencia) VALUES (5, 2, TO_DATE('2026-05-14', 'YYYY-MM-DD'), 53, 'N');
INSERT INTO casj_inasistencias (id_club, id_grupo, fecha_reunion, id_miembro, asistencia) VALUES (5, 2, TO_DATE('2026-05-14', 'YYYY-MM-DD'), 54, 'N');
INSERT INTO casj_inasistencias (id_club, id_grupo, fecha_reunion, id_miembro, asistencia) VALUES (5, 2, TO_DATE('2026-05-14', 'YYYY-MM-DD'), 55, 'N');
INSERT INTO casj_inasistencias (id_club, id_grupo, fecha_reunion, id_miembro, asistencia) VALUES (5, 2, TO_DATE('2026-05-21', 'YYYY-MM-DD'), 54, 'N');
INSERT INTO casj_inasistencias (id_club, id_grupo, fecha_reunion, id_miembro, asistencia) VALUES (5, 2, TO_DATE('2026-05-21', 'YYYY-MM-DD'), 56, 'N');
INSERT INTO casj_inasistencias (id_club, id_grupo, fecha_reunion, id_miembro, asistencia) VALUES (5, 2, TO_DATE('2026-06-04', 'YYYY-MM-DD'), 54, 'N');
INSERT INTO casj_inasistencias (id_club, id_grupo, fecha_reunion, id_miembro, asistencia) VALUES (5, 3, TO_DATE('2024-03-21', 'YYYY-MM-DD'), 59, 'N');
INSERT INTO casj_inasistencias (id_club, id_grupo, fecha_reunion, id_miembro, asistencia) VALUES (5, 3, TO_DATE('2024-04-13', 'YYYY-MM-DD'), 58, 'N');
INSERT INTO casj_inasistencias (id_club, id_grupo, fecha_reunion, id_miembro, asistencia) VALUES (5, 3, TO_DATE('2024-05-03', 'YYYY-MM-DD'), 60, 'N');
INSERT INTO casj_inasistencias (id_club, id_grupo, fecha_reunion, id_miembro, asistencia) VALUES (5, 3, TO_DATE('2024-05-30', 'YYYY-MM-DD'), 59, 'N');
INSERT INTO casj_inasistencias (id_club, id_grupo, fecha_reunion, id_miembro, asistencia) VALUES (5, 3, TO_DATE('2024-08-19', 'YYYY-MM-DD'), 60, 'N');
INSERT INTO casj_inasistencias (id_club, id_grupo, fecha_reunion, id_miembro, asistencia) VALUES (5, 3, TO_DATE('2025-01-11', 'YYYY-MM-DD'), 57, 'N');
INSERT INTO casj_inasistencias (id_club, id_grupo, fecha_reunion, id_miembro, asistencia) VALUES (5, 3, TO_DATE('2025-03-26', 'YYYY-MM-DD'), 57, 'N');
INSERT INTO casj_inasistencias (id_club, id_grupo, fecha_reunion, id_miembro, asistencia) VALUES (5, 3, TO_DATE('2025-03-26', 'YYYY-MM-DD'), 58, 'N');
INSERT INTO casj_inasistencias (id_club, id_grupo, fecha_reunion, id_miembro, asistencia) VALUES (5, 3, TO_DATE('2025-03-26', 'YYYY-MM-DD'), 60, 'N');
INSERT INTO casj_inasistencias (id_club, id_grupo, fecha_reunion, id_miembro, asistencia) VALUES (5, 3, TO_DATE('2025-04-21', 'YYYY-MM-DD'), 58, 'N');
INSERT INTO casj_inasistencias (id_club, id_grupo, fecha_reunion, id_miembro, asistencia) VALUES (5, 3, TO_DATE('2025-06-09', 'YYYY-MM-DD'), 57, 'N');
INSERT INTO casj_inasistencias (id_club, id_grupo, fecha_reunion, id_miembro, asistencia) VALUES (5, 3, TO_DATE('2025-06-09', 'YYYY-MM-DD'), 59, 'N');
INSERT INTO casj_inasistencias (id_club, id_grupo, fecha_reunion, id_miembro, asistencia) VALUES (5, 3, TO_DATE('2025-09-15', 'YYYY-MM-DD'), 60, 'N');
INSERT INTO casj_inasistencias (id_club, id_grupo, fecha_reunion, id_miembro, asistencia) VALUES (5, 3, TO_DATE('2026-01-01', 'YYYY-MM-DD'), 59, 'N');
INSERT INTO casj_inasistencias (id_club, id_grupo, fecha_reunion, id_miembro, asistencia) VALUES (6, 1, TO_DATE('2024-11-01', 'YYYY-MM-DD'), 61, 'N');
INSERT INTO casj_inasistencias (id_club, id_grupo, fecha_reunion, id_miembro, asistencia) VALUES (6, 1, TO_DATE('2024-11-01', 'YYYY-MM-DD'), 62, 'N');
INSERT INTO casj_inasistencias (id_club, id_grupo, fecha_reunion, id_miembro, asistencia) VALUES (6, 1, TO_DATE('2024-11-25', 'YYYY-MM-DD'), 63, 'N');
INSERT INTO casj_inasistencias (id_club, id_grupo, fecha_reunion, id_miembro, asistencia) VALUES (6, 1, TO_DATE('2024-12-18', 'YYYY-MM-DD'), 64, 'N');
INSERT INTO casj_inasistencias (id_club, id_grupo, fecha_reunion, id_miembro, asistencia) VALUES (6, 1, TO_DATE('2025-01-14', 'YYYY-MM-DD'), 61, 'N');
INSERT INTO casj_inasistencias (id_club, id_grupo, fecha_reunion, id_miembro, asistencia) VALUES (6, 1, TO_DATE('2025-01-14', 'YYYY-MM-DD'), 63, 'N');
INSERT INTO casj_inasistencias (id_club, id_grupo, fecha_reunion, id_miembro, asistencia) VALUES (6, 1, TO_DATE('2025-03-31', 'YYYY-MM-DD'), 61, 'N');
INSERT INTO casj_inasistencias (id_club, id_grupo, fecha_reunion, id_miembro, asistencia) VALUES (6, 1, TO_DATE('2025-03-31', 'YYYY-MM-DD'), 62, 'N');
INSERT INTO casj_inasistencias (id_club, id_grupo, fecha_reunion, id_miembro, asistencia) VALUES (6, 1, TO_DATE('2025-04-24', 'YYYY-MM-DD'), 62, 'N');
INSERT INTO casj_inasistencias (id_club, id_grupo, fecha_reunion, id_miembro, asistencia) VALUES (6, 1, TO_DATE('2025-07-18', 'YYYY-MM-DD'), 61, 'N');
INSERT INTO casj_inasistencias (id_club, id_grupo, fecha_reunion, id_miembro, asistencia) VALUES (6, 1, TO_DATE('2025-10-22', 'YYYY-MM-DD'), 64, 'N');
INSERT INTO casj_inasistencias (id_club, id_grupo, fecha_reunion, id_miembro, asistencia) VALUES (6, 1, TO_DATE('2025-11-12', 'YYYY-MM-DD'), 62, 'N');
INSERT INTO casj_inasistencias (id_club, id_grupo, fecha_reunion, id_miembro, asistencia) VALUES (6, 1, TO_DATE('2025-12-09', 'YYYY-MM-DD'), 61, 'N');
INSERT INTO casj_inasistencias (id_club, id_grupo, fecha_reunion, id_miembro, asistencia) VALUES (6, 1, TO_DATE('2025-12-09', 'YYYY-MM-DD'), 64, 'N');
INSERT INTO casj_inasistencias (id_club, id_grupo, fecha_reunion, id_miembro, asistencia) VALUES (6, 1, TO_DATE('2026-01-08', 'YYYY-MM-DD'), 61, 'N');
INSERT INTO casj_inasistencias (id_club, id_grupo, fecha_reunion, id_miembro, asistencia) VALUES (6, 1, TO_DATE('2026-01-15', 'YYYY-MM-DD'), 62, 'N');
INSERT INTO casj_inasistencias (id_club, id_grupo, fecha_reunion, id_miembro, asistencia) VALUES (6, 1, TO_DATE('2026-01-29', 'YYYY-MM-DD'), 62, 'N');
INSERT INTO casj_inasistencias (id_club, id_grupo, fecha_reunion, id_miembro, asistencia) VALUES (6, 1, TO_DATE('2026-02-05', 'YYYY-MM-DD'), 61, 'N');
INSERT INTO casj_inasistencias (id_club, id_grupo, fecha_reunion, id_miembro, asistencia) VALUES (6, 1, TO_DATE('2026-02-05', 'YYYY-MM-DD'), 62, 'N');
INSERT INTO casj_inasistencias (id_club, id_grupo, fecha_reunion, id_miembro, asistencia) VALUES (6, 1, TO_DATE('2026-02-19', 'YYYY-MM-DD'), 63, 'N');
INSERT INTO casj_inasistencias (id_club, id_grupo, fecha_reunion, id_miembro, asistencia) VALUES (6, 1, TO_DATE('2026-03-05', 'YYYY-MM-DD'), 63, 'N');
INSERT INTO casj_inasistencias (id_club, id_grupo, fecha_reunion, id_miembro, asistencia) VALUES (6, 1, TO_DATE('2026-03-12', 'YYYY-MM-DD'), 61, 'N');
INSERT INTO casj_inasistencias (id_club, id_grupo, fecha_reunion, id_miembro, asistencia) VALUES (6, 1, TO_DATE('2026-03-12', 'YYYY-MM-DD'), 64, 'N');
INSERT INTO casj_inasistencias (id_club, id_grupo, fecha_reunion, id_miembro, asistencia) VALUES (6, 1, TO_DATE('2026-03-26', 'YYYY-MM-DD'), 63, 'N');
INSERT INTO casj_inasistencias (id_club, id_grupo, fecha_reunion, id_miembro, asistencia) VALUES (6, 1, TO_DATE('2026-04-02', 'YYYY-MM-DD'), 64, 'N');
INSERT INTO casj_inasistencias (id_club, id_grupo, fecha_reunion, id_miembro, asistencia) VALUES (6, 1, TO_DATE('2026-04-23', 'YYYY-MM-DD'), 61, 'N');
INSERT INTO casj_inasistencias (id_club, id_grupo, fecha_reunion, id_miembro, asistencia) VALUES (6, 1, TO_DATE('2026-04-23', 'YYYY-MM-DD'), 62, 'N');
INSERT INTO casj_inasistencias (id_club, id_grupo, fecha_reunion, id_miembro, asistencia) VALUES (6, 2, TO_DATE('2024-02-14', 'YYYY-MM-DD'), 65, 'N');
INSERT INTO casj_inasistencias (id_club, id_grupo, fecha_reunion, id_miembro, asistencia) VALUES (6, 2, TO_DATE('2024-02-14', 'YYYY-MM-DD'), 68, 'N');
INSERT INTO casj_inasistencias (id_club, id_grupo, fecha_reunion, id_miembro, asistencia) VALUES (6, 2, TO_DATE('2024-03-10', 'YYYY-MM-DD'), 65, 'N');
INSERT INTO casj_inasistencias (id_club, id_grupo, fecha_reunion, id_miembro, asistencia) VALUES (6, 2, TO_DATE('2024-05-06', 'YYYY-MM-DD'), 66, 'N');
INSERT INTO casj_inasistencias (id_club, id_grupo, fecha_reunion, id_miembro, asistencia) VALUES (6, 2, TO_DATE('2024-05-06', 'YYYY-MM-DD'), 67, 'N');
INSERT INTO casj_inasistencias (id_club, id_grupo, fecha_reunion, id_miembro, asistencia) VALUES (6, 2, TO_DATE('2024-05-28', 'YYYY-MM-DD'), 67, 'N');
INSERT INTO casj_inasistencias (id_club, id_grupo, fecha_reunion, id_miembro, asistencia) VALUES (6, 2, TO_DATE('2024-06-25', 'YYYY-MM-DD'), 65, 'N');
INSERT INTO casj_inasistencias (id_club, id_grupo, fecha_reunion, id_miembro, asistencia) VALUES (6, 2, TO_DATE('2024-09-12', 'YYYY-MM-DD'), 65, 'N');
INSERT INTO casj_inasistencias (id_club, id_grupo, fecha_reunion, id_miembro, asistencia) VALUES (6, 2, TO_DATE('2024-10-12', 'YYYY-MM-DD'), 67, 'N');
INSERT INTO casj_inasistencias (id_club, id_grupo, fecha_reunion, id_miembro, asistencia) VALUES (6, 2, TO_DATE('2024-11-29', 'YYYY-MM-DD'), 66, 'N');
INSERT INTO casj_inasistencias (id_club, id_grupo, fecha_reunion, id_miembro, asistencia) VALUES (6, 2, TO_DATE('2024-12-23', 'YYYY-MM-DD'), 66, 'N');
INSERT INTO casj_inasistencias (id_club, id_grupo, fecha_reunion, id_miembro, asistencia) VALUES (6, 2, TO_DATE('2025-01-12', 'YYYY-MM-DD'), 66, 'N');
INSERT INTO casj_inasistencias (id_club, id_grupo, fecha_reunion, id_miembro, asistencia) VALUES (6, 2, TO_DATE('2025-01-12', 'YYYY-MM-DD'), 67, 'N');
INSERT INTO casj_inasistencias (id_club, id_grupo, fecha_reunion, id_miembro, asistencia) VALUES (6, 2, TO_DATE('2025-01-12', 'YYYY-MM-DD'), 68, 'N');
INSERT INTO casj_inasistencias (id_club, id_grupo, fecha_reunion, id_miembro, asistencia) VALUES (6, 2, TO_DATE('2025-02-02', 'YYYY-MM-DD'), 66, 'N');
INSERT INTO casj_inasistencias (id_club, id_grupo, fecha_reunion, id_miembro, asistencia) VALUES (6, 2, TO_DATE('2025-06-18', 'YYYY-MM-DD'), 65, 'N');
INSERT INTO casj_inasistencias (id_club, id_grupo, fecha_reunion, id_miembro, asistencia) VALUES (6, 2, TO_DATE('2025-06-18', 'YYYY-MM-DD'), 68, 'N');
INSERT INTO casj_inasistencias (id_club, id_grupo, fecha_reunion, id_miembro, asistencia) VALUES (6, 2, TO_DATE('2025-08-30', 'YYYY-MM-DD'), 65, 'N');
INSERT INTO casj_inasistencias (id_club, id_grupo, fecha_reunion, id_miembro, asistencia) VALUES (6, 2, TO_DATE('2025-08-30', 'YYYY-MM-DD'), 67, 'N');
INSERT INTO casj_inasistencias (id_club, id_grupo, fecha_reunion, id_miembro, asistencia) VALUES (6, 2, TO_DATE('2025-10-13', 'YYYY-MM-DD'), 65, 'N');
INSERT INTO casj_inasistencias (id_club, id_grupo, fecha_reunion, id_miembro, asistencia) VALUES (6, 3, TO_DATE('2024-10-01', 'YYYY-MM-DD'), 70, 'N');
INSERT INTO casj_inasistencias (id_club, id_grupo, fecha_reunion, id_miembro, asistencia) VALUES (6, 3, TO_DATE('2025-01-07', 'YYYY-MM-DD'), 69, 'N');
INSERT INTO casj_inasistencias (id_club, id_grupo, fecha_reunion, id_miembro, asistencia) VALUES (6, 3, TO_DATE('2025-01-07', 'YYYY-MM-DD'), 70, 'N');
INSERT INTO casj_inasistencias (id_club, id_grupo, fecha_reunion, id_miembro, asistencia) VALUES (6, 3, TO_DATE('2025-01-07', 'YYYY-MM-DD'), 71, 'N');
INSERT INTO casj_inasistencias (id_club, id_grupo, fecha_reunion, id_miembro, asistencia) VALUES (6, 3, TO_DATE('2025-01-31', 'YYYY-MM-DD'), 70, 'N');
INSERT INTO casj_inasistencias (id_club, id_grupo, fecha_reunion, id_miembro, asistencia) VALUES (6, 3, TO_DATE('2025-03-02', 'YYYY-MM-DD'), 69, 'N');
INSERT INTO casj_inasistencias (id_club, id_grupo, fecha_reunion, id_miembro, asistencia) VALUES (6, 3, TO_DATE('2025-03-25', 'YYYY-MM-DD'), 72, 'N');
INSERT INTO casj_inasistencias (id_club, id_grupo, fecha_reunion, id_miembro, asistencia) VALUES (6, 3, TO_DATE('2025-04-23', 'YYYY-MM-DD'), 70, 'N');
INSERT INTO casj_inasistencias (id_club, id_grupo, fecha_reunion, id_miembro, asistencia) VALUES (6, 3, TO_DATE('2025-04-23', 'YYYY-MM-DD'), 71, 'N');
INSERT INTO casj_inasistencias (id_club, id_grupo, fecha_reunion, id_miembro, asistencia) VALUES (6, 3, TO_DATE('2025-05-23', 'YYYY-MM-DD'), 69, 'N');
INSERT INTO casj_inasistencias (id_club, id_grupo, fecha_reunion, id_miembro, asistencia) VALUES (6, 3, TO_DATE('2025-05-23', 'YYYY-MM-DD'), 71, 'N');
INSERT INTO casj_inasistencias (id_club, id_grupo, fecha_reunion, id_miembro, asistencia) VALUES (6, 3, TO_DATE('2025-06-18', 'YYYY-MM-DD'), 69, 'N');
INSERT INTO casj_inasistencias (id_club, id_grupo, fecha_reunion, id_miembro, asistencia) VALUES (6, 3, TO_DATE('2025-06-18', 'YYYY-MM-DD'), 71, 'N');
INSERT INTO casj_inasistencias (id_club, id_grupo, fecha_reunion, id_miembro, asistencia) VALUES (6, 3, TO_DATE('2025-07-16', 'YYYY-MM-DD'), 71, 'N');
INSERT INTO casj_inasistencias (id_club, id_grupo, fecha_reunion, id_miembro, asistencia) VALUES (6, 3, TO_DATE('2025-08-06', 'YYYY-MM-DD'), 71, 'N');
INSERT INTO casj_inasistencias (id_club, id_grupo, fecha_reunion, id_miembro, asistencia) VALUES (6, 3, TO_DATE('2025-09-01', 'YYYY-MM-DD'), 71, 'N');
INSERT INTO casj_inasistencias (id_club, id_grupo, fecha_reunion, id_miembro, asistencia) VALUES (6, 3, TO_DATE('2025-09-22', 'YYYY-MM-DD'), 72, 'N');
INSERT INTO casj_inasistencias (id_club, id_grupo, fecha_reunion, id_miembro, asistencia) VALUES (6, 3, TO_DATE('2025-12-05', 'YYYY-MM-DD'), 69, 'N');
INSERT INTO casj_inasistencias (id_club, id_grupo, fecha_reunion, id_miembro, asistencia) VALUES (6, 3, TO_DATE('2025-12-25', 'YYYY-MM-DD'), 70, 'N');
INSERT INTO casj_inasistencias (id_club, id_grupo, fecha_reunion, id_miembro, asistencia) VALUES (6, 3, TO_DATE('2025-12-25', 'YYYY-MM-DD'), 71, 'N');
INSERT INTO casj_inasistencias (id_club, id_grupo, fecha_reunion, id_miembro, asistencia) VALUES (6, 3, TO_DATE('2026-01-18', 'YYYY-MM-DD'), 70, 'N');
INSERT INTO casj_inasistencias (id_club, id_grupo, fecha_reunion, id_miembro, asistencia) VALUES (6, 3, TO_DATE('2026-01-25', 'YYYY-MM-DD'), 69, 'N');
INSERT INTO casj_inasistencias (id_club, id_grupo, fecha_reunion, id_miembro, asistencia) VALUES (6, 3, TO_DATE('2026-01-25', 'YYYY-MM-DD'), 71, 'N');
INSERT INTO casj_inasistencias (id_club, id_grupo, fecha_reunion, id_miembro, asistencia) VALUES (6, 3, TO_DATE('2026-02-08', 'YYYY-MM-DD'), 71, 'N');
INSERT INTO casj_inasistencias (id_club, id_grupo, fecha_reunion, id_miembro, asistencia) VALUES (6, 3, TO_DATE('2026-03-01', 'YYYY-MM-DD'), 69, 'N');
INSERT INTO casj_inasistencias (id_club, id_grupo, fecha_reunion, id_miembro, asistencia) VALUES (6, 3, TO_DATE('2026-03-01', 'YYYY-MM-DD'), 70, 'N');
INSERT INTO casj_inasistencias (id_club, id_grupo, fecha_reunion, id_miembro, asistencia) VALUES (6, 3, TO_DATE('2026-03-15', 'YYYY-MM-DD'), 69, 'N');
INSERT INTO casj_inasistencias (id_club, id_grupo, fecha_reunion, id_miembro, asistencia) VALUES (7, 1, TO_DATE('2024-11-15', 'YYYY-MM-DD'), 73, 'N');
INSERT INTO casj_inasistencias (id_club, id_grupo, fecha_reunion, id_miembro, asistencia) VALUES (7, 1, TO_DATE('2024-11-15', 'YYYY-MM-DD'), 74, 'N');
INSERT INTO casj_inasistencias (id_club, id_grupo, fecha_reunion, id_miembro, asistencia) VALUES (7, 1, TO_DATE('2024-12-09', 'YYYY-MM-DD'), 75, 'N');
INSERT INTO casj_inasistencias (id_club, id_grupo, fecha_reunion, id_miembro, asistencia) VALUES (7, 1, TO_DATE('2025-05-08', 'YYYY-MM-DD'), 75, 'N');
INSERT INTO casj_inasistencias (id_club, id_grupo, fecha_reunion, id_miembro, asistencia) VALUES (7, 1, TO_DATE('2025-06-23', 'YYYY-MM-DD'), 74, 'N');
INSERT INTO casj_inasistencias (id_club, id_grupo, fecha_reunion, id_miembro, asistencia) VALUES (7, 1, TO_DATE('2025-06-23', 'YYYY-MM-DD'), 76, 'N');
INSERT INTO casj_inasistencias (id_club, id_grupo, fecha_reunion, id_miembro, asistencia) VALUES (7, 1, TO_DATE('2025-07-20', 'YYYY-MM-DD'), 73, 'N');
INSERT INTO casj_inasistencias (id_club, id_grupo, fecha_reunion, id_miembro, asistencia) VALUES (7, 1, TO_DATE('2025-07-20', 'YYYY-MM-DD'), 74, 'N');
INSERT INTO casj_inasistencias (id_club, id_grupo, fecha_reunion, id_miembro, asistencia) VALUES (7, 1, TO_DATE('2025-08-11', 'YYYY-MM-DD'), 73, 'N');
INSERT INTO casj_inasistencias (id_club, id_grupo, fecha_reunion, id_miembro, asistencia) VALUES (7, 1, TO_DATE('2025-08-11', 'YYYY-MM-DD'), 75, 'N');
INSERT INTO casj_inasistencias (id_club, id_grupo, fecha_reunion, id_miembro, asistencia) VALUES (7, 1, TO_DATE('2025-08-11', 'YYYY-MM-DD'), 76, 'N');
INSERT INTO casj_inasistencias (id_club, id_grupo, fecha_reunion, id_miembro, asistencia) VALUES (7, 1, TO_DATE('2025-11-28', 'YYYY-MM-DD'), 75, 'N');
INSERT INTO casj_inasistencias (id_club, id_grupo, fecha_reunion, id_miembro, asistencia) VALUES (7, 1, TO_DATE('2025-12-28', 'YYYY-MM-DD'), 75, 'N');
INSERT INTO casj_inasistencias (id_club, id_grupo, fecha_reunion, id_miembro, asistencia) VALUES (7, 1, TO_DATE('2025-12-28', 'YYYY-MM-DD'), 76, 'N');
INSERT INTO casj_inasistencias (id_club, id_grupo, fecha_reunion, id_miembro, asistencia) VALUES (7, 1, TO_DATE('2026-01-20', 'YYYY-MM-DD'), 74, 'N');
INSERT INTO casj_inasistencias (id_club, id_grupo, fecha_reunion, id_miembro, asistencia) VALUES (7, 1, TO_DATE('2026-01-20', 'YYYY-MM-DD'), 75, 'N');
INSERT INTO casj_inasistencias (id_club, id_grupo, fecha_reunion, id_miembro, asistencia) VALUES (7, 1, TO_DATE('2026-02-03', 'YYYY-MM-DD'), 75, 'N');
INSERT INTO casj_inasistencias (id_club, id_grupo, fecha_reunion, id_miembro, asistencia) VALUES (7, 1, TO_DATE('2026-02-03', 'YYYY-MM-DD'), 76, 'N');
INSERT INTO casj_inasistencias (id_club, id_grupo, fecha_reunion, id_miembro, asistencia) VALUES (7, 1, TO_DATE('2026-02-17', 'YYYY-MM-DD'), 76, 'N');
INSERT INTO casj_inasistencias (id_club, id_grupo, fecha_reunion, id_miembro, asistencia) VALUES (7, 1, TO_DATE('2026-03-03', 'YYYY-MM-DD'), 73, 'N');
INSERT INTO casj_inasistencias (id_club, id_grupo, fecha_reunion, id_miembro, asistencia) VALUES (7, 1, TO_DATE('2026-03-03', 'YYYY-MM-DD'), 74, 'N');
INSERT INTO casj_inasistencias (id_club, id_grupo, fecha_reunion, id_miembro, asistencia) VALUES (7, 1, TO_DATE('2026-03-31', 'YYYY-MM-DD'), 75, 'N');
INSERT INTO casj_inasistencias (id_club, id_grupo, fecha_reunion, id_miembro, asistencia) VALUES (7, 1, TO_DATE('2026-03-31', 'YYYY-MM-DD'), 76, 'N');
INSERT INTO casj_inasistencias (id_club, id_grupo, fecha_reunion, id_miembro, asistencia) VALUES (7, 1, TO_DATE('2026-04-07', 'YYYY-MM-DD'), 73, 'N');
INSERT INTO casj_inasistencias (id_club, id_grupo, fecha_reunion, id_miembro, asistencia) VALUES (7, 2, TO_DATE('2025-05-27', 'YYYY-MM-DD'), 77, 'N');
INSERT INTO casj_inasistencias (id_club, id_grupo, fecha_reunion, id_miembro, asistencia) VALUES (7, 2, TO_DATE('2025-05-27', 'YYYY-MM-DD'), 80, 'N');
INSERT INTO casj_inasistencias (id_club, id_grupo, fecha_reunion, id_miembro, asistencia) VALUES (7, 2, TO_DATE('2025-06-17', 'YYYY-MM-DD'), 79, 'N');
INSERT INTO casj_inasistencias (id_club, id_grupo, fecha_reunion, id_miembro, asistencia) VALUES (7, 2, TO_DATE('2025-08-29', 'YYYY-MM-DD'), 77, 'N');
INSERT INTO casj_inasistencias (id_club, id_grupo, fecha_reunion, id_miembro, asistencia) VALUES (7, 2, TO_DATE('2025-09-26', 'YYYY-MM-DD'), 80, 'N');
INSERT INTO casj_inasistencias (id_club, id_grupo, fecha_reunion, id_miembro, asistencia) VALUES (7, 2, TO_DATE('2025-10-16', 'YYYY-MM-DD'), 77, 'N');
INSERT INTO casj_inasistencias (id_club, id_grupo, fecha_reunion, id_miembro, asistencia) VALUES (7, 2, TO_DATE('2025-11-12', 'YYYY-MM-DD'), 80, 'N');
INSERT INTO casj_inasistencias (id_club, id_grupo, fecha_reunion, id_miembro, asistencia) VALUES (7, 2, TO_DATE('2026-01-19', 'YYYY-MM-DD'), 77, 'N');
INSERT INTO casj_inasistencias (id_club, id_grupo, fecha_reunion, id_miembro, asistencia) VALUES (7, 2, TO_DATE('2026-01-26', 'YYYY-MM-DD'), 80, 'N');
INSERT INTO casj_inasistencias (id_club, id_grupo, fecha_reunion, id_miembro, asistencia) VALUES (7, 2, TO_DATE('2026-02-09', 'YYYY-MM-DD'), 77, 'N');
INSERT INTO casj_inasistencias (id_club, id_grupo, fecha_reunion, id_miembro, asistencia) VALUES (7, 2, TO_DATE('2026-03-09', 'YYYY-MM-DD'), 78, 'N');
INSERT INTO casj_inasistencias (id_club, id_grupo, fecha_reunion, id_miembro, asistencia) VALUES (7, 2, TO_DATE('2026-03-09', 'YYYY-MM-DD'), 79, 'N');
INSERT INTO casj_inasistencias (id_club, id_grupo, fecha_reunion, id_miembro, asistencia) VALUES (7, 2, TO_DATE('2026-03-16', 'YYYY-MM-DD'), 78, 'N');
INSERT INTO casj_inasistencias (id_club, id_grupo, fecha_reunion, id_miembro, asistencia) VALUES (7, 2, TO_DATE('2026-03-23', 'YYYY-MM-DD'), 79, 'N');
INSERT INTO casj_inasistencias (id_club, id_grupo, fecha_reunion, id_miembro, asistencia) VALUES (7, 2, TO_DATE('2026-03-30', 'YYYY-MM-DD'), 77, 'N');
INSERT INTO casj_inasistencias (id_club, id_grupo, fecha_reunion, id_miembro, asistencia) VALUES (7, 2, TO_DATE('2026-03-30', 'YYYY-MM-DD'), 79, 'N');
INSERT INTO casj_inasistencias (id_club, id_grupo, fecha_reunion, id_miembro, asistencia) VALUES (7, 2, TO_DATE('2026-04-20', 'YYYY-MM-DD'), 79, 'N');
INSERT INTO casj_inasistencias (id_club, id_grupo, fecha_reunion, id_miembro, asistencia) VALUES (7, 2, TO_DATE('2026-05-11', 'YYYY-MM-DD'), 77, 'N');
INSERT INTO casj_inasistencias (id_club, id_grupo, fecha_reunion, id_miembro, asistencia) VALUES (7, 2, TO_DATE('2026-05-11', 'YYYY-MM-DD'), 78, 'N');
INSERT INTO casj_inasistencias (id_club, id_grupo, fecha_reunion, id_miembro, asistencia) VALUES (7, 2, TO_DATE('2026-05-18', 'YYYY-MM-DD'), 77, 'N');
INSERT INTO casj_inasistencias (id_club, id_grupo, fecha_reunion, id_miembro, asistencia) VALUES (7, 2, TO_DATE('2026-05-18', 'YYYY-MM-DD'), 80, 'N');
INSERT INTO casj_inasistencias (id_club, id_grupo, fecha_reunion, id_miembro, asistencia) VALUES (7, 2, TO_DATE('2026-06-08', 'YYYY-MM-DD'), 78, 'N');
INSERT INTO casj_inasistencias (id_club, id_grupo, fecha_reunion, id_miembro, asistencia) VALUES (7, 2, TO_DATE('2026-06-08', 'YYYY-MM-DD'), 79, 'N');
INSERT INTO casj_inasistencias (id_club, id_grupo, fecha_reunion, id_miembro, asistencia) VALUES (7, 3, TO_DATE('2025-06-24', 'YYYY-MM-DD'), 81, 'N');
INSERT INTO casj_inasistencias (id_club, id_grupo, fecha_reunion, id_miembro, asistencia) VALUES (7, 3, TO_DATE('2025-06-24', 'YYYY-MM-DD'), 82, 'N');
INSERT INTO casj_inasistencias (id_club, id_grupo, fecha_reunion, id_miembro, asistencia) VALUES (7, 3, TO_DATE('2025-08-29', 'YYYY-MM-DD'), 83, 'N');
INSERT INTO casj_inasistencias (id_club, id_grupo, fecha_reunion, id_miembro, asistencia) VALUES (7, 3, TO_DATE('2025-08-29', 'YYYY-MM-DD'), 84, 'N');
INSERT INTO casj_inasistencias (id_club, id_grupo, fecha_reunion, id_miembro, asistencia) VALUES (7, 3, TO_DATE('2025-10-20', 'YYYY-MM-DD'), 81, 'N');
INSERT INTO casj_inasistencias (id_club, id_grupo, fecha_reunion, id_miembro, asistencia) VALUES (7, 3, TO_DATE('2025-10-20', 'YYYY-MM-DD'), 82, 'N');
INSERT INTO casj_inasistencias (id_club, id_grupo, fecha_reunion, id_miembro, asistencia) VALUES (7, 3, TO_DATE('2025-10-20', 'YYYY-MM-DD'), 83, 'N');
INSERT INTO casj_inasistencias (id_club, id_grupo, fecha_reunion, id_miembro, asistencia) VALUES (7, 3, TO_DATE('2025-10-20', 'YYYY-MM-DD'), 84, 'N');
INSERT INTO casj_inasistencias (id_club, id_grupo, fecha_reunion, id_miembro, asistencia) VALUES (7, 3, TO_DATE('2025-11-15', 'YYYY-MM-DD'), 83, 'N');
INSERT INTO casj_inasistencias (id_club, id_grupo, fecha_reunion, id_miembro, asistencia) VALUES (7, 3, TO_DATE('2025-12-11', 'YYYY-MM-DD'), 82, 'N');
INSERT INTO casj_inasistencias (id_club, id_grupo, fecha_reunion, id_miembro, asistencia) VALUES (7, 3, TO_DATE('2025-12-11', 'YYYY-MM-DD'), 84, 'N');
INSERT INTO casj_inasistencias (id_club, id_grupo, fecha_reunion, id_miembro, asistencia) VALUES (7, 3, TO_DATE('2026-01-14', 'YYYY-MM-DD'), 83, 'N');
INSERT INTO casj_inasistencias (id_club, id_grupo, fecha_reunion, id_miembro, asistencia) VALUES (7, 3, TO_DATE('2026-01-21', 'YYYY-MM-DD'), 81, 'N');
INSERT INTO casj_inasistencias (id_club, id_grupo, fecha_reunion, id_miembro, asistencia) VALUES (7, 3, TO_DATE('2026-02-04', 'YYYY-MM-DD'), 84, 'N');
INSERT INTO casj_inasistencias (id_club, id_grupo, fecha_reunion, id_miembro, asistencia) VALUES (7, 3, TO_DATE('2026-03-04', 'YYYY-MM-DD'), 83, 'N');
INSERT INTO casj_inasistencias (id_club, id_grupo, fecha_reunion, id_miembro, asistencia) VALUES (7, 3, TO_DATE('2026-03-11', 'YYYY-MM-DD'), 84, 'N');
INSERT INTO casj_inasistencias (id_club, id_grupo, fecha_reunion, id_miembro, asistencia) VALUES (7, 3, TO_DATE('2026-03-18', 'YYYY-MM-DD'), 84, 'N');
INSERT INTO casj_inasistencias (id_club, id_grupo, fecha_reunion, id_miembro, asistencia) VALUES (7, 3, TO_DATE('2026-03-25', 'YYYY-MM-DD'), 84, 'N');
INSERT INTO casj_inasistencias (id_club, id_grupo, fecha_reunion, id_miembro, asistencia) VALUES (7, 3, TO_DATE('2026-04-08', 'YYYY-MM-DD'), 81, 'N');
INSERT INTO casj_inasistencias (id_club, id_grupo, fecha_reunion, id_miembro, asistencia) VALUES (7, 3, TO_DATE('2026-05-06', 'YYYY-MM-DD'), 81, 'N');
INSERT INTO casj_inasistencias (id_club, id_grupo, fecha_reunion, id_miembro, asistencia) VALUES (7, 3, TO_DATE('2026-05-13', 'YYYY-MM-DD'), 83, 'N');
INSERT INTO casj_inasistencias (id_club, id_grupo, fecha_reunion, id_miembro, asistencia) VALUES (7, 3, TO_DATE('2026-05-13', 'YYYY-MM-DD'), 84, 'N');
INSERT INTO casj_inasistencias (id_club, id_grupo, fecha_reunion, id_miembro, asistencia) VALUES (7, 3, TO_DATE('2026-05-20', 'YYYY-MM-DD'), 81, 'N');
INSERT INTO casj_inasistencias (id_club, id_grupo, fecha_reunion, id_miembro, asistencia) VALUES (7, 3, TO_DATE('2026-05-20', 'YYYY-MM-DD'), 83, 'N');
INSERT INTO casj_inasistencias (id_club, id_grupo, fecha_reunion, id_miembro, asistencia) VALUES (7, 3, TO_DATE('2026-05-20', 'YYYY-MM-DD'), 84, 'N');
INSERT INTO casj_inasistencias (id_club, id_grupo, fecha_reunion, id_miembro, asistencia) VALUES (7, 3, TO_DATE('2026-06-03', 'YYYY-MM-DD'), 81, 'N');
INSERT INTO casj_inasistencias (id_club, id_grupo, fecha_reunion, id_miembro, asistencia) VALUES (8, 1, TO_DATE('2024-02-08', 'YYYY-MM-DD'), 88, 'N');
INSERT INTO casj_inasistencias (id_club, id_grupo, fecha_reunion, id_miembro, asistencia) VALUES (8, 1, TO_DATE('2024-03-09', 'YYYY-MM-DD'), 86, 'N');
INSERT INTO casj_inasistencias (id_club, id_grupo, fecha_reunion, id_miembro, asistencia) VALUES (8, 1, TO_DATE('2024-03-09', 'YYYY-MM-DD'), 88, 'N');
INSERT INTO casj_inasistencias (id_club, id_grupo, fecha_reunion, id_miembro, asistencia) VALUES (8, 1, TO_DATE('2024-04-06', 'YYYY-MM-DD'), 88, 'N');
INSERT INTO casj_inasistencias (id_club, id_grupo, fecha_reunion, id_miembro, asistencia) VALUES (8, 1, TO_DATE('2024-05-28', 'YYYY-MM-DD'), 86, 'N');
INSERT INTO casj_inasistencias (id_club, id_grupo, fecha_reunion, id_miembro, asistencia) VALUES (8, 1, TO_DATE('2024-07-17', 'YYYY-MM-DD'), 88, 'N');
INSERT INTO casj_inasistencias (id_club, id_grupo, fecha_reunion, id_miembro, asistencia) VALUES (8, 1, TO_DATE('2024-09-04', 'YYYY-MM-DD'), 85, 'N');
INSERT INTO casj_inasistencias (id_club, id_grupo, fecha_reunion, id_miembro, asistencia) VALUES (8, 1, TO_DATE('2024-09-27', 'YYYY-MM-DD'), 85, 'N');
INSERT INTO casj_inasistencias (id_club, id_grupo, fecha_reunion, id_miembro, asistencia) VALUES (8, 1, TO_DATE('2024-09-27', 'YYYY-MM-DD'), 88, 'N');
INSERT INTO casj_inasistencias (id_club, id_grupo, fecha_reunion, id_miembro, asistencia) VALUES (8, 1, TO_DATE('2024-10-18', 'YYYY-MM-DD'), 86, 'N');
INSERT INTO casj_inasistencias (id_club, id_grupo, fecha_reunion, id_miembro, asistencia) VALUES (8, 1, TO_DATE('2024-10-18', 'YYYY-MM-DD'), 88, 'N');
INSERT INTO casj_inasistencias (id_club, id_grupo, fecha_reunion, id_miembro, asistencia) VALUES (8, 1, TO_DATE('2024-11-07', 'YYYY-MM-DD'), 85, 'N');
INSERT INTO casj_inasistencias (id_club, id_grupo, fecha_reunion, id_miembro, asistencia) VALUES (8, 1, TO_DATE('2024-12-03', 'YYYY-MM-DD'), 86, 'N');
INSERT INTO casj_inasistencias (id_club, id_grupo, fecha_reunion, id_miembro, asistencia) VALUES (8, 1, TO_DATE('2024-12-03', 'YYYY-MM-DD'), 87, 'N');
INSERT INTO casj_inasistencias (id_club, id_grupo, fecha_reunion, id_miembro, asistencia) VALUES (8, 1, TO_DATE('2024-12-03', 'YYYY-MM-DD'), 88, 'N');
INSERT INTO casj_inasistencias (id_club, id_grupo, fecha_reunion, id_miembro, asistencia) VALUES (8, 1, TO_DATE('2025-01-24', 'YYYY-MM-DD'), 85, 'N');
INSERT INTO casj_inasistencias (id_club, id_grupo, fecha_reunion, id_miembro, asistencia) VALUES (8, 1, TO_DATE('2025-02-16', 'YYYY-MM-DD'), 85, 'N');
INSERT INTO casj_inasistencias (id_club, id_grupo, fecha_reunion, id_miembro, asistencia) VALUES (8, 1, TO_DATE('2025-03-09', 'YYYY-MM-DD'), 88, 'N');
INSERT INTO casj_inasistencias (id_club, id_grupo, fecha_reunion, id_miembro, asistencia) VALUES (8, 1, TO_DATE('2025-04-07', 'YYYY-MM-DD'), 87, 'N');
INSERT INTO casj_inasistencias (id_club, id_grupo, fecha_reunion, id_miembro, asistencia) VALUES (8, 1, TO_DATE('2025-06-02', 'YYYY-MM-DD'), 85, 'N');
INSERT INTO casj_inasistencias (id_club, id_grupo, fecha_reunion, id_miembro, asistencia) VALUES (8, 1, TO_DATE('2025-06-02', 'YYYY-MM-DD'), 86, 'N');
INSERT INTO casj_inasistencias (id_club, id_grupo, fecha_reunion, id_miembro, asistencia) VALUES (8, 1, TO_DATE('2025-07-15', 'YYYY-MM-DD'), 85, 'N');
INSERT INTO casj_inasistencias (id_club, id_grupo, fecha_reunion, id_miembro, asistencia) VALUES (8, 1, TO_DATE('2025-07-15', 'YYYY-MM-DD'), 86, 'N');
INSERT INTO casj_inasistencias (id_club, id_grupo, fecha_reunion, id_miembro, asistencia) VALUES (8, 2, TO_DATE('2024-09-13', 'YYYY-MM-DD'), 90, 'N');
INSERT INTO casj_inasistencias (id_club, id_grupo, fecha_reunion, id_miembro, asistencia) VALUES (8, 2, TO_DATE('2024-10-06', 'YYYY-MM-DD'), 89, 'N');
INSERT INTO casj_inasistencias (id_club, id_grupo, fecha_reunion, id_miembro, asistencia) VALUES (8, 2, TO_DATE('2024-10-06', 'YYYY-MM-DD'), 90, 'N');
INSERT INTO casj_inasistencias (id_club, id_grupo, fecha_reunion, id_miembro, asistencia) VALUES (8, 2, TO_DATE('2024-12-20', 'YYYY-MM-DD'), 92, 'N');
INSERT INTO casj_inasistencias (id_club, id_grupo, fecha_reunion, id_miembro, asistencia) VALUES (8, 2, TO_DATE('2025-01-15', 'YYYY-MM-DD'), 90, 'N');
INSERT INTO casj_inasistencias (id_club, id_grupo, fecha_reunion, id_miembro, asistencia) VALUES (8, 2, TO_DATE('2025-01-15', 'YYYY-MM-DD'), 92, 'N');
INSERT INTO casj_inasistencias (id_club, id_grupo, fecha_reunion, id_miembro, asistencia) VALUES (8, 2, TO_DATE('2025-02-08', 'YYYY-MM-DD'), 92, 'N');
INSERT INTO casj_inasistencias (id_club, id_grupo, fecha_reunion, id_miembro, asistencia) VALUES (8, 2, TO_DATE('2025-04-20', 'YYYY-MM-DD'), 89, 'N');
INSERT INTO casj_inasistencias (id_club, id_grupo, fecha_reunion, id_miembro, asistencia) VALUES (8, 2, TO_DATE('2025-05-20', 'YYYY-MM-DD'), 90, 'N');
INSERT INTO casj_inasistencias (id_club, id_grupo, fecha_reunion, id_miembro, asistencia) VALUES (8, 2, TO_DATE('2025-05-20', 'YYYY-MM-DD'), 92, 'N');
INSERT INTO casj_inasistencias (id_club, id_grupo, fecha_reunion, id_miembro, asistencia) VALUES (8, 2, TO_DATE('2025-07-12', 'YYYY-MM-DD'), 92, 'N');
INSERT INTO casj_inasistencias (id_club, id_grupo, fecha_reunion, id_miembro, asistencia) VALUES (8, 2, TO_DATE('2025-08-01', 'YYYY-MM-DD'), 89, 'N');
INSERT INTO casj_inasistencias (id_club, id_grupo, fecha_reunion, id_miembro, asistencia) VALUES (8, 2, TO_DATE('2025-08-31', 'YYYY-MM-DD'), 89, 'N');
INSERT INTO casj_inasistencias (id_club, id_grupo, fecha_reunion, id_miembro, asistencia) VALUES (8, 2, TO_DATE('2025-08-31', 'YYYY-MM-DD'), 92, 'N');
INSERT INTO casj_inasistencias (id_club, id_grupo, fecha_reunion, id_miembro, asistencia) VALUES (8, 2, TO_DATE('2025-09-30', 'YYYY-MM-DD'), 92, 'N');
INSERT INTO casj_inasistencias (id_club, id_grupo, fecha_reunion, id_miembro, asistencia) VALUES (8, 2, TO_DATE('2025-10-28', 'YYYY-MM-DD'), 91, 'N');
INSERT INTO casj_inasistencias (id_club, id_grupo, fecha_reunion, id_miembro, asistencia) VALUES (8, 2, TO_DATE('2025-12-18', 'YYYY-MM-DD'), 89, 'N');
INSERT INTO casj_inasistencias (id_club, id_grupo, fecha_reunion, id_miembro, asistencia) VALUES (8, 2, TO_DATE('2025-12-18', 'YYYY-MM-DD'), 90, 'N');
INSERT INTO casj_inasistencias (id_club, id_grupo, fecha_reunion, id_miembro, asistencia) VALUES (8, 2, TO_DATE('2026-01-13', 'YYYY-MM-DD'), 89, 'N');
INSERT INTO casj_inasistencias (id_club, id_grupo, fecha_reunion, id_miembro, asistencia) VALUES (8, 2, TO_DATE('2026-03-03', 'YYYY-MM-DD'), 90, 'N');
INSERT INTO casj_inasistencias (id_club, id_grupo, fecha_reunion, id_miembro, asistencia) VALUES (8, 2, TO_DATE('2026-03-17', 'YYYY-MM-DD'), 89, 'N');
INSERT INTO casj_inasistencias (id_club, id_grupo, fecha_reunion, id_miembro, asistencia) VALUES (8, 2, TO_DATE('2026-03-17', 'YYYY-MM-DD'), 90, 'N');
INSERT INTO casj_inasistencias (id_club, id_grupo, fecha_reunion, id_miembro, asistencia) VALUES (8, 2, TO_DATE('2026-03-17', 'YYYY-MM-DD'), 92, 'N');
INSERT INTO casj_inasistencias (id_club, id_grupo, fecha_reunion, id_miembro, asistencia) VALUES (8, 2, TO_DATE('2026-03-31', 'YYYY-MM-DD'), 89, 'N');
INSERT INTO casj_inasistencias (id_club, id_grupo, fecha_reunion, id_miembro, asistencia) VALUES (8, 2, TO_DATE('2026-04-07', 'YYYY-MM-DD'), 91, 'N');
INSERT INTO casj_inasistencias (id_club, id_grupo, fecha_reunion, id_miembro, asistencia) VALUES (8, 3, TO_DATE('2025-12-24', 'YYYY-MM-DD'), 96, 'N');
INSERT INTO casj_inasistencias (id_club, id_grupo, fecha_reunion, id_miembro, asistencia) VALUES (8, 3, TO_DATE('2026-01-23', 'YYYY-MM-DD'), 93, 'N');
INSERT INTO casj_inasistencias (id_club, id_grupo, fecha_reunion, id_miembro, asistencia) VALUES (8, 3, TO_DATE('2026-02-06', 'YYYY-MM-DD'), 95, 'N');
INSERT INTO casj_inasistencias (id_club, id_grupo, fecha_reunion, id_miembro, asistencia) VALUES (8, 3, TO_DATE('2026-02-13', 'YYYY-MM-DD'), 95, 'N');
INSERT INTO casj_inasistencias (id_club, id_grupo, fecha_reunion, id_miembro, asistencia) VALUES (8, 3, TO_DATE('2026-02-20', 'YYYY-MM-DD'), 93, 'N');
INSERT INTO casj_inasistencias (id_club, id_grupo, fecha_reunion, id_miembro, asistencia) VALUES (8, 3, TO_DATE('2026-02-20', 'YYYY-MM-DD'), 96, 'N');
INSERT INTO casj_inasistencias (id_club, id_grupo, fecha_reunion, id_miembro, asistencia) VALUES (8, 3, TO_DATE('2026-03-13', 'YYYY-MM-DD'), 93, 'N');
INSERT INTO casj_inasistencias (id_club, id_grupo, fecha_reunion, id_miembro, asistencia) VALUES (8, 3, TO_DATE('2026-03-13', 'YYYY-MM-DD'), 94, 'N');
INSERT INTO casj_inasistencias (id_club, id_grupo, fecha_reunion, id_miembro, asistencia) VALUES (8, 3, TO_DATE('2026-03-13', 'YYYY-MM-DD'), 96, 'N');
INSERT INTO casj_inasistencias (id_club, id_grupo, fecha_reunion, id_miembro, asistencia) VALUES (8, 3, TO_DATE('2026-03-20', 'YYYY-MM-DD'), 94, 'N');
INSERT INTO casj_inasistencias (id_club, id_grupo, fecha_reunion, id_miembro, asistencia) VALUES (8, 3, TO_DATE('2026-03-27', 'YYYY-MM-DD'), 93, 'N');
INSERT INTO casj_inasistencias (id_club, id_grupo, fecha_reunion, id_miembro, asistencia) VALUES (8, 3, TO_DATE('2026-03-27', 'YYYY-MM-DD'), 94, 'N');
INSERT INTO casj_inasistencias (id_club, id_grupo, fecha_reunion, id_miembro, asistencia) VALUES (8, 3, TO_DATE('2026-04-03', 'YYYY-MM-DD'), 94, 'N');
INSERT INTO casj_inasistencias (id_club, id_grupo, fecha_reunion, id_miembro, asistencia) VALUES (8, 3, TO_DATE('2026-04-10', 'YYYY-MM-DD'), 94, 'N');
INSERT INTO casj_inasistencias (id_club, id_grupo, fecha_reunion, id_miembro, asistencia) VALUES (8, 3, TO_DATE('2026-04-17', 'YYYY-MM-DD'), 94, 'N');
INSERT INTO casj_inasistencias (id_club, id_grupo, fecha_reunion, id_miembro, asistencia) VALUES (8, 3, TO_DATE('2026-04-24', 'YYYY-MM-DD'), 96, 'N');
INSERT INTO casj_inasistencias (id_club, id_grupo, fecha_reunion, id_miembro, asistencia) VALUES (8, 3, TO_DATE('2026-05-08', 'YYYY-MM-DD'), 94, 'N');
INSERT INTO casj_inasistencias (id_club, id_grupo, fecha_reunion, id_miembro, asistencia) VALUES (8, 3, TO_DATE('2026-05-08', 'YYYY-MM-DD'), 95, 'N');
INSERT INTO casj_inasistencias (id_club, id_grupo, fecha_reunion, id_miembro, asistencia) VALUES (8, 3, TO_DATE('2026-05-15', 'YYYY-MM-DD'), 93, 'N');
INSERT INTO casj_inasistencias (id_club, id_grupo, fecha_reunion, id_miembro, asistencia) VALUES (8, 3, TO_DATE('2026-05-22', 'YYYY-MM-DD'), 93, 'N');
INSERT INTO casj_inasistencias (id_club, id_grupo, fecha_reunion, id_miembro, asistencia) VALUES (8, 3, TO_DATE('2026-05-22', 'YYYY-MM-DD'), 94, 'N');
INSERT INTO casj_inasistencias (id_club, id_grupo, fecha_reunion, id_miembro, asistencia) VALUES (8, 3, TO_DATE('2026-05-29', 'YYYY-MM-DD'), 95, 'N');
INSERT INTO casj_inasistencias (id_club, id_grupo, fecha_reunion, id_miembro, asistencia) VALUES (8, 3, TO_DATE('2026-06-05', 'YYYY-MM-DD'), 93, 'N');
INSERT INTO casj_inasistencias (id_club, id_grupo, fecha_reunion, id_miembro, asistencia) VALUES (8, 3, TO_DATE('2026-06-05', 'YYYY-MM-DD'), 95, 'N');

-- ============================================================
-- FIN DE INSERTS
-- ============================================================
COMMIT;
